ID,Name,City,State,Address,Postal Code,Website URL,Email,Phone,Summary,Organization Type,Reach,Audience Focus,Climate Categories,Original Climate Categories,Action Category,Original Action Category,Verified,Source,Last Updated
00054885-3c60-4fe9-9d55-eec3d9e9ca9b,La Habra Heights Climate Action Committee,La Habra Heights,CA,12345 E. Whittier Blvd,90631,http://www.lhhclimateaction.org,unknown,unknown,The La Habra Heights Climate Action Committee focuses on local climate initiatives and community resilience programs.,Nonprofit / Grassroots,Town / City,['Residents'],['Unknown'],[],Community Engagement,,Not Verified,merge_engine,2026-05-25T03:12:12Z
00074dea-028e-482b-a489-3afdf032fc5f,Greenfield Community College - Environmental Science Program,Greenfield,MA,1 College Drive,01301,https://gcc.mass.edu,unknown,(413) 775-1000,The Environmental Science Program at GCC includes coursework and projects focused on climate change and sustainability.,Academic,Regional,"['Businesses', 'Municipality', 'Residents']","['Environmental', 'Energy Efficiency']",[],Community Engagement,,Not Verified,merge_engine,2026-05-25T03:12:12Z
0037bd6b-6828-4816-b98a-22b0ff2e9d84,Fall River Environmental Justice Initiative,Fall River,MA,321 Justice Blvd,02720,http://fallriverjustice.org,unknown,unknown,Addressing climate impacts on vulnerable communities in Fall River.,Nonprofit / Grassroots,Town / City,['Residents'],['Environmental'],[],Community Engagement,,Not Verified,merge_engine,2026-05-25T03:12:12Z
00619477-a9e8-4e23-91be-d7e139a4afb5,Palo Alto Green Energy,Palo Alto,CA,250 Hamilton Avenue,94301,https://www.cityofpaloalto.org/gov/depts/pwd/greenenergy.asp,unknown,unknown,Palo Alto Green Energy provides renewable energy options and promotes energy efficiency as part of the city's climate action efforts.,Nonprofit / Grassroots,Town / City,"['Municipality', 'Residents']",['Energy Efficiency'],[],Community Engagement,,Not Verified,merge_engine,2026-05-25T03:12:12Z
009adb78-0b75-4d77-b857-b2499670215b,Green Fullerton,Fullerton,CA,"Fullerton, CA",92832,http://www.greenfullerton.org,unknown,unknown,Green Fullerton is focused on sustainability and climate action initiatives in the community.,Nonprofit / Grassroots,unknown,['unknown'],['Unknown'],[],Unknown,,Not Verified,merge_engine,2026-05-25T03:12:12Z
00f6a27a-2353-43ad-9f4c-45cbebc9e7e6,Fresno County Climate Action Collaborative,Fowler,CA,"Fresno, CA",93721,https://www.fresnocountyca.gov/departments/public-health/climate-action-collaborative,unknown,unknown,Fresno County Climate Action Collaborative focuses on climate action and resilience initiatives in the region.,Municipal / Government-affiliated,Regional,"['Businesses', 'Municipality', 'Residents']",['Environmental'],[],Community Engagement,,Not Verified,merge_engine,2026-05-25T03:12:12Z
012c1ea2-0354-4130-b84a-e3626d0572f5,Folsom City Council,Folsom,CA,"50 Natoma Street, Folsom, CA 95630",95630,https://www.folsom.ca.us/city_hall/city_council/climate_action_plan,unknown,unknown,The Folsom City Council has developed a Climate Action Plan to reduce greenhouse gas emissions and promote sustainability.,Municipal / Government-affiliated,Town / City,"['Municipality', 'Residents']",['Environmental'],[],Policy,,Not Verified,merge_engine,2026-05-25T03:12:12Z
012fed1e-eb66-41d3-bc13-c649f5f17996,Central Coast Community Energy (3CE),San Luis Obispo,CA,1026 Palm Street,93401,https://3cenergy.org/,SouthSupport@3CE.org,1-877-455-2223,"Central Coast Community Energy (3CE) is dedicated to providing clean, renewable energy to communities while reducing greenhouse gas emissions. They offer various programs and incentives to support energy efficiency and transportation electrification.",Nonprofit / Grassroots,Regional,"['Businesses', 'Municipality', 'Residents']","['Energy Efficiency', 'Transportation']",[],Community Engagement,,Not Verified,merge_engine,2026-05-25T03:12:12Z
01471169-e579-4057-b98e-864ff801bbe3,Bedford Energy Committee,Bedford,MA,"Bedford, MA",01730,https://www.bedfordma.gov/energy-committee,unknown,unknown,The Bedford Energy Committee works on energy efficiency and renewable energy initiatives to reduce carbon emissions in the community.,Municipal / Government-affiliated,Town / City,"['Municipality', 'Residents']",['Energy Efficiency'],[],Community Engagement,,Not Verified,merge_engine,2026-05-25T03:12:12Z
01621b3b-798c-4d20-bcde-879b909daf35,Worcester Climate Action Network,Oakham,MA,"Worcester, MA",01609,https://www.worcesterclimateaction.org/,unknown,unknown,Worcester Climate Action Network focuses on local climate action initiatives and advocacy for sustainable practices.,Nonprofit / Grassroots,Town / City,['Residents'],['Unknown'],[],Community Engagement,,Not Verified,merge_engine,2026-05-25T03:12:12Z
01df3f00-de9a-4226-ab06-b235c0b363dd,New Hampshire Climate Action Network,Wakefield,NH,123 Main St,03872,https://www.nhclimateaction.org,unknown,unknown,Focus on climate action and advocacy in New Hampshire.,Nonprofit / Grassroots,unknown,['unknown'],['Unknown'],[],Unknown,,Not Verified,merge_engine,2026-05-25T03:12:12Z
01ee5f97-3a2b-4932-b9a1-5a7c22fb07bb,King City Climate Action Committee,King City,MA,600 Canal Street,93930,https://concordma.gov/3324/Climate-Action-Committee,unknown,unknown,The King City Climate Action Committee focuses on local climate initiatives and sustainability practices.,Nonprofit / Grassroots,"[""Town / City""]","['Residents', 'Businesses']","['Energy Efficiency', 'Transportation', 'Environmental', 'Food & Food Waste', 'Waste Reduction']",[],Community Engagement,,Verified,merge_engine,2026-05-25T00:27:17Z
01f64637-b699-4975-af73-2a255e289b5b,Sustainable Rehoboth,Rehoboth,MA,"Rehoboth, MA",02769,http://www.sustainablerehoboth.org,unknown,unknown,Sustainable Rehoboth focuses on local sustainability initiatives and climate action programs.,Nonprofit / Grassroots,Town / City,['Residents'],['Environmental'],[],Community Engagement,,Not Verified,merge_engine,2026-05-25T03:12:12Z
02456547-89f8-4065-84bd-22f77fe9d6b3,Duxbury Renewable Energy Committee,Duxbury,MA,"Duxbury Town Hall, 878 Tremont St",02332,http://www.duxburyma.gov/renewable-energy-committee,unknown,unknown,The Duxbury Renewable Energy Committee works on initiatives to promote renewable energy and reduce carbon emissions in the community.,Municipal / Government-affiliated,Town / City,"['Municipality', 'Residents']",['Energy Efficiency'],[],Community Engagement,,Not Verified,merge_engine,2026-05-25T03:12:12Z
026d7397-6002-48c6-ab3d-0f210fcdd363,North Shore Climate Coalition,Topsfield,MA,100 Cummings Center,01915,http://www.northshoreclimate.org,unknown,unknown,The North Shore Climate Coalition advocates for regional climate action and sustainability initiatives across the North Shore communities.,Nonprofit / Grassroots,Regional,"['Businesses', 'Municipality', 'Residents']",['Unknown'],[],Policy,,Not Verified,merge_engine,2026-05-25T03:12:12Z
0272c55c-2194-4a2d-b036-6ffd90bce885,North Quabbin Energy,Athol,MA,1 Exchange St,01331,http://www.northquabbinenergy.org,unknown,unknown,"North Quabbin Energy is an informal network in north-central Massachusetts that supports and facilitates communication with people and town energy committees to share ideas and projects concerned with issues relating to energy use. They focus on conservation, renewable energy, and local food initiatives.",Nonprofit / Grassroots,Regional,['Residents'],"['Energy Efficiency', 'Environmental', 'Food & Food Waste']",[],Community Engagement,,Not Verified,merge_engine,2026-05-25T03:12:12Z
027e4d52-134e-46fb-81c6-9df36bda4e1f,North Coast Climate Action Coalition,Arcata,CA,PO Box 1234,95521,https://www.northcoastclimateaction.org,NCCA@dot.ca.gov,unknown,"The North Coast Climate Action Coalition works on local climate action initiatives and advocacy, focusing on adaptation strategies for vulnerable areas in Northern California.",Nonprofit / Grassroots,Regional,"['Municipality', 'Residents']",['Environmental'],[],Community Engagement,,Not Verified,merge_engine,2026-05-25T03:12:12Z
02c25d8d-7fc4-4bdd-88bc-444bbd985041,Westford Climate Action,westford,MA,1234 Main St,95354,http://www.modestoclimateaction.org,unknown,unknown,Focuses on local climate action initiatives and community engagement.,Nonprofit / Grassroots,[],['Residents'],['Unknown'],[],Community Engagement,,Verified,merge_engine,2026-05-25T00:27:17Z
0317a51d-1afa-45fe-8043-1c0e38c6e7b7,Nashua Climate Action,Nashua,NH,"Nashua, NH",03060,https://nashuaclimateaction.org,unknown,unknown,Nashua Climate Action focuses on local climate initiatives and community engagement for climate resilience.,Nonprofit / Grassroots,Town / City,['Residents'],['Unknown'],[],Community Engagement,,Not Verified,merge_engine,2026-05-25T03:12:12Z
0324b165-c5a3-449e-ae8b-57f899cd80e1,Vermont Youth Climate Coalition,Charlotte,VT,PO Box 451,05401,https://www.vtycc.org/,unknown,unknown,The coalition empowers youth to take action on climate issues through education and advocacy initiatives.,Nonprofit / Grassroots,State / National,['Residents'],['Environmental'],[],Community Engagement,,Not Verified,merge_engine,2026-05-25T03:12:12Z
032f8731-a014-47e3-9716-f8ae252ea77e,Newburyport Energy Advisory Committee,Newburyport,MA,"Newburyport City Hall, 60 Pleasant St",01950,https://www.cityofnewburyport.com/energy-advisory-committee,unknown,unknown,The Energy Advisory Committee promotes energy efficiency and renewable energy initiatives to reduce carbon emissions.,Municipality,Town / City,"['Municipality', 'Residents']",['Energy Efficiency'],[],Policy,,Not Verified,merge_engine,2026-05-25T03:12:12Z
03c007c3-ea79-4230-b253-9a2cc89d8563,Northeast Kingdom Collaborative,Lyndon,VT,PO Box 104,05851,http://www.nekingdom.org,unknown,unknown,"The Northeast Kingdom Collaborative focuses on community resilience and sustainability initiatives in the region, including climate adaptation strategies.",Nonprofit / Grassroots,Regional,['Residents'],['Environmental'],[],Community Engagement,,Not Verified,merge_engine,2026-05-25T03:12:12Z
04207b1a-3a2e-4f4e-acc3-8dedcaba5503,Central Coast Community Energy (3CE),Monterey,CA,70 Garden Court,93940,https://3cenergy.org/,NorthSupport@3CE.org,1-877-455-2223,"Central Coast Community Energy (3CE) is a community choice energy program focused on providing renewable energy and reducing greenhouse gas emissions. It offers various programs and incentives to support clean energy solutions and electrification in residential, commercial, agricultural, and transportation sectors.",Nonprofit / Grassroots,Regional,"['Businesses', 'Municipality', 'Residents']","['Energy Efficiency', 'Transportation']",[],Community Engagement,,Not Verified,merge_engine,2026-05-25T03:12:12Z
0477f314-2fb9-4a1c-9b54-405dab57d9a0,Sustainable Somerville,Somerville,MA,"Somerville City Hall, 93 Washington St",02143,https://www.somervillema.gov/sustainability,unknown,unknown,Sustainable Somerville promotes initiatives aimed at reducing emissions and enhancing climate resilience.,Municipal / Government-affiliated,Town / City,"['Municipality', 'Residents']","['Environmental', 'Energy Efficiency']",[],Community Engagement,,Not Verified,merge_engine,2026-05-25T03:12:12Z
04895273-2e7b-4246-abc5-98807f097ec8,Pasadena Environmental Advisory Commission,Pasadena,CA,100 N Garfield Ave,91101,https://www.cityofpasadena.net/commissions/environmental-advisory-commission/,unknown,unknown,The commission advises on climate-related policies and initiatives in Pasadena.,Municipality,Town / City,['Municipality'],['Environmental'],[],Policy,,Not Verified,merge_engine,2026-05-25T03:12:12Z
04a45961-759b-477a-a080-55846629706d,Youth Climate Action Network,San Francisco,CA,234 Youth St,94102,https://youthclimateaction.org,unknown,unknown,Engages youth in climate education and advocacy efforts.,Nonprofit / Grassroots,Regional,['Residents'],['Environmental'],[],Community Engagement,,Not Verified,merge_engine,2026-05-25T03:12:12Z
04f1bbc5-87e9-4750-8de8-ffa0219046f6,San Diego Youth Climate Action Network,San Diego,CA,3210 Park Blvd,92101,https://www.sdycan.org,unknown,unknown,The San Diego Youth Climate Action Network engages youth in climate education and advocacy for climate action.,Nonprofit / Grassroots,Regional,['Residents'],['Environmental'],[],Community Engagement,,Not Verified,merge_engine,2026-05-25T03:12:12Z
050b5034-e02b-4e14-b57a-c6e6f67cc589,Massachusetts Department of Energy Resources,Boston,MA,"Boston, MA",02108,https://www.mass.gov/orgs/department-of-energy-resources,unknown,unknown,"The Massachusetts Department of Energy Resources implements policies for energy efficiency and renewable energy, contributing to climate action.",Municipal / Government-affiliated,State / National,"['Businesses', 'Municipality', 'Residents']",['Energy Efficiency'],[],Policy,,Not Verified,merge_engine,2026-05-25T03:12:12Z
055fb040-24bc-4b9f-a264-5654e1b5715b,"California State University, East Bay - Environmental Studies Department",Hayward,CA,"25800 Carlos Bee Blvd, Hayward, CA 94542",94542,https://www.csueastbay.edu,unknown,(510) 885-3000,"The Environmental Studies Department focuses on climate-related research and education, addressing local and global climate issues.",Academic,Regional,"['Businesses', 'Municipality', 'Residents']",['Environmental'],[],Community Engagement,,Not Verified,merge_engine,2026-05-25T03:12:12Z
05788e2c-bd06-4169-ba3a-d88bcb87598c,Acton-Boxborough Regional School District,Boxborough,MA,15 Charter Road,01719,http://www.abschools.org,unknown,unknown,"The Acton-Boxborough Regional School District is committed to supporting students, families, and the community through various educational programs and initiatives.",Nonprofit / Grassroots,Regional,['Residents'],['Unknown'],[],Community Engagement,,Not Verified,merge_engine,2026-05-25T03:12:12Z
05bd4c7f-041d-4c58-90ac-500208e68338,EcoTarium,Worcester,MA,"222 Harrington Way, Worcester, MA 01604",01604,https://ecotarium.org,membership@ecotarium.org,unknown,"The EcoTarium is a museum of science and nature offering educational programs related to climate science and sustainability, focusing on climate education for youth.",Nonprofit / Grassroots,Regional,['Residents'],['Environmental'],[],Community Engagement,,Not Verified,merge_engine,2026-05-25T03:12:12Z
05c0f1f8-e7c2-428e-b0e5-b432507f8b55,Petaluma Ecological Restoration Team (PERT),Petaluma,CA,PO Box 1403,94952,https://www.pert.org,unknown,unknown,PERT engages in ecological restoration projects that enhance resilience to climate change impacts in local ecosystems.,Nonprofit / Grassroots,Town / City,['Residents'],['Environmental'],[],Conservation,,Not Verified,merge_engine,2026-05-25T03:12:12Z
05dd61e8-e974-4dcd-b4c7-860d5ff25aa0,Haverhill Climate Committee,Haverhill,MA,"Haverhill, MA",01830,http://www.haverhill-ma.gov/climatecommittee,unknown,unknown,The Haverhill Climate Committee focuses on local climate action initiatives and sustainability efforts.,Municipal / Government-affiliated,Town / City,"['Municipality', 'Residents']",['Environmental'],[],Community Engagement,,Not Verified,merge_engine,2026-05-25T03:12:12Z
05eefee8-fed2-49df-86f4-89a70d548f65,Sturbridge Climate Action Committee,Sturbridge,MA,"Sturbridge Town Hall, 308 Main St",01566,https://concordma.gov/3324/Climate-Action-Committee,unknown,unknown,The Sturbridge Climate Action Committee focuses on local climate initiatives and sustainability efforts.,Municipal / Government-affiliated,"[""Town / City""]","['Residents', 'Businesses']","['Energy Efficiency', 'Transportation', 'Environmental', 'Food & Food Waste', 'Waste Reduction']",[],Community Engagement,,Verified,merge_engine,2026-05-25T00:27:17Z
0698f4d9-87df-438d-90f7-d8fb286c0f9c,Culver City Climate Action Team,Culver City,CA,"Culver City, CA",90232,https://www.culvercity.org/,unknown,unknown,"Culver City Climate Action Team is involved in implementing the city's Climate Action Plan, focusing on community engagement and action.",Nonprofit / Grassroots,Town / City,"['Municipality', 'Residents']",['Unknown'],[],Community Engagement,,Not Verified,merge_engine,2026-05-25T03:12:12Z
06a5d58f-cdc5-404d-8ce9-067a08b4b5fb,Sustainable Mill Valley,Mill Valley,CA,"Mill Valley, CA",94941,http://sustainablemillvalley.org,unknown,unknown,Sustainable Mill Valley works on initiatives related to climate action and sustainability in the community.,Nonprofit / Grassroots,Town / City,['Residents'],['Environmental'],[],Community Engagement,,Not Verified,merge_engine,2026-05-25T03:12:12Z
07091b55-b05b-4b11-8f99-e96e9aee46dd,Sustainable Essex Junction,Essex Junction,VT,"Essex Junction, VT",05452,https://www.sustainableessexjunction.org,unknown,unknown,Our mission is to promote sustainability and climate action in Essex Junction through community engagement and education.,Nonprofit / Grassroots,Town / City,['Residents'],['Environmental'],[],Community Engagement,,Not Verified,merge_engine,2026-05-25T03:12:12Z
0746575d-4179-4dc0-8cbd-8095961e2b7a,Seacoast Climate Collaborative,Greenland,NH,1 Junkins Ave,03801,https://www.seacoastclimate.org/,unknown,unknown,The Seacoast Climate Collaborative is focused on climate action and resilience in the Seacoast region of New Hampshire.,Nonprofit / Grassroots,Regional,['unknown'],['Unknown'],[],Unknown,,Not Verified,merge_engine,2026-05-25T03:12:12Z
0761dd7c-fa2d-4788-8a81-3e2cacd5ef32,Riverside County Climate Collaborative,Riverside,CA,"4080 Lemon St, Riverside, CA 92501",92501,http://www.rcclimatecollaborative.org,unknown,unknown,The Riverside County Climate Collaborative engages local governments and organizations in climate action planning and implementation.,Nonprofit / Grassroots,Regional,"['Municipality', 'Residents']",['Environmental'],[],Community Engagement,,Not Verified,merge_engine,2026-05-25T03:12:12Z
07a538b2-4f62-4728-b492-39cdca4ef535,Santa Ana Climate Action Plan,Santa Ana,CA,20 Civic Center Plaza,92701,https://www.santa-ana.org/climate-action-plan,unknown,unknown,The Santa Ana Climate Action Plan outlines strategies for reducing greenhouse gas emissions and enhancing community resilience.,Nonprofit / Grassroots,Town / City,"['Municipality', 'Residents']",['Unknown'],[],Unknown,,Not Verified,merge_engine,2026-05-25T03:12:12Z
07ab3b83-7e9e-4ff3-a798-1035c4b358ae,New Hampshire Climate Action Network,Chesterfield,NH,"Concord, NH 03301",03301,https://nhclimateaction.org/,unknown,unknown,The New Hampshire Climate Action Network is dedicated to advocating for policies that address climate change and promote sustainability across the state.,Nonprofit / Grassroots,State / National,"['Businesses', 'Municipality', 'Residents']",['Environmental'],[],Policy,,Not Verified,merge_engine,2026-05-25T03:12:12Z
07dcde9d-b264-49a5-9dd7-436864f99d06,Mendocino County Climate Action Committee,Point Arena,CA,45035 Main St,95468,http://www.mendocinocounty.org/climateaction,unknown,unknown,Mendocino County Climate Action Committee focuses on climate action and resilience planning in the region.,Nonprofit / Grassroots,Regional,"['Municipality', 'Residents']",['Unknown'],[],Community Engagement,,Not Verified,merge_engine,2026-05-25T03:12:12Z
07e0ecad-26d6-46bd-b1d4-0a41d5a2a97b,Green Oxford,Oxford,MA,"Oxford, MA",01540,http://www.greenoxford.org,unknown,unknown,Green Oxford focuses on local climate action initiatives and sustainability programs.,Nonprofit / Grassroots,Town / City,['Residents'],['Environmental'],[],Community Engagement,,Not Verified,merge_engine,2026-05-25T03:12:12Z
07e878e2-58fa-475d-9101-2b141d66b6f2,Silicon Valley Clean Energy,Sunnyvale,CA,333 W. El Camino Real,94087,https://www.svcleanenergy.org/,customerservice@svcleanenergy.org,1-844-474-7823,"Silicon Valley Clean Energy (SVCE) is a public, not-for-profit agency that provides clean electricity for 280,000 residential and business customers across 13 Silicon Valley communities. SVCE generates clean electricity for use in homes and businesses, promoting electrification and energy transition.",Nonprofit / Grassroots,Regional,"['Businesses', 'Residents']",['Energy Efficiency'],[],Community Engagement,,Not Verified,merge_engine,2026-05-25T03:12:12Z
07f76ead-6e96-4927-a473-632ade3b26e2,Pomona Climate Action Network,Pomona,CA,246 Network Ln,91773,http://www.pomonacan.org,unknown,unknown,The network collaborates on climate action initiatives and policy advocacy.,Nonprofit / Grassroots,unknown,['unknown'],['Unknown'],[],Policy,,Not Verified,merge_engine,2026-05-25T03:12:12Z
07fda267-ad13-43ad-80b8-c806e6a0b0e0,Cape Ann Climate Coalition,East Gloucester,MA,456 Ocean Ave,01930,https://capeannclimatecoalition.org,unknown,unknown,Working on local climate action plans and community resilience initiatives.,Nonprofit / Grassroots,"[""Town / City"", ""State / National""]",['Residents'],"['Energy Efficiency', 'Transportation', 'Environmental', 'Waste Reduction']",[],Unknown,,Verified,merge_engine,2026-05-25T03:12:12Z
0801c73d-5f69-479e-bac9-4492408212f4,Pomona Valley Climate Action,Claremont,CA,"Claremont, CA",91711,http://www.pomonavalleyclimateaction.org,unknown,unknown,Pomona Valley Climate Action works on local climate initiatives and advocacy for emissions reduction.,Nonprofit / Grassroots,Regional,['Residents'],['Energy Efficiency'],[],Policy,,Not Verified,merge_engine,2026-05-25T03:12:12Z
080b86a7-a4d3-41ab-a659-4eb39f738e9e,North Country Climate Action Network,Lincoln,NH,PO Box 123,03251,http://www.northcountryclimateaction.org,unknown,unknown,North Country Climate Action Network works on local climate initiatives and advocacy for emissions reduction.,Nonprofit / Grassroots,Regional,['Residents'],['Energy Efficiency'],[],Community Engagement,,Not Verified,merge_engine,2026-05-25T03:12:12Z
080e5a3f-1e91-4f04-8b64-df0a84841fc2,Cal State Fullerton Sustainability,Fullerton,CA,"800 N State College Blvd, Fullerton, CA 92831",92831,https://sustainability.fullerton.edu,sustainability@fullerton.edu,unknown,"The Center for Sustainability at Cal State Fullerton is a hub for research, education, and community outreach regarding sustainability. It supports student groups, faculty, and the campus community through internships, service-learning, and other high impact experiences.",Academic,Regional,"['Businesses', 'Municipality', 'Residents']","['Environmental', 'Waste Reduction', 'Energy Efficiency']",[],Community Engagement,,Not Verified,merge_engine,2026-05-25T03:12:12Z
088a359e-79f9-4f72-b1bd-5dbc7b7d5feb,Seacoast Energy Hub,Stratham,NH,1 Junkins Ave,03801,https://seacoastenergyhub.org/,unknown,unknown,"The Seacoast Energy Hub focuses on energy efficiency, renewable energy, and community engagement to reduce carbon emissions.",Nonprofit / Grassroots,Regional,['Residents'],['Energy Efficiency'],[],Community Engagement,,Not Verified,merge_engine,2026-05-25T03:12:12Z
089e1a4c-2be7-48f5-ba06-7d461fd59bd4,Aquinnah Climate Committee,Aquinnah,MA,"Aquinnah Town Hall, 1 State Road",02535,https://www.aquinnah-ma.gov/climate-committee,unknown,unknown,The Aquinnah Climate Committee is focused on local climate action and resilience planning.,Municipal / Government-affiliated,Town / City,"['Municipality', 'Residents']",['Environmental'],[],Community Engagement,,Not Verified,merge_engine,2026-05-25T03:12:12Z
08c1fada-cf99-4f73-a145-9317d87696ef,Sustainable Fremont,Fremont,MA,"Fremont City Hall, 3300 Capitol Ave",94538,https://sustainablemilton.org,unknown,unknown,Sustainable Fremont focuses on reducing greenhouse gas emissions and promoting energy efficiency in the community.,Nonprofit / Grassroots,"[""Town / City""]","['Residents', 'Municipality']","['Energy Efficiency', 'Food & Food Waste', 'Waste Reduction']",[],Community Engagement,,Verified,merge_engine,2026-05-25T00:27:17Z
0907d576-1bb3-47fb-9651-624c5f259225,New Hampshire Sustainable Energy Association,Freedom,NH,2 Pillsbury St,03301,https://www.nhsea.org,unknown,unknown,The New Hampshire Sustainable Energy Association advocates for clean energy solutions and policies that reduce greenhouse gas emissions in New Hampshire.,Nonprofit / Grassroots,State / National,"['Businesses', 'Municipality', 'Residents']",['Energy Efficiency'],[],Policy,,Not Verified,merge_engine,2026-05-25T03:12:12Z
090c4841-4931-4326-bda8-0e29a4869ec0,Orange County Climate Action Campaign,Placentia,CA,1505 E 17th St,92701,https://www.occlimateaction.org/,unknown,unknown,The Orange County Climate Action Campaign focuses on climate action and advocacy for local policies that reduce greenhouse gas emissions.,Nonprofit / Grassroots,Regional,['Residents'],['Environmental'],[],Policy,,Not Verified,merge_engine,2026-05-25T03:12:12Z
092972f9-89e1-4167-b568-1d4376c9a1fc,Tulare County Resource Management Agency,Tulare,CA,5961 S Mooney Blvd,93274,http://www.tularecounty.ca.gov/rma/,unknown,unknown,"The Tulare County Resource Management Agency focuses on waste reduction and recycling, including programs aimed at reducing greenhouse gas emissions.",Municipal / Government-affiliated,Regional,"['Municipality', 'Residents']",['Waste Reduction'],[],Unknown,,Not Verified,merge_engine,2026-05-25T03:12:12Z
093b131d-d24c-4892-bec6-ad274ab53b00,Pioneer Valley Planning Commission,Springfield,MA,60 Congress Street,01104,https://www.pvpc.org/,unknown,413-781-6045,"The Pioneer Valley Planning Commission (PVPC) is the designated regional planning body for the Pioneer Valley region, encompassing 43 cities and towns in Hampden and Hampshire counties. PVPC focuses on increasing communication, cooperation, and coordination among all levels of government, private business, and civic sectors to benefit the region and improve residents' quality of life.",Nonprofit / Grassroots,Regional,"['Businesses', 'Municipality', 'Residents']","['Environmental', 'Transportation', 'Energy Efficiency']",[],Community Engagement,,Not Verified,merge_engine,2026-05-25T03:12:12Z
09860944-1348-449d-b495-a640e2d59d25,Bennington County Regional Commission,Pownal,VT,"Southern Vermont Arts Center, 123 Park St",05201,https://www.bcrcvt.org/,unknown,unknown,The BCRC works on regional planning initiatives that include climate action and sustainability efforts.,Nonprofit / Grassroots,Regional,"['Businesses', 'Municipality', 'Residents']",['Environmental'],[],Policy,,Not Verified,merge_engine,2026-05-25T03:12:12Z
09dc7be7-52b8-471e-8465-e09903247739,Sustainable Montpelier Coalition,Montpelier,VT,39 Main Street,05602,https://sustainablemontpelier.org/,unknown,unknown,"The Sustainable Montpelier Coalition focuses on climate action and sustainability initiatives in the city, including energy efficiency and resilience planning.",Nonprofit / Grassroots,Town / City,['Residents'],['Energy Efficiency'],[],Community Engagement,,Not Verified,merge_engine,2026-05-25T03:12:12Z
09df005e-5c82-4f59-8435-99f086c527a1,Pinefield Youth Climate Initiative,Pinefield,MA,789 Youth Blvd,12345,http://www.pinefieldyci.org,unknown,unknown,Engaging youth in climate education and action programs.,Nonprofit / Grassroots,Town / City,['Residents'],['Environmental'],[],Community Engagement,,Not Verified,merge_engine,2026-05-25T03:12:12Z
0a27eaf7-0164-41ff-b1c8-8af899039464,Green Whitman,Whitman,MA,"Whitman, MA",02382,http://www.greenwhitman.org,unknown,unknown,Focuses on local climate action initiatives and sustainability programs.,Nonprofit / Grassroots,unknown,['unknown'],['Unknown'],[],Unknown,,Not Verified,merge_engine,2026-05-25T03:12:12Z
0a291eda-22e6-4808-9c7b-06caa352536f,Green La Palma,La Palma,CA,7822 Walker St,90623,http://www.greenlapalma.org,unknown,unknown,Green La Palma focuses on sustainability initiatives and climate action in the community.,Nonprofit / Grassroots,Town / City,['Residents'],['Unknown'],[],Community Engagement,,Not Verified,merge_engine,2026-05-25T03:12:12Z
0a477277-948d-4333-b037-10ded44764e4,Central Coast Climate Collaborative,Santa Maria,CA,1234 Main St,93454,http://www.3c.org,unknown,unknown,Works on regional climate action plans and initiatives for decarbonization.,Nonprofit / Grassroots,Regional,"['Businesses', 'Municipality', 'Residents']",['Green Economics'],[],Policy,,Not Verified,merge_engine,2026-05-25T03:12:12Z
0a486f68-e158-4b4e-9670-b6265783a577,Modesto City Government - Climate Action Plan,Modesto,CA,1010 10th St,95354,http://www.modestogov.com/climateaction,unknown,unknown,City's official climate action plan focusing on emissions reduction and sustainability.,Municipality,Town / City,"['Municipality', 'Residents']","['Energy Efficiency', 'Green Economics']",[],Policy,,Not Verified,merge_engine,2026-05-25T03:12:12Z
0a5eb48e-c696-46d5-9210-868eb0047df0,Sustainable North Andover,North Andover,MA,"North Andover, MA",01845,http://www.sustainablenorthandover.org,unknown,unknown,Promotes sustainability and climate action in the community.,Nonprofit / Grassroots,Town / City,['Residents'],['Environmental'],[],Community Engagement,,Not Verified,merge_engine,2026-05-25T03:12:12Z
0a7eb65a-940a-4c37-acaf-77aa37591185,Georgetown Climate Committee,Georgetown,MA,1 Library Street,01833,https://www.georgetownma.gov/climate-committee,unknown,unknown,The Georgetown Climate Committee focuses on local climate action initiatives and sustainability efforts.,Municipal / Government-affiliated,Town / City,['Residents'],['Unknown'],[],Community Engagement,,Not Verified,merge_engine,2026-05-25T03:12:12Z
0a8a369d-74f5-4809-8674-26c5ac0f8be9,Beverly Climate Action Network,beverly,MA,"Beverly, MA",01915,http://www.beverlyclimateaction.org,unknown,unknown,Beverly Climate Action Network focuses on local climate initiatives and community engagement for climate resilience.,Nonprofit / Grassroots,Town / City,['Residents'],['Environmental'],[],Community Engagement,,Not Verified,merge_engine,2026-05-25T03:12:12Z
0a9dfb01-ecb1-42fa-8ece-eb97d06576f7,Tehama County Air Pollution Control District,Red Bluff,CA,201 N. Main St.,96080,http://www.tehamacountyapcd.org/,unknown,unknown,The Tehama County Air Pollution Control District is involved in air quality management and has programs aimed at reducing emissions and improving air quality.,Nonprofit / Grassroots,Regional,"['Municipality', 'Residents']",['Environmental'],[],Policy,,Not Verified,merge_engine,2026-05-25T03:12:12Z
0abba362-d994-42cf-b8c0-2da926ad2791,Central Vermont Regional Planning Commission,Waitsfield,VT,29 Main St,05602,https://www.cvregion.com,unknown,unknown,The commission engages in municipal climate planning and implementation for regional resilience and sustainability.,Municipality,Regional,['Municipality'],['Unknown'],[],Policy,,Not Verified,merge_engine,2026-05-25T03:12:12Z
0af4dfa2-257f-4f3c-a94e-acf15216391d,"California State University, Stanislaus - Environmental Resources Engineering",Turlock,CA,"1 University Cir, Turlock, CA 95382",95382,https://www.csustan.edu/ere,unknown,unknown,The Environmental Resources Engineering program includes research and education on sustainable practices and climate resilience.,Academic,State / National,"['Businesses', 'Municipality', 'Residents']",['Environmental'],[],Community Engagement,,Not Verified,merge_engine,2026-05-25T03:12:12Z
0b01598a-2c3d-4415-a9e8-8b78f0b2da91,San Diego Climate Action Campaign,San Diego,CA,1234 Market St,92101,https://www.sdclimateaction.org,unknown,unknown,The San Diego Climate Action Campaign works to promote climate action and reduce greenhouse gas emissions in the region.,Nonprofit / Grassroots,Regional,['Residents'],['Environmental'],[],Policy,,Not Verified,merge_engine,2026-05-25T03:12:12Z
0b1bf952-d9fb-4e86-a848-77826042890b,New Hampshire Climate Action Network,Brookfield,NH,2 Pillsbury St,03301,https://nhclimateaction.org,unknown,unknown,The New Hampshire Climate Action Network is focused on advocating for climate action and policy changes to address climate change.,Nonprofit / Grassroots,State / National,['unknown'],['Unknown'],[],Policy,,Not Verified,merge_engine,2026-05-25T03:12:12Z
0b317506-6bcb-47b5-9499-fde11e34ae3c,Stevens Crossing Climate Resilience Coalition,Stevens Crossing,MA,789 Oak St,01001,https://www.scresiliencecoalition.org,unknown,unknown,The coalition works on climate adaptation strategies for local communities.,Nonprofit / Grassroots,Town / City,['Residents'],['Environmental'],[],Community Engagement,,Not Verified,merge_engine,2026-05-25T03:12:12Z
0b79fb74-7eda-44d4-9484-e7acb10a89f9,Climate Action Now,Santa Rosa,CA,PO Box 1943,95401,https://climateactionnow.org,unknown,unknown,Climate Action Now focuses on local climate initiatives and advocacy for policy changes to combat climate change.,Nonprofit / Grassroots,Town / City,['Residents'],['Environmental'],[],Policy,,Not Verified,merge_engine,2026-05-25T03:12:12Z
0bfcb12f-9e83-4d48-8f11-b3337541a760,Sustainable Tulare County,Visalia,CA,1234 S Mooney Blvd,93291,http://www.sustainabletularecounty.org,unknown,unknown,Sustainable Tulare County focuses on sustainability initiatives that include climate action and emissions reduction programs.,Nonprofit / Grassroots,Regional,['Residents'],['Environmental'],[],Community Engagement,,Not Verified,merge_engine,2026-05-25T03:12:12Z
0c0f05c5-6659-4b89-8e33-57b30a4b2873,Tulare County Climate Action Committee,Concord,MA,"Tulare County Government Center, 2800 W. Burrel Ave.",93274,https://concordma.gov/3324/Climate-Action-Committee,unknown,unknown,The Tulare County Climate Action Committee is involved in developing and implementing climate action plans for the county.,Municipal / Government-affiliated,"[""Town / City""]","['Residents', 'Businesses']","['Energy Efficiency', 'Transportation', 'Environmental', 'Food & Food Waste', 'Waste Reduction']",[],Policy,,Verified,merge_engine,2026-05-25T00:27:17Z
0c2cbe12-5023-4fdc-bce7-bbadd20ff72a,Lynnfield Climate Action,Lynnhurst,MA,"Lynnfield, MA",01940,http://lynnfieldclimateaction.org,unknown,unknown,Lynnfield Climate Action is focused on reducing carbon emissions and promoting sustainable practices in the community.,Nonprofit / Grassroots,unknown,['unknown'],['Unknown'],[],Unknown,,Not Verified,merge_engine,2026-05-25T03:12:12Z
0c41bd98-97f5-41ae-9acc-3674026a72ec,New Hampshire Sustainable Energy Association,Ashland,NH,2 Pillsbury St,03301,https://www.nhsea.org/,unknown,unknown,The New Hampshire Sustainable Energy Association promotes sustainable energy solutions and advocates for policies that support energy efficiency and renewable energy.,Nonprofit / Grassroots,State / National,"['Businesses', 'Municipality', 'Residents']",['Energy Efficiency'],[],Policy,,Not Verified,merge_engine,2026-05-25T03:12:12Z
0c760f0d-280c-4973-a695-ce5a62b7ca88,Sustainable Mountain View,Mountain View,CA,500 Castro St,94043,https://sustainablemountainview.org,unknown,unknown,Sustainable Mountain View is focused on promoting sustainability initiatives and climate action in the community.,Nonprofit / Grassroots,Town / City,['Residents'],['Environmental'],[],Community Engagement,,Not Verified,merge_engine,2026-05-25T03:12:12Z
0c78700d-9cfd-4801-967b-7656f29e1fa4,Granville Climate Action,Granville,MA,"Granville Town Hall, 707 Main Rd",01034,http://www.granvillema.org/climate-action,unknown,unknown,Granville Climate Action focuses on local initiatives to reduce carbon emissions and promote sustainability in the community.,Nonprofit / Grassroots,Town / City,['Residents'],"['Green Economics', 'Energy Efficiency']",[],Community Engagement,,Not Verified,merge_engine,2026-05-25T03:12:12Z
0c86a2e2-b5af-4170-bddd-a70f487c2e06,350 New Hampshire,Manchester,NH,unknown,03101,https://350nh.org,unknown,unknown,"350 New Hampshire is a grassroots organization advocating for climate justice and a transition to renewable energy, aiming to end fossil fuel use and expansion.",Nonprofit / Grassroots,State / National,['Residents'],"['Environmental', 'Energy Efficiency']",[],Community Engagement,,Not Verified,merge_engine,2026-05-25T03:12:12Z
0cf86e91-7358-4349-bc4b-5d3281b3796a,Medford Climate Action Network,Medford,MA,"Medford, MA",02155,https://www.medfordclimateaction.org/,unknown,unknown,The Medford Climate Action Network is dedicated to addressing climate change through community engagement and advocacy.,Nonprofit / Grassroots,Town / City,['Residents'],['Unknown'],[],Community Engagement,,Not Verified,merge_engine,2026-05-25T03:12:12Z
0d3a452d-e162-4c9b-8c33-2c1bd8a8948e,Sustainable Whittier,Whittier,CA,45678 Sustainable Ave,90601,http://www.sustainablewhittier.org,unknown,unknown,Sustainable Whittier engages the community in climate education and sustainability practices.,Nonprofit / Grassroots,Town / City,['Residents'],['Environmental'],[],Community Engagement,,Not Verified,merge_engine,2026-05-25T03:12:12Z
0d8be1cf-10fe-42f4-b37b-3b6c20e4b56c,Sustainable Northfield,Northfield,VT,"Northfield, VT",05663,http://sustainablenorthfield.org,unknown,unknown,Sustainable Northfield works on local initiatives to reduce carbon emissions and promote sustainability in the community.,Nonprofit / Grassroots,Town / City,['Residents'],['Green Economics'],[],Community Engagement,,Not Verified,merge_engine,2026-05-25T03:12:12Z
0db907b8-7c2e-4915-9537-a6b6f3aa1d64,Island Grown Initiative,West Tisbury,MA,PO Box 606,02575,http://www.islandgrown.org,unknown,unknown,Island Grown Initiative promotes local food systems and climate resilience through sustainable agriculture practices.,Nonprofit / Grassroots,Regional,['Residents'],['Food & Food Waste'],[],Community Engagement,,Not Verified,merge_engine,2026-05-25T03:12:12Z
0e01b9b1-d395-44f7-ab60-1778e8237a80,Cool California,Lincoln,CA,"1001 I St, 25th",95814,https://coolcalifornia.arb.ca.gov,,916-324-1503,Cool California provides resources and programs for local governments and residents to reduce greenhouse gas emissions and adapt to climate change.,Nonprofit / Grassroots,State / National,"['Businesses', 'Municipality', 'Residents']","['Environmental', 'Energy Efficiency', 'Transportation']",[],Community Engagement,,Not Verified,merge_engine,2026-05-25T03:12:12Z
0e0e0d4a-3395-44b5-ad40-b50743d8a22b,North Country Climate Action Network,Jackson,NH,PO Box 1001,03570,https://www.northcountryclimateaction.org/,unknown,unknown,The North Country Climate Action Network focuses on local climate action initiatives and community resilience strategies.,Nonprofit / Grassroots,Regional,['Residents'],['Environmental'],[],Community Engagement,,Not Verified,merge_engine,2026-05-25T03:12:12Z
0e1d6a43-effc-4a01-b226-7aa5a2895bd9,Green Sterling,Sterling,MA,"Sterling, MA",01564,http://www.greensterling.org,unknown,unknown,Green Sterling focuses on local climate initiatives and sustainability efforts in the community.,Nonprofit / Grassroots,Town / City,['Residents'],['Environmental'],[],Community Engagement,,Not Verified,merge_engine,2026-05-25T03:12:12Z
0e4fef85-f306-4e6b-922c-a11d45211994,California Lutheran University - Center for Sustainability,Thousand Oaks,CA,"60 W Olsen Rd, Thousand Oaks, CA",91360,https://www.callutheran.edu/sustainability/,clureg@CalLutheran.edu,805-492-2411,The Center for Sustainability at California Lutheran University focuses on sustainability education and research initiatives.,Academic,Regional,"['Businesses', 'Municipality', 'Residents']",['Environmental'],[],Community Engagement,,Not Verified,merge_engine,2026-05-25T03:12:12Z
0eaf6b03-298b-42a0-8544-11f9e8add322,Green Costa Mesa,Costa Mesa,CA,Various Locations,92626,https://www.greencostamesa.org,unknown,unknown,Green Costa Mesa is dedicated to promoting sustainable practices and climate action in the community.,Nonprofit / Grassroots,Town / City,['Residents'],['Environmental'],[],Community Engagement,,Not Verified,merge_engine,2026-05-25T03:12:12Z
0eded4df-07f9-4b43-96aa-7ba3fd204950,Sustainable Marblehead,Marblehead,MA,PO Box 1320,01945,https://www.sustainablemarblehead.org/,sustainablemarblehead@gmail.com,unknown,Sustainable Marblehead is a community organization focused on educating and engaging the Marblehead community to reduce waste and pollution and achieve net zero carbon emissions by 2040.,Nonprofit / Grassroots,[],"['Businesses', 'Municipality', 'Residents']","['Environmental', 'Waste Reduction', 'Energy Efficiency', 'Transportation']",[],Community Engagement,,Verified,merge_engine,2026-05-25T03:12:12Z
0eeb4698-e1eb-47c1-b200-a9fde95e9025,San Diego Regional Climate Collaborative,La Mesa,CA,"San Diego, CA",92101,https://sdclimatecollaborative.org,unknown,unknown,The San Diego Regional Climate Collaborative facilitates climate action planning and implementation across the region.,Nonprofit / Grassroots,Regional,"['Businesses', 'Municipality', 'Residents']",['Environmental'],[],Community Engagement,,Not Verified,merge_engine,2026-05-25T03:12:12Z
0f20cbcb-060b-4c4d-b31d-d516fed7d60c,Concord Climate Action Committee,Concord,MA,25 Green Street,01938,https://concordma.gov/3324/Climate-Action-Committee,unknown,978-356-6600,The Ipswich Climate Action Committee works on local climate initiatives and sustainability efforts.,Municipal / Government-affiliated,"[""Town / City""]","['Residents', 'Businesses']","['Energy Efficiency', 'Transportation', 'Environmental', 'Food & Food Waste', 'Waste Reduction']",[],Community Engagement,,Verified,merge_engine,2026-05-25T00:27:17Z
0fbb3831-0138-42b2-90a7-67878ae4a91e,Monterey Park Climate Action Committee,Monterey Park,MA,320 W Newmark Ave,91754,https://concordma.gov/3324/Climate-Action-Committee,unknown,626-307-1458,The City of Monterey Park has established a Climate Action Committee to address climate change and implement local climate action plans.,Municipal / Government-affiliated,"[""Town / City""]","['Residents', 'Businesses']","['Energy Efficiency', 'Transportation', 'Environmental', 'Food & Food Waste', 'Waste Reduction']",[],Policy,,Verified,merge_engine,2026-05-25T00:27:17Z
0fc6b565-c16f-4f96-be60-492bba0dc616,Hardwick Climate Committee,Hardwick,MA,"Hardwick Town Hall, 14 Common Street",01037,http://www.hardwickma.gov/climate-committee,unknown,unknown,The Hardwick Climate Committee works on local climate action initiatives and resilience planning.,Municipal / Government-affiliated,Town / City,"['Municipality', 'Residents']",['Environmental'],[],Community Engagement,,Not Verified,merge_engine,2026-05-25T03:12:12Z
0fd19bac-41cb-44ac-87ca-03a318fa34fa,Concord Climate Action Committee,Concord,MA,"Exeter, NH",03833,https://concordma.gov/3324/Climate-Action-Committee,unknown,unknown,The Exeter Climate Action Committee works on initiatives to reduce greenhouse gas emissions and promote climate resilience in the town.,Municipal / Government-affiliated,"[""Town / City""]","['Residents', 'Businesses']","['Energy Efficiency', 'Transportation', 'Environmental', 'Food & Food Waste', 'Waste Reduction']",[],Community Engagement,,Verified,merge_engine,2026-05-25T00:27:17Z
101cf99f-33de-4093-bfa5-821611b56bb2,Richmond Climate Collaborative,El Cerrito,CA,"Richmond, CA",94804,http://www.richmondclimatecollaborative.org,unknown,unknown,"The Richmond Climate Collaborative works on regional climate initiatives, focusing on emissions reduction and community resilience.",Nonprofit / Grassroots,Regional,"['Businesses', 'Municipality', 'Residents']","['Environmental', 'Energy Efficiency']",[],Community Engagement,,Not Verified,merge_engine,2026-05-25T03:12:12Z
109bfcdf-19e4-4acd-a3f7-69f8dfd83af1,Novato Youth Climate Action,Novato,CA,"Novato High School, 625 Arthur St",94945,https://www.novatoyouthclimateaction.org,unknown,unknown,Novato Youth Climate Action engages youth in climate education and advocacy.,Nonprofit / Grassroots,Town / City,['Residents'],['Environmental'],[],Community Engagement,,Not Verified,merge_engine,2026-05-25T03:12:12Z
10c017bd-4866-42cb-9273-a41696436ec5,Sustainable Stratton,Stratton,VT,"Stratton, VT",05360,http://www.sustainablestratton.org,unknown,unknown,Sustainable Stratton focuses on reducing carbon emissions and promoting renewable energy initiatives in the community.,Nonprofit / Grassroots,unknown,['unknown'],['Unknown'],[],Unknown,,Not Verified,merge_engine,2026-05-25T03:12:12Z
115b7b1f-c9fe-4fff-90bb-506620421f32,Riverside Climate Education Program,Riverside,MA,246 Education Ln,01039,http://www.riversideclimateeducation.org,unknown,unknown,The Riverside Climate Education Program provides resources and workshops on climate change for schools and community groups.,Nonprofit / Grassroots,Regional,"['Municipality', 'Residents']",['Environmental'],[],Community Engagement,,Not Verified,merge_engine,2026-05-25T03:12:12Z
11838c4e-540b-43a8-9264-20c6e753f578,Oakdale Climate Action Group,Oakdale,CA,123 Main St,95361,http://www.oakdaleclimateaction.org,unknown,unknown,The Oakdale Climate Action Group promotes climate action and sustainability in Oakdale through community engagement and education.,Nonprofit / Grassroots,Town / City,['Residents'],['Environmental'],[],Community Engagement,,Not Verified,merge_engine,2026-05-25T03:12:12Z
119132ae-e8a5-408e-ba59-475576a57221,MetroWest Climate Solutions,Riverdale Station,MA,1000 Concord St,01701,https://metrowestclimatesolutions.org,metrowestclimate@gmail.com,unknown,"MetroWest Climate Solutions is a coalition that inspires healthy, sustainable communities by hosting programs that provide knowledge and tools for local climate solutions.",Nonprofit / Grassroots,Regional,['Residents'],"['Environmental', 'Transportation', 'Energy Efficiency']",[],Community Engagement,,Not Verified,merge_engine,2026-05-25T03:12:12Z
11ced346-9845-43af-9b72-5a3f93e10762,Sustainable Seacoast,Nottingham,NH,PO Box 1214,03801,https://sustainableseacoast.org/,unknown,unknown,Sustainable Seacoast is focused on sustainability initiatives including climate action and energy efficiency programs.,Nonprofit / Grassroots,unknown,['unknown'],['Unknown'],[],Unknown,,Not Verified,merge_engine,2026-05-25T03:12:12Z
11eb3cc2-c6a9-4149-9fda-f36a63bf0685,Worcester Youth Climate Coalition,Paxton,MA,"Worcester, MA",01609,https://www.worcesteryouthclimate.org/,unknown,unknown,The Worcester Youth Climate Coalition engages youth in climate education and advocacy efforts in the Worcester area.,Nonprofit / Grassroots,Regional,['Residents'],['Environmental'],[],Community Engagement,,Not Verified,merge_engine,2026-05-25T03:12:12Z
122aa58e-3cab-4957-b9fd-3f71eb7a5d78,Greenlining Institute,Los Angeles,CA,5678 Green St,90015,http://www.greenlining.org,unknown,unknown,"The Greenlining Institute works towards a future where communities of color can build wealth, live in healthy places filled with economic opportunity, and are ready to meet the challenges posed by climate change. They focus on economic equity, climate equity, and transformative communities.",Nonprofit / Grassroots,State / National,"['Businesses', 'Municipality', 'Residents']","['Environmental', 'Green Economics']",[],Policy,,Not Verified,merge_engine,2026-05-25T03:12:12Z
12606f83-a7f4-413e-ac40-54d02bed05f2,Lowell Sustainability Council,Lowell,MA,375 Merrimack St,01852,http://www.lowellsustainability.org,unknown,unknown,The Lowell Sustainability Council focuses on sustainability initiatives that include climate action and emissions reduction.,Nonprofit / Grassroots,unknown,['unknown'],['Unknown'],[],Unknown,,Not Verified,merge_engine,2026-05-25T03:12:12Z
127c93c6-a2e3-421f-a081-269547316a11,Paso Robles Climate Action Committee,Paso Robles,CA,1000 Spring St,93446,http://www.prcity.com/climateaction,unknown,unknown,The Paso Robles Climate Action Committee focuses on local climate initiatives and sustainability practices.,unknown,unknown,['unknown'],['Unknown'],[],Unknown,,Not Verified,merge_engine,2026-05-25T03:12:12Z
12a2b8ed-67b2-43a0-bb06-b3024ff9f093,Shasta County Air Quality Management District,Redding,CA,1855 Placer St,96001,http://www.co.shasta.ca.us,unknown,unknown,Involved in air quality management and climate-related initiatives.,Municipal / Government-affiliated,Regional,"['Municipality', 'Residents']",['Environmental'],[],Policy,,Not Verified,merge_engine,2026-05-25T03:12:12Z
12a5a426-6ef5-47d5-8126-b8710fac96ee,Dunstable Climate Action Committee,Dunstable,MA,511 Main St,01827,http://www.dunstable-ma.gov/climate-action-committee,unknown,unknown,The Dunstable Climate Action Committee focuses on local climate initiatives and sustainability efforts.,Municipal / Government-affiliated,Town / City,['Residents'],['Environmental'],[],Community Engagement,,Not Verified,merge_engine,2026-05-25T03:12:12Z
1306701c-72db-4ee3-9308-5a284b37c02d,Pittsfield Energy Committee,Pittsfield,VT,"Pittsfield Town Hall, 1st",05762,https://www.pittsfieldvt.com/energy-committee,unknown,unknown,The Pittsfield Energy Committee focuses on energy efficiency and renewable energy initiatives to reduce carbon emissions in the community.,Municipality,Town / City,['Residents'],['Energy Efficiency'],[],Community Engagement,,Not Verified,merge_engine,2026-05-25T03:12:12Z
13bb3ed0-6484-46e4-bda2-544d1d16f1cd,"California State University, Dominguez Hills - Environmental Studies Program",Norwalk,CA,1000 E Victoria St,90747,http://www.csudh.edu/environmental-studies,unknown,unknown,"The Environmental Studies Program at California State University, Dominguez Hills focuses on climate education and research initiatives centered around sustainability and climate action.",Academic,State / National,"['Businesses', 'Municipality', 'Residents']",['Environmental'],[],Community Engagement,,Not Verified,merge_engine,2026-05-25T03:12:12Z
14565a4d-701a-48ed-86da-4252eb6bf39b,New Hampshire Climate Action Network,Deerfield,NH,2 Pillsbury St,03301,https://www.nhclimateaction.org,unknown,unknown,The New Hampshire Climate Action Network is focused on climate action and advocacy for policies that reduce greenhouse gas emissions.,Nonprofit / Grassroots,State / National,"['Businesses', 'Municipality', 'Residents']",['Environmental'],[],Policy,,Not Verified,merge_engine,2026-05-25T03:12:12Z
14c09ec0-cb29-4c6a-9558-ea25877f1273,The Alliance for Climate Education,Cliftondale,MA,1 Broadway,02140,https://www.acespace.org/,unknown,unknown,The Alliance for Climate Education educates and empowers young people to take action on climate change.,Nonprofit / Grassroots,State / National,['Residents'],['Environmental'],[],Community Engagement,,Not Verified,merge_engine,2026-05-25T03:12:12Z
14c4ea59-9091-4ae6-9fd9-4b545a466b05,Green Leverett,Leverett,MA,"Leverett, MA",01054,http://www.greenleverett.org,unknown,unknown,Green Leverett is focused on promoting sustainable practices and reducing carbon emissions in the community.,Nonprofit / Grassroots,Town / City,['Residents'],['Energy Efficiency'],[],Community Engagement,,Not Verified,merge_engine,2026-05-25T03:12:12Z
14cb377b-4403-4f5d-8241-0287efe5759a,Green West Hollywood,West Hollywood,CA,"West Hollywood City Hall, 8300 Santa Monica Blvd",90069,https://www.weho.org/city-government/city-departments/public-works/green-west-hollywood,unknown,unknown,Green West Hollywood focuses on sustainability initiatives and climate action.,Nonprofit / Grassroots,Town / City,"['Municipality', 'Residents']",['Environmental'],[],Community Engagement,,Not Verified,merge_engine,2026-05-25T03:12:12Z
14e47c26-8084-49c8-b874-1c05f2f9da29,North Bay Climate Action Network,Sebastopol,CA,unknown,95472,https://www.northbayclimateaction.org/,unknown,unknown,This network connects local organizations to collaborate on climate action and resilience strategies in the North Bay area.,Nonprofit / Grassroots,Regional,['unknown'],['Unknown'],[],Unknown,,Not Verified,merge_engine,2026-05-25T03:12:12Z
14e7cb54-db63-431f-a67e-3c2e372254de,Knights Crossing Environmental Justice Alliance,Knights Crossing,MA,404 Justice St,01060,http://www.kcejalliance.org,unknown,unknown,The Alliance advocates for environmental justice with a focus on climate impacts in marginalized communities.,Nonprofit / Grassroots,unknown,['unknown'],['Unknown'],[],Unknown,,Not Verified,merge_engine,2026-05-25T03:12:12Z
150198a0-2e17-4c92-8bcb-c556818ca2f8,Bay Area Climate Collaborative,Menlo Park,CA,12345 El Camino Real,94025,https://www.bayareaclimatesolutions.org/,unknown,unknown,The Bay Area Climate Collaborative works on regional climate solutions and energy efficiency programs.,Nonprofit / Grassroots,Regional,"['Businesses', 'Municipality', 'Residents']",['Energy Efficiency'],[],Community Engagement,,Not Verified,merge_engine,2026-05-25T03:12:12Z
150a55bd-4d02-4bc2-b418-2e4c43bfe281,Easthampton Climate Action,Easthampton,MA,"Easthampton City Hall, 50 Payson Ave",01027,https://www.easthamptonma.gov/climate-action,unknown,unknown,The Easthampton Climate Action Committee focuses on reducing greenhouse gas emissions and promoting sustainability in the community.,Municipal / Government-affiliated,Town / City,"['Municipality', 'Residents']",['Environmental'],[],Community Engagement,,Not Verified,merge_engine,2026-05-25T03:12:12Z
15254ccf-466d-4944-9c0e-47d510444686,Piedmont Climate Action Committee,Piedmont,MA,"Piedmont City Hall, 120 Vista Ave",94611,https://www.piedmont.ca.gov/government/committees/climate_action_committee,unknown,unknown,The Piedmont Climate Action Committee focuses on local climate action initiatives and policies.,Municipal / Government-affiliated,"[""Town / City""]","['Residents', 'Businesses']","['Energy Efficiency', 'Transportation', 'Environmental', 'Food & Food Waste', 'Waste Reduction']",[],Policy,,Verified,merge_engine,2026-05-25T00:27:17Z
15763abd-428c-476e-818b-2c5b0a951356,Sustainable Dover,Dover,VT,"Dover, VT",05356,http://www.sustainabledover.org,unknown,unknown,Sustainable Dover focuses on community initiatives for energy efficiency and climate resilience.,Nonprofit / Grassroots,Town / City,['Residents'],['Energy Efficiency'],[],Community Engagement,,Not Verified,merge_engine,2026-05-25T03:12:12Z
15f9d9a3-8d70-40c8-9e89-ef0da04a247e,Whittier Climate Action Committee,Whittier,MA,13230 Penn St,90601,https://concordma.gov/3324/Climate-Action-Committee,unknown,unknown,The Whittier Climate Action Committee focuses on local climate initiatives and policies to reduce greenhouse gas emissions.,Nonprofit / Grassroots,"[""Town / City""]","['Residents', 'Businesses']","['Energy Efficiency', 'Transportation', 'Environmental', 'Food & Food Waste', 'Waste Reduction']",[],Policy,,Verified,merge_engine,2026-05-25T00:27:17Z
15fac14c-84f9-425a-bc13-8371ba8ed9ec,Sustainable Burbank,Burbank,CA,275 E Olive Ave,91502,https://www.burbankca.gov/sustainableburbank,unknown,unknown,Sustainable Burbank promotes initiatives aimed at reducing carbon emissions and enhancing sustainability in the city.,Municipal / Government-affiliated,Town / City,"['Municipality', 'Residents']","['Environmental', 'Energy Efficiency']",[],Community Engagement,,Not Verified,merge_engine,2026-05-25T03:12:12Z
162b2540-b536-447e-9c20-9f97b4678ef2,La Habra Environmental Justice Coalition,La Habra,CA,"321 Pine St, La Habra, CA 90631",90631,http://www.lahabraejcoalition.org,unknown,unknown,Advocating for environmental justice with a focus on climate impacts in underserved communities.,Nonprofit / Grassroots,Town / City,['Residents'],['Environmental'],[],Community Engagement,,Not Verified,merge_engine,2026-05-25T03:12:12Z
1634eed0-3499-4cf9-9d84-41f1d9c4c873,Tustin Unified School District,Tustin,CA,300 S C St,92780,https://www.tustin.k12.ca.us/,unknown,unknown,"The Tustin Unified School District is a learning community committed to excellence, ensuring each student optimizes individual achievement through challenging curricula and personalized instruction, in partnership with dynamic communities.",Municipal / Government-affiliated,Town / City,['Residents'],['Unknown'],[],Community Engagement,,Not Verified,merge_engine,2026-05-25T03:12:12Z
16422059-63ba-4f78-99bd-3c5047b224e5,Massachusetts Climate Change Adaptation Coalition,Boston,MA,"100 Cambridge St, Boston, MA",02108,https://www.massclimate.org,unknown,unknown,The coalition focuses on climate adaptation strategies for municipalities across Massachusetts.,Nonprofit / Grassroots,State / National,['Municipality'],['Environmental'],[],Community Engagement,,Not Verified,merge_engine,2026-05-25T03:12:12Z
164777af-efd0-4d50-a9ba-126a3875af42,Claremont Climate Action,Claremont,NH,123 Main St,03743,http://claremontclimateaction.org,unknown,unknown,Working on local climate action initiatives and community engagement for sustainability.,Nonprofit / Grassroots,Town / City,['Residents'],['Unknown'],[],Community Engagement,,Not Verified,merge_engine,2026-05-25T03:12:12Z
16769853-620f-425e-ac77-b6ec98f7cfff,Sustainable Chester,Chester,NH,"Chester, NH",03036,http://www.sustainablechester.org,unknown,unknown,Sustainable Chester focuses on local initiatives to reduce carbon emissions and promote sustainability in the community.,Nonprofit / Grassroots,Town / City,['Residents'],['Green Economics'],[],Community Engagement,,Not Verified,merge_engine,2026-05-25T03:12:12Z
168e2a78-551c-4d27-9d8b-a32f9ca4d4e7,Inyo County Climate Action,Bishop,CA,168 N Edwards St,93514,http://www.inyocounty.us/climate-action,unknown,unknown,Inyo County is developing a Climate Action Plan to reduce greenhouse gas emissions and promote sustainability.,Municipality,Regional,"['Municipality', 'Residents']",['Green Economics'],[],Policy,,Not Verified,merge_engine,2026-05-25T03:12:12Z
16d4d15d-3822-4d13-bd8f-8fa811c7df0b,New Hampshire Climate Action Network,Warner,NH,2 Pillsbury St,03301,https://nhclimateaction.org,unknown,unknown,The New Hampshire Climate Action Network is dedicated to promoting climate action and policies that reduce greenhouse gas emissions in New Hampshire.,Nonprofit / Grassroots,State / National,"['Businesses', 'Municipality', 'Residents']",['Environmental'],[],Policy,,Not Verified,merge_engine,2026-05-25T03:12:12Z
17296de3-d15b-4818-b322-6ebafc984b8d,Green Topsfield,Topsfield,MA,"Topsfield Town Hall, 8 West Common St",01983,http://www.topsfield-ma.gov/green-topsfield,unknown,unknown,Green Topsfield is dedicated to promoting sustainable practices and reducing the town's carbon footprint through various programs.,Nonprofit / Grassroots,Town / City,['Residents'],['Environmental'],[],Community Engagement,,Not Verified,merge_engine,2026-05-25T03:12:12Z
17594819-a471-4204-a3ec-1482e0d56849,Baldwin Park Climate Action Committee,Baldwin Park,CA,14403 Pacific Ave,91706,http://baldwinpark.com/climateaction,unknown,unknown,The Baldwin Park Climate Action Committee focuses on local climate initiatives and sustainability efforts.,Municipality,Town / City,"['Municipality', 'Residents']",['Environmental'],[],Community Engagement,,Not Verified,merge_engine,2026-05-25T03:12:12Z
177a6c41-0eaf-448f-8d26-b722d363af68,Seacoast Climate Collaborative,Newington,NH,1 Junkins Ave,03801,https://www.seacoastclimate.org/,unknown,unknown,The Seacoast Climate Collaborative is focused on climate action and resilience in the Seacoast region of New Hampshire.,Nonprofit / Grassroots,Regional,['Residents'],['Unknown'],[],Community Engagement,,Not Verified,merge_engine,2026-05-25T03:12:12Z
17a1354a-9b4f-4181-977c-01c962623a0b,Green Rancho Palos Verdes,Rancho Palos Verdes,CA,unknown,90275,http://www.greenranchopalosverdes.org,unknown,unknown,Green Rancho Palos Verdes focuses on local climate action initiatives and sustainability programs.,Nonprofit / Grassroots,Town / City,['Residents'],['Environmental'],[],Community Engagement,,Not Verified,merge_engine,2026-05-25T03:12:12Z
17c02c17-7c59-414a-888d-578f0c79305e,Templeton Municipal Light Plant,Templeton,MA,4 South Main Street,01468,http://www.templetonma.gov/municipal-light-plant,unknown,unknown,"The Templeton Municipal Light Plant is involved in energy efficiency programs and renewable energy initiatives, contributing to emissions reduction and energy transition.",Municipal / Government-affiliated,Town / City,['Residents'],['Energy Efficiency'],[],Conservation,,Not Verified,merge_engine,2026-05-25T03:12:12Z
17e328ef-e988-4a2c-a0e2-b89aa3bb1fd7,California City Climate Action Committee,California City,CA,21000 Hacienda Blvd,93505,http://www.californiacityclimateaction.org,unknown,unknown,California City Climate Action Committee focuses on reducing greenhouse gas emissions and promoting sustainability initiatives in the community.,Nonprofit / Grassroots,Town / City,['Residents'],"['Environmental', 'Energy Efficiency']",[],Community Engagement,,Not Verified,merge_engine,2026-05-25T03:12:12Z
181ac348-e6b0-4d9d-a437-77b26a18b401,Los Angeles County Department of Public Works,Alhambra,CA,"900 S Fremont Ave, Alhambra, CA 91803",91803,https://dpw.lacounty.gov/,unknown,(626) 458-5100,"The Los Angeles County Department of Public Works plans, designs, builds, and maintains modern infrastructure to uplift communities in Los Angeles County, focusing on environmental services, transportation, water resources, and municipal services.",Municipal / Government-affiliated,Regional,"['Businesses', 'Municipality', 'Residents']","['Environmental', 'Waste Reduction', 'Energy Efficiency']",[],Community Engagement,,Not Verified,merge_engine,2026-05-25T03:12:12Z
182575d2-132b-4e75-8e60-23aa2db1faed,North Shore Climate Collaborative,Beverly,MA,"Beverly, MA",01915,http://www.northshoreclimatecollaborative.org,unknown,unknown,The North Shore Climate Collaborative works with local municipalities to implement climate action plans and promote sustainability.,Nonprofit / Grassroots,Regional,"['Municipality', 'Residents']",['Environmental'],[],Community Engagement,,Not Verified,merge_engine,2026-05-25T03:12:12Z
185abaaf-939d-4b4b-b872-e3cb1bc5e702,Blandford Climate Committee,Blandford,MA,"Blandford Town Hall, 1 Russell Stage Rd",01008,http://blandfordma.org/climate-committee,unknown,unknown,The Blandford Climate Committee focuses on local climate action initiatives and resilience planning.,Nonprofit / Grassroots,Town / City,"['Municipality', 'Residents']",['Unknown'],[],Community Engagement,,Not Verified,merge_engine,2026-05-25T03:12:12Z
186043a0-ae41-4fe0-abe8-a86ad3c6139c,Montebello Climate Action Committee,Montebello,MA,"City Hall, 1600 W. Beverly Blvd",90640,https://concordma.gov/3324/Climate-Action-Committee,unknown,unknown,The committee works on local climate action plans and initiatives.,Nonprofit / Grassroots,"[""Town / City""]","['Residents', 'Businesses']","['Energy Efficiency', 'Transportation', 'Environmental', 'Food & Food Waste', 'Waste Reduction']",[],Community Engagement,,Verified,merge_engine,2026-05-25T00:27:17Z
1868124f-078b-4f2d-9c00-9057c7caa49a,Community Action Board of Santa Cruz County,Santa Cruz,CA,520 Ocean St,95060,https://www.cabinc.org,[email protected],831-763-2147,The Community Action Board of Santa Cruz County partners with the community to eliminate poverty through culturally responsive and social justice-oriented programs.,Nonprofit / Grassroots,Regional,['Residents'],['Unknown'],[],Community Engagement,,Not Verified,merge_engine,2026-05-25T03:12:12Z
188fe24d-c1eb-45e0-b42d-f82fc75d22af,Ojai Valley Green Coalition,Ojai,CA,226 W. Ojai Ave,93023,https://www.ojaivalleygreencoalition.org/,unknown,(805) 669-0969,"The Ojai Valley Green Coalition is a nonprofit organization dedicated to building a sustainable, resilient, and regenerative community in the Ojai Valley. They focus on environmental health, safety, and quality of life through community engagement and partnerships.",Nonprofit / Grassroots,Regional,['Residents'],"['Environmental', 'Waste Reduction', 'Food & Food Waste', 'Energy Efficiency', 'Transportation']",[],Community Engagement,,Not Verified,merge_engine,2026-05-25T03:12:12Z
18c21193-ca3c-4da3-8df6-f4eb76a17de7,Green Saugus,Saugus,MA,"Saugus Town Hall, 298 Central St",01906,http://www.greensaugus.org,unknown,unknown,Green Saugus promotes local climate action initiatives and community engagement in sustainability efforts.,Nonprofit / Grassroots,Town / City,['Residents'],['Environmental'],[],Community Engagement,,Not Verified,merge_engine,2026-05-25T03:12:12Z
18c93110-1b42-4fcf-af66-c97c6a903704,Kern County Climate Action Plan,Taft,CA,"1115 Truxtun Ave, 1st",93301,https://www.kerncounty.com/climate-action-plan,unknown,unknown,Kern County is developing a Climate Action Plan to address climate change impacts and promote sustainability.,Municipality,Regional,"['Municipality', 'Residents']",['Environmental'],[],Policy,,Not Verified,merge_engine,2026-05-25T03:12:12Z
18cbb6de-2c59-4250-abf5-f04b5f4c10d2,Torrance Environmental Quality and Energy Conservation Committee,Torrance,CA,3031 Torrance Blvd,90503,https://www.torranceca.gov/our-city/environmental-quality-and-energy-conservation-committee,unknown,unknown,The committee focuses on energy conservation and climate action initiatives in Torrance.,Municipal / Government-affiliated,Town / City,"['Municipality', 'Residents']",['Energy Efficiency'],[],Community Engagement,,Not Verified,merge_engine,2026-05-25T03:12:12Z
19195859-f1a5-4463-af12-e108235645ae,Sustainable Milton,Forest Knolls,MA,PO Box 201,94933,https://www.sustainablemarin.org,INFO@SUSTAINABLEMARIN.ORG,unknown,Sustainable Marin is a nonprofit organization focused on making Marin County more sustainable by sponsoring local climate-based projects and engaging communities in sustainability practices. It collaborates with town councils to establish sustainable policies and supports various environmental initiatives.,Nonprofit / Grassroots,"[""Town / City""]","['Residents', 'Municipality']","['Energy Efficiency', 'Food & Food Waste', 'Waste Reduction']",[],Community Engagement,,Verified,merge_engine,2026-05-25T00:27:17Z
196d0e08-a18a-4541-8657-8a1242ee0586,Sustainable Mission Viejo,Mission Viejo,CA,"Mission Viejo, CA",92691,http://sustainablemissionviejo.org,unknown,unknown,Focus on sustainability initiatives including energy efficiency and climate action programs.,Nonprofit / Grassroots,unknown,['unknown'],['Unknown'],[],Unknown,,Not Verified,merge_engine,2026-05-25T03:12:12Z
19893281-ef3e-42c5-becc-14a195d71c74,New Hampshire Climate Action Network,Boscawen,NH,2 Pillsbury Street,03301,https://www.nhclimateaction.org,unknown,unknown,The New Hampshire Climate Action Network advocates for climate action and policy changes in New Hampshire.,Nonprofit / Grassroots,State / National,"['Businesses', 'Municipality', 'Residents']",['Unknown'],[],Policy,,Not Verified,merge_engine,2026-05-25T03:12:12Z
199a489b-42ff-4e61-9e88-cc5812c40496,New Hampshire Climate Action Network,Waterville Valley,NH,2 Pillsbury St,03301,https://www.nhclimateaction.org,unknown,unknown,The New Hampshire Climate Action Network is focused on advocating for policies that address climate change and promote sustainability.,Nonprofit / Grassroots,State / National,"['Businesses', 'Municipality', 'Residents']",['Unknown'],[],Policy,,Not Verified,merge_engine,2026-05-25T03:12:12Z
19a4085c-9730-4db0-b62b-6100fe6a0207,Irvine Green Team,Irvine,CA,1 Civic Center Plaza,92612,https://www.cityofirvine.org/green-team,irvinecitycouncil@cityofirvine.org,949-724-6000,"The Irvine Green Team works on various sustainability initiatives, including climate action and community engagement programs.",Nonprofit / Grassroots,Town / City,['Residents'],"['Environmental', 'Energy Efficiency']",[],Community Engagement,,Not Verified,merge_engine,2026-05-25T03:12:12Z
19fb342e-38ce-4ff9-9da6-8a4cf947bf4c,Tri-Valley Climate Action Network,Dublin,CA,PO Box 202,94568,https://www.trivalleycan.org/,unknown,unknown,Tri-Valley Climate Action Network is focused on climate action and sustainability initiatives in the Tri-Valley area.,Nonprofit / Grassroots,Regional,['Residents'],['Environmental'],[],Community Engagement,,Not Verified,merge_engine,2026-05-25T03:12:12Z
1a099cca-7edc-40a5-a48f-0503f04234eb,New Bedford Public Schools - Climate Education Program,New Bedford,MA,455 County Street,02740,https://www.newbedfordschools.org/,unknown,unknown,The New Bedford Public Schools Climate Education Program integrates climate change education into the curriculum for students.,Nonprofit / Grassroots,Town / City,['Residents'],['Environmental'],[],Community Engagement,,Not Verified,merge_engine,2026-05-25T03:12:12Z
1a183792-675a-429c-84ba-0d415f9083ad,New Hampshire Climate Action Network,Alexandria,NH,2 Pillsbury St,03301,https://nhclimateaction.org,unknown,unknown,The New Hampshire Climate Action Network is focused on climate action and policy advocacy to address climate change in New Hampshire.,Nonprofit / Grassroots,State / National,['Residents'],['Unknown'],[],Policy,,Not Verified,merge_engine,2026-05-25T03:12:12Z
1a34cab2-63a3-4ebf-b8e0-e263af5a63ab,Monson Energy Committee,Monson,MA,"110 Main St, Monson, MA 01057",01057,https://www.monson-ma.gov/energy-committee,unknown,unknown,The Monson Energy Committee focuses on energy efficiency and renewable energy initiatives to reduce carbon emissions in the community.,Municipal / Government-affiliated,Town / City,['Residents'],['Energy Efficiency'],[],Community Engagement,,Not Verified,merge_engine,2026-05-25T03:12:12Z
1a3531f2-0a80-4124-8a3d-224948425c39,Salisbury Climate Action Committee,Salisbury,MA,5 Beach Road,01952,https://www.salisburyma.gov/climate-action-committee,unknown,unknown,The Salisbury Climate Action Committee focuses on local climate initiatives and sustainability efforts.,Municipal / Government-affiliated,Town / City,"['Municipality', 'Residents']",['Unknown'],[],Community Engagement,,Not Verified,merge_engine,2026-05-25T03:12:12Z
1a781950-14a2-4cd8-a615-1de5b19e854e,Amherst Sustainability Committee,Amherst,MA,4 Boltwood Ave,01002,https://www.amherstma.gov/DocumentCenter/View/5260/Sustainability-Committee-Report,unknown,unknown,The Amherst Sustainability Committee works on initiatives related to sustainability and climate action.,Municipal / Government-affiliated,"[""Town / City""]","['Residents', 'Municipality']","['Energy Efficiency', 'Transportation', 'Food & Food Waste']",[],Unknown,,Verified,merge_engine,2026-05-25T00:27:17Z
1aae2da3-534a-4af5-b4ba-08ca03ea85a8,Yolo County Climate Action Commission,Woodland,CA,625 Court St,95695,https://www.yolocounty.org/government/departments/health/health-promotion/climate-action-commission,unknown,unknown,Yolo County Climate Action Commission focuses on climate action and sustainability initiatives in Yolo County.,Nonprofit / Grassroots,Regional,"['Municipality', 'Residents']",['Environmental'],[],Community Engagement,,Not Verified,merge_engine,2026-05-25T03:12:12Z
1ac79bdb-f398-40e3-aa5a-3dd60cb5b094,Sustainable La Mesa,La Mesa,CA,"La Mesa, CA",91941,https://www.sustainablelamesa.org,unknown,unknown,Sustainable La Mesa focuses on sustainability initiatives including climate action and community engagement.,Nonprofit / Grassroots,Town / City,['Residents'],['Unknown'],[],Community Engagement,,Not Verified,merge_engine,2026-05-25T03:12:12Z
1ac8a8d3-1d94-44cd-afc5-1e1b038d5271,Littleton Climate Action,Littleton,MA,"Littleton Town Hall, 37 Shattuck Street",01460,http://www.littletonma.org/climate-action,unknown,unknown,Littleton Climate Action focuses on reducing carbon emissions and promoting sustainability in the community.,Nonprofit / Grassroots,Town / City,"['Municipality', 'Residents']","['Energy Efficiency', 'Green Economics']",[],Community Engagement,,Not Verified,merge_engine,2026-05-25T03:12:12Z
1ac97d9e-314f-42cf-a8ba-71c2664a795b,Berkeley Climate Action Coalition,Berkeley,CA,"Berkeley, CA",94704,https://www.berkeleyclimateaction.org/,unknown,unknown,The Berkeley Climate Action Coalition works to implement climate action plans and policies in Berkeley.,Nonprofit / Grassroots,Town / City,"['Municipality', 'Residents']",['Unknown'],[],Policy,,Not Verified,merge_engine,2026-05-25T03:12:12Z
1b29e3c2-b31f-4503-924d-e212cd71b9d2,Solano County Resilience Program,Fairfield,CA,1415 Resilience Rd,94533,http://solanoresilience.org,unknown,unknown,The Solano County Resilience Program focuses on climate adaptation strategies for vulnerable communities in Solano County.,Nonprofit / Grassroots,Regional,"['Municipality', 'Residents']",['Environmental'],[],Community Engagement,,Not Verified,merge_engine,2026-05-25T03:12:12Z
1b3e5114-fd6c-4482-88a6-86a0b5826cad,Vista Youth Climate Initiative,Vista,CA,4567 E Vista Ave,92084,http://www.vistayci.org,unknown,unknown,Engages youth in climate education and action programs.,Nonprofit / Grassroots,Town / City,['Residents'],['Unknown'],[],Community Engagement,,Not Verified,merge_engine,2026-05-25T03:12:12Z
1b6abb86-2881-4f04-9e87-90f46a4a9dd8,Sustainable Montpelier Coalition,Berlin,VT,PO Box 1033,05602,https://sustainablemontpelier.org,unknown,unknown,The coalition works on initiatives to promote sustainability and climate action in Montpelier.,Nonprofit / Grassroots,Town / City,['Residents'],['Unknown'],[],Community Engagement,,Not Verified,merge_engine,2026-05-25T03:12:12Z
1b94f154-d585-472b-9b7a-2e532474c7ad,Longmeadow Climate Action Committee,Longmeadow,MA,735 Longmeadow St,01106,https://concordma.gov/3324/Climate-Action-Committee,unknown,unknown,The Longmeadow Climate Action Committee focuses on local climate initiatives and sustainability efforts.,Nonprofit / Grassroots,"[""Town / City""]","['Residents', 'Businesses']","['Energy Efficiency', 'Transportation', 'Environmental', 'Food & Food Waste', 'Waste Reduction']",[],Community Engagement,,Verified,merge_engine,2026-05-25T00:27:17Z
1ba5e7f0-8b86-4ea6-bd23-483f16a71673,The Climate Reality Project - Inland Empire Chapter,Riverside,CA,1234 Main St,92501,https://www.climaterealityproject.org,unknown,unknown,"The Climate Reality Project - Inland Empire Chapter focuses on climate education and advocacy in the Inland Empire region, working towards a sustainable net zero future.",Nonprofit / Grassroots,Regional,['Residents'],"['Environmental', 'Energy Efficiency']",[],Community Engagement,,Not Verified,merge_engine,2026-05-25T03:12:12Z
1ba8c02f-4637-4163-a9da-016ee9b52b87,Green La Mirada,La Mirada,CA,"La Mirada, CA",90638,http://www.greenlamirada.org,unknown,unknown,Green La Mirada focuses on sustainability initiatives and climate action programs in the community.,Nonprofit / Grassroots,unknown,['unknown'],['Unknown'],[],Unknown,,Not Verified,merge_engine,2026-05-25T03:12:12Z
1bbca20a-1e64-4747-a98f-e65d742659fe,New Hampshire Climate Action Network,Lyman,NH,2 Pillsbury St,03301,https://nhclimateaction.org/,unknown,unknown,The New Hampshire Climate Action Network is dedicated to advocating for climate action and policy changes in New Hampshire.,Nonprofit / Grassroots,State / National,"['Businesses', 'Municipality', 'Residents']",['Environmental'],[],Policy,,Not Verified,merge_engine,2026-05-25T03:12:12Z
1bdac9b3-0edb-4c9c-b102-c9e3df5d2bf6,Bay Area Air Quality Management District,Alameda,CA,375 Beale St,94105,https://www.baaqmd.gov/,unknown,unknown,The Bay Area Air Quality Management District implements programs to improve air quality and reduce emissions contributing to climate change.,Municipal / Government-affiliated,Regional,"['Businesses', 'Municipality', 'Residents']",['Environmental'],[],Community Engagement,,Not Verified,merge_engine,2026-05-25T03:12:12Z
1bde7a0f-485d-4e05-923f-3e3a1f316404,Westford Climate Action,westford,MA,"Stowe, VT",05672,https://westfordclimateaction.org/,unknown,unknown,Stowe Climate Action is dedicated to reducing greenhouse gas emissions in Stowe and promoting sustainable practices.,Nonprofit / Grassroots,[],['Residents'],"['Energy Efficiency', 'Green Economics']",[],Community Engagement,,Verified,merge_engine,2026-05-25T00:27:17Z
1bed8e46-a791-428f-8b55-4ffb7b60e698,Ontario Climate Coalition,Ontario,CA,5678 Greenway Ave,91761,http://www.ontarioclimatecoalition.org,unknown,unknown,Working on municipal climate planning and community resilience initiatives.,Nonprofit / Grassroots,Municipality,"['Municipality', 'Residents']",['Unknown'],[],Community Engagement,,Not Verified,merge_engine,2026-05-25T03:12:12Z
1c09ea08-8231-4a74-b58b-9c1ba2ab889d,Irvine Unified School District,Irvine,CA,5050 Barranca Pkwy,92604,https://iusd.org/,unknown,(949) 936-5000,"The Irvine Unified School District (IUSD) is located in Orange County, California, serving over 38,000 students across various educational institutions. IUSD is recognized for its comprehensive programs in academics, arts, and athletics, and is committed to sustainability initiatives aimed at reducing the district's carbon footprint.",Nonprofit / Grassroots,Town / City,['Residents'],['Environmental'],[],Community Engagement,,Not Verified,merge_engine,2026-05-25T03:12:12Z
1c3e78d5-f68b-411b-9c51-31158c4724c6,California Environmental Justice Alliance (CEJA),Los Angeles,CA,1370 N St Andrews PL,90028,https://ceja.org/,unknown,(510) 808-5898,The California Environmental Justice Alliance (CEJA) is a statewide coalition of grassroots environmental justice organizations working to advance equitable policies in California’s environmental health and justice movement.,Nonprofit / Grassroots,State / National,"['Businesses', 'Municipality', 'Residents']","['Environmental', 'Energy Efficiency']",[],Policy,,Not Verified,merge_engine,2026-05-25T03:12:12Z
1c404865-c6eb-4f28-8f8d-7b612c537855,Sustainable San Fernando,San Fernando,CA,4567 San Fernando Rd,91340,http://www.sustainablesanfernando.org,unknown,unknown,Promotes local sustainability practices and climate resilience.,Nonprofit / Grassroots,Town / City,['Residents'],['Environmental'],[],Community Engagement,,Not Verified,merge_engine,2026-05-25T03:12:12Z
1c676982-bdf9-488a-ad7b-308200ff42e2,Sustainable East Palo Alto,East Palo Alto,CA,Various locations,94303,http://www.sustainableepa.org,unknown,unknown,Sustainable East Palo Alto works on community-driven initiatives that promote sustainability and climate resilience in East Palo Alto.,Nonprofit / Grassroots,unknown,['unknown'],['Unknown'],[],Unknown,,Not Verified,merge_engine,2026-05-25T03:12:12Z
1c95eb4c-a6a9-4513-8f8c-8330e3b30038,Menlo Park Climate Action,Redwood City,CA,701 Laurel St,94025,https://www.menlopark.org/,unknown,unknown,Menlo Park Climate Action focuses on strategies for emissions reduction and resilience.,Nonprofit / Grassroots,Town / City,"['Municipality', 'Residents']",['Energy Efficiency'],[],Policy,,Not Verified,merge_engine,2026-05-25T03:12:12Z
1caaffe5-2939-42c4-b835-3fb491193fa4,Green Winthrop,Winthrop,MA,"Winthrop, MA",02152,http://www.greenwinthrop.org,unknown,unknown,Green Winthrop focuses on sustainability initiatives and climate action in the community.,Nonprofit / Grassroots,Town / City,['Residents'],['Unknown'],[],Community Engagement,,Not Verified,merge_engine,2026-05-25T03:12:12Z
1cd280c8-dd1c-452b-a167-2193a06edd7d,Southbridge Climate Action Committee,Southbridge,MA,1 Maple Street,01550,https://concordma.gov/3324/Climate-Action-Committee,unknown,unknown,The Southbridge Climate Action Committee focuses on local climate initiatives and resilience planning.,Municipal / Government-affiliated,"[""Town / City""]","['Residents', 'Businesses']","['Energy Efficiency', 'Transportation', 'Environmental', 'Food & Food Waste', 'Waste Reduction']",[],Unknown,,Verified,merge_engine,2026-05-25T00:27:17Z
1cdc9a10-56d5-4281-aa8a-23f15fd0fd47,Greenhouse Gas Reduction Program - Monterey County,Monterey,CA,1441 Schilling Place,93940,https://www.co.monterey.ca.us/government/departments/resource-management-agency/greenhouse-gas-reduction-program,unknown,unknown,This program focuses on reducing greenhouse gas emissions through various initiatives and community engagement.,Municipal / Government-affiliated,Regional,"['Municipality', 'Residents']",['Environmental'],[],Community Engagement,,Not Verified,merge_engine,2026-05-25T03:12:12Z
1ce49dfb-ac72-4b28-94ed-07b09d3b0ace,Calabasas Environmental Commission,Calabasas,CA,"Calabasas City Hall, 100 Civic Center Way",91302,https://www.cityofcalabasas.com/government/commissions/environmental-commission,unknown,unknown,"The Environmental Commission advises the City Council on environmental issues, including climate action and sustainability initiatives.",Municipality,Town / City,['Municipality'],['Environmental'],[],Policy,,Not Verified,merge_engine,2026-05-25T03:12:12Z
1d1327e8-86eb-4efe-8f96-9d410560e83b,Bay Area Air Quality Management District,Los Altos Hills,CA,375 Beale St,94105,https://www.baaqmd.gov/,unknown,unknown,The Bay Area Air Quality Management District works on air quality improvement initiatives that include climate action and emissions reduction strategies.,Municipal / Government-affiliated,Regional,"['Businesses', 'Municipality', 'Residents']","['Environmental', 'Transportation']",[],Policy,,Not Verified,merge_engine,2026-05-25T03:12:12Z
1d721019-651f-45ff-a24b-0eaaaefc6b06,Concord Climate Action Committee,Concord,MA,"Town Hall, 78 Main St",01749,https://concordma.gov/3324/Climate-Action-Committee,unknown,unknown,The Hudson Climate Action Committee focuses on local climate initiatives and sustainability efforts.,Municipal / Government-affiliated,"[""Town / City""]","['Residents', 'Businesses']","['Energy Efficiency', 'Transportation', 'Environmental', 'Food & Food Waste', 'Waste Reduction']",[],Community Engagement,,Verified,merge_engine,2026-05-25T00:27:17Z
1d7ae559-ca7d-4543-8a97-91f91bc0a7d9,Green Somerville,Somerville,MA,"Somerville City Hall, 93 Washington St",02143,https://www.somervillema.gov/green,unknown,unknown,Green Somerville is focused on sustainability initiatives and climate action in the city.,Municipal / Government-affiliated,Town / City,"['Municipality', 'Residents']",['Unknown'],[],Unknown,,Not Verified,merge_engine,2026-05-25T03:12:12Z
1d80a67a-f61e-4cfb-8a38-d0ea9509cef1,Concord Climate Action Committee,Concord,MA,"Danvers Town Hall, 1 Sylvan St",01923,https://concordma.gov/3324/Climate-Action-Committee,unknown,unknown,The Danvers Climate Action Committee works on initiatives to reduce greenhouse gas emissions and promote sustainability in the community.,Municipal / Government-affiliated,"[""Town / City""]","['Residents', 'Businesses']","['Energy Efficiency', 'Transportation', 'Environmental', 'Food & Food Waste', 'Waste Reduction']",[],Community Engagement,,Verified,merge_engine,2026-05-25T00:27:17Z
1da3d3ae-25f6-4dc1-bc60-7479e9900856,Fresno State Climate Action,Parlier,CA,5241 N Maple Ave,93740,http://www.fresnostate.edu/climateaction,unknown,unknown,"The initiative at Fresno State focuses on climate education, research, and community engagement to address climate change.",Academic,Regional,"['Businesses', 'Municipality', 'Residents']",['Environmental'],[],Community Engagement,,Not Verified,merge_engine,2026-05-25T03:12:12Z
1dda725c-b930-42df-bdcb-bfd24d402c89,Ecology Center,Berkeley,CA,"2530 San Pablo Avenue, Berkeley, CA 94702",94702,https://ecologycenter.org/,info@ecologycenter.org,510-548-2220,"The Ecology Center is a nonprofit organization in Berkeley, California, focused on improving the health and environmental impacts of urban residents through education, demonstration, replication, and advocacy. They aim to inspire and build a sustainable, healthy, and just future for the East Bay and beyond.",Nonprofit / Grassroots,Regional,"['Businesses', 'Municipality', 'Residents']","['Environmental', 'Waste Reduction', 'Food & Food Waste']",[],Community Engagement,,Not Verified,merge_engine,2026-05-25T03:12:12Z
1df99b31-90af-47c5-a5b1-a11530743155,Madera County Resource Management Agency,Atwater,CA,2001 W. 4th Street,93637,http://www.maderacounty.com/government/departments/resource-management-agency,unknown,unknown,The Madera County Resource Management Agency promotes waste reduction and recycling programs that contribute to emissions reduction and sustainability efforts.,Municipality,Regional,"['Municipality', 'Residents']",['Waste Reduction'],[],Unknown,,Not Verified,merge_engine,2026-05-25T03:12:12Z
1e180df3-31e3-4511-a905-38b2f8dcd94b,Sustainable Orange County,Irvine,CA,1 Civic Center Plaza,92612,https://www.sustainableoc.org/,unknown,unknown,Sustainable Orange County focuses on regional climate action initiatives and collaborates with local governments to promote sustainability.,Nonprofit / Grassroots,Regional,"['Municipality', 'Residents']",['Unknown'],[],Community Engagement,,Not Verified,merge_engine,2026-05-25T03:12:12Z
1e25fc56-fa26-4415-8d9a-f66f30e28f2f,Newport Beach Climate Action Committee,Newport Beach,MA,"Newport Beach, CA",92663,https://concordma.gov/3324/Climate-Action-Committee,unknown,unknown,The Climate Action Committee is focused on developing and implementing strategies to reduce greenhouse gas emissions in Newport Beach.,Municipal / Government-affiliated,"[""Town / City""]","['Residents', 'Businesses']","['Energy Efficiency', 'Transportation', 'Environmental', 'Food & Food Waste', 'Waste Reduction']",[],Policy,,Verified,merge_engine,2026-05-25T00:27:17Z
1e4a85dd-d10f-43ae-bf4c-3bc35053776b,Sustainable San Bernardino,San Bernardino,CA,7890 Sustainability Way,92401,http://www.sustainablesanbernardino.org,unknown,unknown,Sustainable San Bernardino focuses on local initiatives for reducing emissions and promoting sustainable practices.,Nonprofit / Grassroots,unknown,['unknown'],['Unknown'],[],Unknown,,Not Verified,merge_engine,2026-05-25T03:12:12Z
1e54546a-8d00-4a13-acd5-87f47ea92a76,New Hampshire Sustainable Energy Association,Belmont,NH,3 Bicentennial Square,03301,https://www.nhsea.org,unknown,unknown,The New Hampshire Sustainable Energy Association works to promote clean energy solutions and reduce greenhouse gas emissions in New Hampshire.,Nonprofit / Grassroots,State / National,"['Businesses', 'Municipality', 'Residents']",['Energy Efficiency'],[],Policy,,Not Verified,merge_engine,2026-05-25T03:12:12Z
1e67bd04-13cf-4eb0-b028-d634a59e0773,Cambridge Energy Alliance,Cambridge,MA,"Cambridge, MA",02139,https://cambridgeenergyalliance.org/,CambridgeEnergyConsultant@eversource.com,617-430-6230,"The Cambridge Energy Alliance is a service provided by the City of Cambridge to help residents, businesses, and institutions become more energy efficient and access renewable energy services, aiming to save money and reduce carbon emissions.",Nonprofit / Grassroots,Town / City,"['Businesses', 'Municipality', 'Residents']","['Energy Efficiency', 'Environmental']",[],Community Engagement,,Not Verified,merge_engine,2026-05-25T03:12:12Z
1e89e51c-51a8-4102-8b57-8fd4764bc47c,New Hampshire Climate Action Network,Easton,NH,unknown,03580,https://nhclimateaction.org,unknown,unknown,The New Hampshire Climate Action Network focuses on climate advocacy and policy initiatives to address climate change in New Hampshire.,Nonprofit / Grassroots,State / National,"['Businesses', 'Municipality', 'Residents']",['Unknown'],[],Policy,,Not Verified,merge_engine,2026-05-25T03:12:12Z
1ea1afeb-5a5f-456a-8126-2b334e5e3d88,Martha's Vineyard Commission,Edgartown,MA,PO Box 1447,02557,https://www.mvcommission.org/,unknown,unknown,"The Martha's Vineyard Commission is involved in climate action planning, addressing climate change mitigation and adaptation strategies for Martha's Vineyard.",Nonprofit / Grassroots,Regional,"['Municipality', 'Residents']",['Unknown'],[],Unknown,,Not Verified,merge_engine,2026-05-25T03:12:12Z
1ec4f3f8-d2e8-4401-aba8-89efc33be06a,Alameda County Climate Action Coalition,Oakland,CA,"1221 Oak Street, Room 555",94612,https://www.acgov.org/,unknown,510.272.6984,The Alameda County Climate Action Coalition focuses on collaborative climate action initiatives across Alameda County.,Nonprofit / Grassroots,Regional,"['Municipality', 'Residents']",['Unknown'],[],Community Engagement,,Not Verified,merge_engine,2026-05-25T03:12:12Z
1f346816-5a36-4112-91b2-2febf78ec2b8,New Hampshire Climate Action Network,Ellsworth,NH,25 Triangle Park Drive,03301,https://nhclimateaction.org,unknown,unknown,The New Hampshire Climate Action Network is focused on advocating for climate action and policy changes in the state.,Nonprofit / Grassroots,State / National,"['Businesses', 'Municipality', 'Residents']",['Unknown'],[],Policy,,Not Verified,merge_engine,2026-05-25T03:12:12Z
1f3bbcf8-4cbb-46e8-b543-d7d14971be46,Greenhouse Gas Reduction Program,Gonzales,CA,"Gonzales City Hall, 147 4th St",93926,http://www.gonzalesca.gov/greenhouse-gas-reduction,unknown,unknown,The program aims to reduce greenhouse gas emissions in Gonzales through various initiatives.,Municipal / Government-affiliated,Town / City,"['Municipality', 'Residents']",['Energy Efficiency'],[],Policy,,Not Verified,merge_engine,2026-05-25T03:12:12Z
1fa51f0d-10af-4d91-9389-d0aa3f8217a5,California Climate Action Network,Port Hueneme,CA,"Oxnard, CA",93030,http://www.calclimateaction.org,unknown,unknown,The California Climate Action Network works on statewide climate policy and local implementation efforts to combat climate change.,Nonprofit / Grassroots,State / National,"['Businesses', 'Municipality', 'Residents']",['Environmental'],[],Policy,,Not Verified,merge_engine,2026-05-25T03:12:12Z
1fc3b350-b44c-42b1-b223-2c7f4d8c8b34,New Hampshire Sustainable Energy Association,New Hampton,NH,2 Pillsbury St,03301,https://www.nhsea.org/,unknown,unknown,The New Hampshire Sustainable Energy Association (NHSEA) advocates for clean energy solutions and policies that reduce greenhouse gas emissions.,Nonprofit / Grassroots,State / National,"['Businesses', 'Municipality', 'Residents']",['Energy Efficiency'],[],Policy,,Not Verified,merge_engine,2026-05-25T03:12:12Z
1fd5ad76-5073-4ea4-a2ee-7b3d397e1fd3,Norwich Energy Committee,Norwich,VT,42 Main Street,01032,https://norwichenergycommittee.weebly.com/,unknown,unknown,The Goshen Energy Committee focuses on energy efficiency and renewable energy initiatives to reduce carbon emissions in the community.,Municipality,[],['Residents'],['Energy Efficiency'],[],Community Engagement,,Verified,merge_engine,2026-05-25T00:27:17Z
20078c11-947a-4712-861a-5bcbd496cd97,California Climate Action Network,Los Altos,CA,500 Castro St,94043,https://www.calcan.org,unknown,unknown,The network focuses on statewide climate policy and advocacy efforts to reduce emissions and promote sustainability.,Nonprofit / Grassroots,State / National,"['Businesses', 'Municipality', 'Residents']",['Environmental'],[],Policy,,Not Verified,merge_engine,2026-05-25T03:12:12Z
202dc6f1-fdf5-407d-8ecc-bb6c8d1a3613,Green California,Buena Park,CA,1234 Greenway Drive,90620,http://www.greencalifornia.org,unknown,unknown,Focus on climate action and sustainability initiatives in local communities.,Nonprofit / Grassroots,Town / City,['Residents'],['Environmental'],[],Community Engagement,,Not Verified,merge_engine,2026-05-25T03:12:12Z
203354df-4fe3-4495-9c72-9869b32c210b,Putney Climate Action,Putney,VT,"Putney Town Hall, 127 Main St",05346,http://www.putneyvt.org/climate-action,unknown,unknown,Putney Climate Action focuses on local initiatives to reduce carbon emissions and promote sustainability in the community.,Nonprofit / Grassroots,Town / City,['Residents'],"['Green Economics', 'Energy Efficiency']",[],Community Engagement,,Not Verified,merge_engine,2026-05-25T03:12:12Z
2090fbc9-1f66-42c1-89db-bf3ff2ba7a8a,Surfrider Foundation - Orange County Chapter,Newport Beach,CA,"Newport Beach, CA",92663,https://www.surfrider.org/,unknown,unknown,"The Surfrider Foundation is dedicated to the protection and enjoyment of the world’s ocean, waves, and beaches, for all people, through a powerful activist network.",Nonprofit / Grassroots,Regional,['Residents'],"['Environmental', 'Waste Reduction']",[],Community Engagement,,Not Verified,merge_engine,2026-05-25T03:12:12Z
2091882a-b768-4533-857b-1272afada285,Stockton Heat - Community Programs,Stockton,CA,"248 W Fremont St, Stockton, CA 95203",95202,https://stocktonheat.com/community/,unknown,unknown,The Stockton Heat engages in community programs that include climate awareness and sustainability initiatives.,unknown,unknown,['unknown'],['Unknown'],[],Community Engagement,,Not Verified,merge_engine,2026-05-25T03:12:12Z
20a258c8-156d-4d2b-96c9-fffb207402dc,Climate Reality Project - Los Angeles Chapter,San Gabriel,CA,1231 E 7th St,90012,http://www.climaterealityproject.org,unknown,unknown,"The Los Angeles Chapter of the Climate Reality Project engages in climate education and advocacy efforts, working to build a just and sustainable net zero future.",Nonprofit / Grassroots,Regional,['Residents'],"['Environmental', 'Energy Efficiency']",[],Community Engagement,,Not Verified,merge_engine,2026-05-25T03:12:12Z
20e83c99-d878-4708-b9b4-8d89c49626f3,Rockport Energy Committee,Rockport,MA,"Rockport Town Hall, 24 Broadway",01966,http://www.rockportma.gov/energy-committee,unknown,unknown,The Energy Committee promotes energy efficiency and renewable energy initiatives in Rockport.,Municipal / Government-affiliated,Town / City,"['Municipality', 'Residents']",['Energy Efficiency'],[],Community Engagement,,Not Verified,merge_engine,2026-05-25T03:12:12Z
21c04507-5265-4d7c-b95d-c28fc44593f0,Temecula Valley Climate Action,Temecula,CA,"123 Main St, Temecula, CA 92592",92592,http://temeculavalleyclimateaction.org,unknown,unknown,Focus on local climate action initiatives and community engagement for sustainability.,Nonprofit / Grassroots,Town / City,['Residents'],['Unknown'],[],Community Engagement,,Not Verified,merge_engine,2026-05-25T03:12:12Z
21c696ff-9c03-4a7e-bb28-7d295d2641b8,Sustainable Napa County,St. Helena,CA,"Napa, CA",94559,https://sustainablenapacounty.org/,unknown,unknown,Sustainable Napa County works on climate action initiatives including emissions reduction and sustainability programs.,Nonprofit / Grassroots,Regional,"['Businesses', 'Municipality', 'Residents']","['Energy Efficiency', 'Green Economics']",[],Community Engagement,,Not Verified,merge_engine,2026-05-25T03:12:12Z
22538e94-06b6-4281-8502-c861a7eb13fb,Sustainable Cape Ann,gloucester,NH,unknown,01930,https://sustainablelebanon/wordpress.com,unknown,unknown,"Sustainable Cape Ann focuses on local sustainability initiatives, including climate action and community resilience.",Nonprofit / Grassroots,"[""Town / City""]","['Residents', 'Municipality', 'Businesses']","['Energy Efficiency', 'Transportation', 'Environmental', 'Food & Food Waste', 'Waste Reduction']",[],Community Engagement,,Verified,merge_engine,2026-05-25T00:27:17Z
22673419-36ba-4920-b21a-7b0ddf7bea81,Green Fairfield,Fairfield,CA,1213 Eco St,94533,http://greenfairfield.org,unknown,unknown,Green Fairfield engages the community in sustainability practices and climate education programs.,Nonprofit / Grassroots,Town / City,['Residents'],['Environmental'],[],Community Engagement,,Not Verified,merge_engine,2026-05-25T03:12:12Z
2273d616-ac26-4197-bad8-49ed2cb62cb3,Sustainable Lebanon,Lebanon,NH,"City Hall, 51 North Park Street",03766,https://sustainablelebanon/wordpress.com,unknown,unknown,Sustainable Lebanon is a city initiative focused on sustainability and climate action in Lebanon.,Municipal / Government-affiliated,"[""Town / City""]","['Residents', 'Municipality', 'Businesses']","['Energy Efficiency', 'Transportation', 'Environmental', 'Food & Food Waste', 'Waste Reduction']",[],Community Engagement,,Verified,merge_engine,2026-05-25T03:12:12Z
22811c36-e2e1-4eae-8e8b-f2e20d60e4c2,Sustainable Manchester,Manchester,VT,"Manchester, VT",05255,http://www.sustainablemanchester.org,unknown,unknown,Sustainable Manchester focuses on local initiatives to reduce carbon emissions and promote renewable energy.,Nonprofit / Grassroots,unknown,['unknown'],['Unknown'],[],Unknown,,Not Verified,merge_engine,2026-05-25T03:12:12Z
228ef032-a331-4872-9a20-d58cedf1a213,Concord Climate Action Committee,Concord,MA,7A Spofford Road,01921,https://concordma.gov/3324/Climate-Action-Committee,unknown,unknown,The Boxford Climate Action Committee focuses on local climate initiatives and sustainability efforts.,Municipal / Government-affiliated,"[""Town / City""]","['Residents', 'Businesses']","['Energy Efficiency', 'Transportation', 'Environmental', 'Food & Food Waste', 'Waste Reduction']",[],Community Engagement,,Verified,merge_engine,2026-05-25T00:27:17Z
22ecf9d1-4cf3-4731-b3d0-dad1b4ac2b02,Sustainable San Mateo County,South San Francisco,CA,1700 S El Camino Real,94402,https://sustainablesanmateo.org/,unknown,unknown,Sustainable San Mateo County is focused on climate action and sustainability initiatives in the region.,Nonprofit / Grassroots,Regional,['unknown'],['Unknown'],[],Unknown,,Not Verified,merge_engine,2026-05-25T03:12:12Z
22fe1935-9592-4630-9fcc-6e4c5d5c899e,Climate Action Now,Easthampton,MA,PO Box 1003,01027,https://www.climateactionnowma.org,unknown,unknown,Climate Action Now is a grassroots organization focused on climate justice and advocacy for climate action policies.,Nonprofit / Grassroots,Regional,['Residents'],['Environmental'],[],Policy,,Not Verified,merge_engine,2026-05-25T03:12:12Z
233c893b-19f4-4f61-bd40-7c3a0993c47b,Marlborough Energy Task Force,Marlboro,MA,"City Hall, 140 Main St",01752,https://www.marlborough-ma.gov/energy-task-force,unknown,unknown,The Marlborough Energy Task Force is focused on promoting energy efficiency and sustainability initiatives in the city.,Municipal / Government-affiliated,Town / City,"['Municipality', 'Residents']",['Energy Efficiency'],[],Community Engagement,,Not Verified,merge_engine,2026-05-25T03:12:12Z
23798578-e8a9-4668-82ce-e7ea2b34fcea,Berkeley Food Network,Berkeley,CA,1925 Ninth Street,94710,https://berkeleyfoodnetwork.org/,development@berkeleyfoodnetwork.org,510-616-5383,"The Berkeley Food Network is a nonprofit organization focused on ending hunger in Berkeley and Albany by providing easy and convenient access to healthy, high-quality free food through innovative, community-centered food sourcing and distribution.",Nonprofit / Grassroots,Regional,['Residents'],['Food & Food Waste'],[],Community Engagement,,Not Verified,merge_engine,2026-05-25T03:12:12Z
23cfeea6-3178-4efe-8d58-18cd39fc0173,Westport Climate Committee,Westport,MA,"Westport Town Hall, 816 Main Road",02790,https://www.westport-ma.com/climate-committee,unknown,unknown,The Westport Climate Committee focuses on climate action and sustainability initiatives in the town.,Municipality,Town / City,"['Municipality', 'Residents']",['Unknown'],[],Community Engagement,,Not Verified,merge_engine,2026-05-25T03:12:12Z
24058cc9-8446-47c5-8c53-4ac6b77573fc,Morro Bay Environmental Programs,Morro Bay,CA,595 Harbor Street,93442,https://www.morrobayca.gov/,unknown,805-772-6200,The City of Morro Bay's environmental programs include initiatives for climate adaptation and sustainability efforts.,Municipal / Government-affiliated,Town / City,"['Municipality', 'Residents']",['Environmental'],[],Community Engagement,,Not Verified,merge_engine,2026-05-25T03:12:12Z
24551771-61ed-47cb-a496-8a3df1a964e9,Amherst Community Connections,Amherst,MA,"Amherst, MA",01002,https://www.amherstcommunityconnections.org,unknown,unknown,Amherst Community Connections provides resources and programs that include climate education and community resilience.,Nonprofit / Grassroots,Town / City,['Residents'],['Unknown'],[],Community Engagement,,Not Verified,merge_engine,2026-05-25T03:12:12Z
2467bcb0-72c6-43c2-a3c2-62b9f7d106b9,Rooty Plain Youth Climate Coalition,Rooty Plain,MA,789 Oak St,01001,https://www.rootyplainycc.org,unknown,unknown,Rooty Plain Youth Climate Coalition engages youth in climate education and advocacy efforts to promote sustainability and resilience in their community.,Nonprofit / Grassroots,Town / City,['Residents'],['Environmental'],[],Community Engagement,,Not Verified,merge_engine,2026-05-25T03:12:12Z
246bb2bf-adbb-438e-9f89-8994a3f8622f,California Air Resources Board,Sacramento,CA,"1001 I Street, Sacramento, CA 95814",95814,https://ww2.arb.ca.gov/,helpline@arb.ca.gov,(800) 242-4450,"The California Air Resources Board (CARB) is responsible for protecting the public from the harmful effects of air pollution and developing programs and actions to fight climate change. CARB is a leader in clean air and climate policy, focusing on zero-emission vehicles and clean transportation.",Municipal / Government-affiliated,State / National,"['Businesses', 'Municipality', 'Residents']","['Environmental', 'Transportation', 'Energy Efficiency']",[],Policy,,Not Verified,merge_engine,2026-05-25T03:12:12Z
24f04888-d397-40de-8f80-0624263cb5a7,Tehachapi Renewable Transmission Project,Tehachapi,CA,"Tehachapi, CA",93561,http://www.tehachapirtp.com,unknown,unknown,"The Tehachapi Renewable Transmission Project is designed to facilitate the transmission of renewable energy sources, contributing to decarbonization efforts in the region.",unknown,Regional,['unknown'],['Energy Efficiency'],[],Conservation,,Not Verified,merge_engine,2026-05-25T03:12:12Z
252a7c6f-b190-4d73-b130-996d78de8c15,Sustainable Ipswich,Ipswich,MA,unknown,01938,http://www.sustainableipswich.org,unknown,unknown,Sustainable Ipswich promotes initiatives aimed at reducing carbon emissions and enhancing community resilience.,Nonprofit / Grassroots,Town / City,['Residents'],['Environmental'],[],Community Engagement,,Not Verified,merge_engine,2026-05-25T03:12:12Z
257997c9-7d6a-4a34-82f5-115557bba110,North Quabbin Energy,Royalston,MA,1 Greenfield Rd,01364,http://www.northquabbinenergy.org,unknown,unknown,"North Quabbin Energy is an informal network in north-central Massachusetts focused on energy conservation, renewable energy, and local food initiatives.",Nonprofit / Grassroots,Regional,['Residents'],"['Energy Efficiency', 'Environmental', 'Food & Food Waste']",[],Community Engagement,,Not Verified,merge_engine,2026-05-25T03:12:12Z
25917ae2-4876-4363-8c83-6d9969a7053c,Calistoga Climate Action Committee,Calistoga,MA,1234 Washington St,94515,https://concordma.gov/3324/Climate-Action-Committee,unknown,unknown,The Calistoga Climate Action Committee works on local climate initiatives and policies to reduce greenhouse gas emissions.,Nonprofit / Grassroots,"[""Town / City""]","['Residents', 'Businesses']","['Energy Efficiency', 'Transportation', 'Environmental', 'Food & Food Waste', 'Waste Reduction']",[],Policy,,Verified,merge_engine,2026-05-25T00:27:17Z
25e079af-1252-46bc-a209-fcc946c29b6a,Quincy Environmental and Energy Services,Quincy,MA,"Quincy, MA",02169,http://www.quincyenvironmentalservices.org,unknown,unknown,Quincy Environmental and Energy Services provides services aimed at improving energy efficiency and reducing carbon footprints in Quincy.,Nonprofit / Grassroots,Town / City,"['Businesses', 'Residents']",['Energy Efficiency'],[],Community Engagement,,Not Verified,merge_engine,2026-05-25T03:12:12Z
260527d7-6807-4063-997f-471ad27ec708,Kings County Climate Action Committee,Concord,MA,1400 W Lacey Blvd,93230,http://www.countyofkings.com/departments/administration/climate-action-committee,unknown,unknown,Kings County Climate Action Committee focuses on climate action and resilience planning.,Municipality,"[""Town / City""]","['Residents', 'Businesses']","['Energy Efficiency', 'Transportation', 'Environmental', 'Food & Food Waste', 'Waste Reduction']",[],Policy,,Verified,merge_engine,2026-05-25T00:27:17Z
261550b8-4773-4fc4-b235-b91558c70548,Burbank Climate Action Plan,Burbank,CA,275 E Olive Ave,91502,https://www.burbankca.gov/climateaction,unknown,unknown,The Burbank Climate Action Plan outlines strategies for reducing greenhouse gas emissions and enhancing community resilience to climate change.,Municipal / Government-affiliated,Town / City,"['Municipality', 'Residents']",['Unknown'],[],Unknown,,Not Verified,merge_engine,2026-05-25T03:12:12Z
2633bc29-1ee2-4626-abe9-1003217b89d1,Green Redondo Beach,Redondo Beach,CA,"Redondo Beach, CA",90277,http://www.greenredondobeach.org,unknown,unknown,Green Redondo Beach focuses on local climate action initiatives and sustainability programs.,Nonprofit / Grassroots,Town / City,['Residents'],['Environmental'],[],Community Engagement,,Not Verified,merge_engine,2026-05-25T03:12:12Z
263790b9-5f41-4fcc-b8be-f3a8c55e111d,South Bay Cities Council of Governments,Lawndale,CA,20285 S Western Ave,90505,https://www.southbaycities.org/,unknown,unknown,"The South Bay Cities Council of Governments (SBCCOG) is a joint powers authority government agency of 16 cities and Los Angeles County focused on maximizing the quality of life and productivity of the South Bay subregion of Los Angeles through collaboration, innovation, and advocacy in areas such as transportation, environment, and economic development.",Nonprofit / Grassroots,Regional,['Municipality'],"['Transportation', 'Energy Efficiency', 'Environmental']",[],Community Engagement,,Not Verified,merge_engine,2026-05-25T03:12:12Z
264ccec8-70d8-4c56-a151-5a8328c7705e,Green Malden,Malden,MA,"Malden City Hall, 200 Pleasant St",02148,http://www.greenmalden.org,unknown,unknown,Green Malden is focused on promoting sustainability and climate action in the Malden community.,Nonprofit / Grassroots,Town / City,['unknown'],['Unknown'],[],Unknown,,Not Verified,merge_engine,2026-05-25T03:12:12Z
267ddbd3-d9ee-4d25-99a7-db3d9bc4bf63,Concord Climate Action Committee,Concord,MA,16 Lincoln Rd,01773,https://concordma.gov/3324/Climate-Action-Committee,unknown,unknown,The Lincoln Climate Action Committee is focused on reducing greenhouse gas emissions and promoting sustainability in the community.,Municipal / Government-affiliated,"[""Town / City""]","['Residents', 'Businesses']","['Energy Efficiency', 'Transportation', 'Environmental', 'Food & Food Waste', 'Waste Reduction']",[],Community Engagement,,Verified,merge_engine,2026-05-25T00:27:17Z
26bc0ac9-67b7-415a-a21d-6b58c6b33e99,Concord Climate Action Committee,Concord,MA,"Maynard, MA",01754,https://concordma.gov/3324/Climate-Action-Committee,unknown,unknown,The Maynard Climate Action Committee is dedicated to reducing greenhouse gas emissions and promoting sustainability in the community.,Municipal / Government-affiliated,"[""Town / City""]","['Residents', 'Businesses']","['Energy Efficiency', 'Transportation', 'Environmental', 'Food & Food Waste', 'Waste Reduction']",[],Community Engagement,,Verified,merge_engine,2026-05-25T00:27:17Z
26e60da4-d8fd-48ac-a74d-b6ac3b539ff9,Climate Action Campaign,San Diego,CA,3900 Cleveland Ave.,92103,https://www.climateactioncampaign.org/,info@climateactioncampaign.org,(619) 419 - 1222,"Climate Action Campaign is a nonprofit organization dedicated to ending the climate crisis by advocating for clean air, clean energy, affordable bills, and healthy communities. They focus on local and state-level policy changes and community engagement to drive climate action and equity.",Nonprofit / Grassroots,State / National,"['Businesses', 'Municipality', 'Residents']","['Environmental', 'Energy Efficiency']",[],Policy,,Not Verified,merge_engine,2026-05-25T03:12:12Z
26eb6ef0-5b8c-4b37-9da7-21b077599534,El Cerrito Climate Action Network,El Cerrito,CA,"El Cerrito, CA",94530,http://www.elcerritoclimateaction.org,unknown,unknown,The El Cerrito Climate Action Network is focused on local climate action initiatives and community engagement to reduce greenhouse gas emissions.,Nonprofit / Grassroots,Town / City,['Residents'],['Environmental'],[],Community Engagement,,Not Verified,merge_engine,2026-05-25T03:12:12Z
26f85bab-638c-4088-8345-8f4aeb7d364b,Los Angeles County Climate Action Plan,Gardena,CA,"500 W Temple St, Room 365",90012,https://www.lacounty.gov/climate-action-plan,unknown,unknown,Los Angeles County's Climate Action Plan outlines strategies for reducing greenhouse gas emissions and adapting to climate change.,Municipal / Government-affiliated,Regional,"['Businesses', 'Municipality', 'Residents']",['Unknown'],[],Unknown,,Not Verified,merge_engine,2026-05-25T03:12:12Z
270870cf-a517-41ec-8eab-b262e9de0880,Pomona Climate Action Group,Pomona,CA,123 Climate St,91766,http://www.pomonaclimateaction.org,unknown,unknown,Pomona Climate Action Group focuses on reducing carbon emissions in the community.,Nonprofit / Grassroots,Town / City,['Residents'],['Energy Efficiency'],[],Community Engagement,,Not Verified,merge_engine,2026-05-25T03:12:12Z
272d54bf-86df-4eb9-9972-e8f647a78597,Kings County Climate Action Committee,Corcoran,MA,1400 W Lacey Blvd,93230,http://www.countyofkings.com/departments/administration/climate-action-committee,unknown,unknown,Kings County Climate Action Committee focuses on climate action and sustainability initiatives in the region.,Municipality,"[""Town / City""]","['Residents', 'Businesses']","['Energy Efficiency', 'Transportation', 'Environmental', 'Food & Food Waste', 'Waste Reduction']",[],Unknown,,Verified,merge_engine,2026-05-25T00:27:17Z
27445d51-a5f8-4e60-ba15-7519ee865d8d,Pomona Environmental Justice Alliance,Pomona,CA,789 Justice Blvd,91768,http://www.pomonaeja.org,unknown,unknown,The alliance addresses environmental justice issues with a focus on climate impacts on marginalized communities.,Nonprofit / Grassroots,Town / City,['Residents'],['Environmental'],[],Community Engagement,,Not Verified,merge_engine,2026-05-25T03:12:12Z
275509d1-4485-4b29-a4d2-2077b82eceed,Santa Monica's Energy and Climate Action Plan,Santa Monica,CA,1685 Main St,90401,https://www.smgov.net/Departments/OSE/ClimateActionPlan/,unknown,unknown,The plan outlines strategies for reducing greenhouse gas emissions and enhancing climate resilience.,Municipality,Town / City,"['Municipality', 'Residents']",['Unknown'],[],Unknown,,Not Verified,merge_engine,2026-05-25T03:12:12Z
2784dec4-1b8b-4373-8c70-891ec5bf1135,Green Downey,Downey,CA,"Downey, CA",90241,http://greendowney.org,unknown,unknown,Green Downey focuses on sustainability initiatives and climate action programs in the community.,Nonprofit / Grassroots,Town / City,['Residents'],['Unknown'],[],Community Engagement,,Not Verified,merge_engine,2026-05-25T03:12:12Z
27ce2f2b-42f1-45dd-9d22-35289a94361a,Holland Conservation Commission,Holland,MA,27 Sturbridge Rd,01521,http://www.hollandma.gov/conservation-commission,unknown,unknown,The Holland Conservation Commission is involved in local climate initiatives and planning.,Municipal / Government-affiliated,Town / City,"['Municipality', 'Residents']",['Environmental'],[],Conservation,,Not Verified,merge_engine,2026-05-25T03:12:12Z
280d1bb0-cb9d-4fc0-8d20-db30d9553c6a,Climate Action Fresno,Fresno,CA,1234 N Van Ness Ave,93721,https://www.climateactionfresno.org/,unknown,unknown,This organization focuses on local climate action initiatives and community engagement.,Nonprofit / Grassroots,Town / City,['Residents'],['Unknown'],[],Community Engagement,,Not Verified,merge_engine,2026-05-25T03:12:12Z
285b5ebf-3677-44eb-9389-e22432633501,San Luis Obispo County Air Pollution Control District,San Luis Obispo,CA,"3433 Roberto Ct, San Luis Obispo, CA 93401",93401,http://www.slocleanair.org,[email protected],(805) 781-5912,The San Luis Obispo County Air Pollution Control District is dedicated to protecting the health of county residents by preserving air quality through regulations and programs aimed at reducing air pollution.,Nonprofit / Grassroots,Regional,"['Businesses', 'Municipality', 'Residents']",['Environmental'],[],Policy,,Not Verified,merge_engine,2026-05-25T03:12:12Z
28929b1e-dc6f-4503-8cc0-52a5c20ad522,Sustainable Santa Barbara,Santa Barbara,CA,123 East Anapamu Street,93101,https://www.sustainablesb.org,unknown,unknown,Sustainable Santa Barbara works on initiatives related to climate action and sustainability in the community.,Nonprofit / Grassroots,unknown,['unknown'],['Unknown'],[],Unknown,,Not Verified,merge_engine,2026-05-25T03:12:12Z
28dfd14f-cdc5-4f01-933e-6dd6fadd0d39,San Juan Capistrano Climate Committee,San Juan Capistrano,CA,32400 Paseo Adelanto,92675,https://www.sanjuancapistrano.org/climate-committee,unknown,unknown,The Climate Committee focuses on local climate action initiatives and sustainability efforts.,Nonprofit / Grassroots,Town / City,"['Municipality', 'Residents']",['Unknown'],[],Community Engagement,,Not Verified,merge_engine,2026-05-25T03:12:12Z
29adc9e2-62fc-45b2-bf1e-40641c706930,Sustainable Bell Gardens,Bell Gardens,CA,unknown,90201,http://www.sustainablebellgardens.org,unknown,unknown,"Sustainable Bell Gardens focuses on local sustainability initiatives, including climate action and community resilience programs.",Nonprofit / Grassroots,Town / City,['Residents'],['Environmental'],[],Community Engagement,,Not Verified,merge_engine,2026-05-25T03:12:12Z
29deadf7-2ac7-4abb-9363-e5f4203eb93f,Concord Climate Action Committee,Concord,MA,484 Broadway,02149,https://concordma.gov/3324/Climate-Action-Committee,unknown,unknown,The Everett Climate Action Committee focuses on reducing greenhouse gas emissions and promoting sustainability initiatives in the city.,Municipal / Government-affiliated,"[""Town / City""]","['Residents', 'Businesses']","['Energy Efficiency', 'Transportation', 'Environmental', 'Food & Food Waste', 'Waste Reduction']",[],Community Engagement,,Verified,merge_engine,2026-05-25T00:27:17Z
29f4750f-396a-4698-80ed-04ddad9d290b,Green Berkshires,Gt. Barrington,MA,PO Box 342,01230,https://www.greenberkshires.org,info@greenberkshires.org,413.528.6854,"Green Berkshires supports communities dedicated to protecting the natural environment through science, education, and advocacy.",Nonprofit / Grassroots,Regional,['Residents'],['Environmental'],[],Community Engagement,,Not Verified,merge_engine,2026-05-25T03:12:12Z
2a11cf97-2c19-491c-8271-acd3efdb883a,California Climate Action Network,Santa Paula,CA,456 Main St,93060,http://calclimateaction.org,unknown,unknown,Aims to connect local communities with climate action resources and education.,Nonprofit / Grassroots,Regional,['Residents'],['Unknown'],[],Community Engagement,,Not Verified,merge_engine,2026-05-25T03:12:12Z
2a2d2a41-7a89-44ea-b181-b1885dfac399,Bennington Climate Action,Bennington,VT,unknown,05201,http://benningtonclimateaction.org,unknown,unknown,Bennington Climate Action is dedicated to reducing carbon emissions and promoting sustainability in our community.,Nonprofit / Grassroots,unknown,['unknown'],['Unknown'],[],Unknown,,Not Verified,merge_engine,2026-05-25T03:12:12Z
2a2d49b8-8dba-4fb6-baa4-d3a15af60260,Fitchburg Green Team,Fitchburg,MA,"City Hall, 718 Main St",01420,https://www.fitchburgma.gov/,FitchburgMAWMIP@wseinc.com,978-829-1800,The Fitchburg Green Team focuses on sustainability initiatives and climate action within the city.,Municipal / Government-affiliated,Town / City,"['Municipality', 'Residents']",['Environmental'],[],Community Engagement,,Not Verified,merge_engine,2026-05-25T03:12:12Z
2a4b192e-efab-4244-a8b5-df467f04eb3d,Santa Paula Climate Action Committee,Santa Paula,CA,"City Hall, 970 Ventura St",93060,http://spclimateaction.org,unknown,unknown,Dedicated to implementing climate action plans and policies in Santa Paula.,Nonprofit / Grassroots,Town / City,"['Municipality', 'Residents']",['Unknown'],[],Policy,,Not Verified,merge_engine,2026-05-25T03:12:12Z
2a5b1996-50a5-4f4c-ab4d-86efbe1f71e1,Sustainable Yorba Linda,Yorba Linda,CA,"Yorba Linda, CA",92886,http://www.sustainableyorbalinda.org,unknown,unknown,Sustainable Yorba Linda focuses on local sustainability initiatives and climate action programs.,Nonprofit / Grassroots,Town / City,['Residents'],['Environmental'],[],Community Engagement,,Not Verified,merge_engine,2026-05-25T03:12:12Z
2a8cf6e0-db09-443f-8a66-5885be82af9e,Sustainable San Mateo County,Burlingame,CA,2000 Alameda de las Pulgas,94402,https://sustainablesanmateo.org/,unknown,unknown,Sustainable San Mateo County works on climate action initiatives and sustainability programs in the region.,Nonprofit / Grassroots,Regional,['Residents'],['Environmental'],[],Community Engagement,,Not Verified,merge_engine,2026-05-25T03:12:12Z
2ab3e86d-538f-4ff0-a4a5-4ed4452654c0,New Hampshire Sustainable Energy Association,Nashua,NH,"Nashua, NH",03060,https://www.nhsea.org,unknown,unknown,"The NHSEA promotes sustainable energy solutions and policies across New Hampshire, including Nashua.",Nonprofit / Grassroots,State / National,['unknown'],['Unknown'],[],Unknown,,Not Verified,merge_engine,2026-05-25T03:12:12Z
2af13636-e7fa-44ac-b3eb-02ad2323bac9,Doles Corner Resilience Coalition,Doles Corner,MA,unknown,,https://www.dolescornerresilience.org,unknown,unknown,The Doles Corner Resilience Coalition focuses on climate adaptation strategies to prepare the community for climate-related challenges.,Nonprofit / Grassroots,Town / City,['Residents'],['Environmental'],[],Community Engagement,,Not Verified,merge_engine,2026-05-25T03:12:12Z
2b133052-9544-482d-b538-4c531e23c676,Sausalito Climate Action Network,Sausalito,CA,"Sausalito, CA",94965,https://www.sausalito.gov/climateaction,unknown,unknown,Sausalito Climate Action Network focuses on local climate action initiatives and community engagement.,Municipal / Government-affiliated,Town / City,['Residents'],['Environmental'],[],Community Engagement,,Not Verified,merge_engine,2026-05-25T03:12:12Z
2b64ffba-cb16-40c5-a7bf-b89bd1d989d5,Lafayette Climate Action Committee,Lafayette,CA,"City Hall, 3675 Mt. Diablo Blvd",94549,http://www.lovelafayette.org/climateaction,unknown,unknown,The Lafayette Climate Action Committee works on local climate planning and implementation of sustainability measures.,Nonprofit / Grassroots,Town / City,"['Municipality', 'Residents']",['Environmental'],[],Community Engagement,,Not Verified,merge_engine,2026-05-25T03:12:12Z
2baf6c4c-a969-446d-8e8d-f8b7b0178e6a,Sustainable San Ramon,San Ramon,NH,"123 Main St, San Ramon, CA 94583",94583,https://sustainablelebanon/wordpress.com,unknown,unknown,Sustainable San Ramon focuses on reducing carbon emissions and promoting renewable energy initiatives in the community.,Nonprofit / Grassroots,"[""Town / City""]","['Residents', 'Municipality', 'Businesses']","['Energy Efficiency', 'Transportation', 'Environmental', 'Food & Food Waste', 'Waste Reduction']",[],Unknown,,Verified,merge_engine,2026-05-25T00:27:17Z
2bc15ef6-4d52-4db2-a930-c2d9f77de5b4,Monterey County Resource Management Agency,Monterey,CA,1441 Schilling Place,93940,https://www.co.monterey.ca.us/government/departments/resource-management-agency,unknown,unknown,"The Monterey County Resource Management Agency works on waste reduction and climate action initiatives, including the implementation of the Monterey County Climate Action Plan.",Municipal / Government-affiliated,Regional,"['Municipality', 'Residents']",['Waste Reduction'],[],Community Engagement,,Not Verified,merge_engine,2026-05-25T03:12:12Z
2bf4fc48-d6a3-4083-b739-5c7246b06a33,New Hampshire Sustainable Energy Association,Tilton,NH,2 Pillsbury Street,03301,https://www.nhsea.org,unknown,unknown,NHSEA advocates for clean energy policies and programs that reduce greenhouse gas emissions and promote sustainability.,Nonprofit / Grassroots,State / National,"['Businesses', 'Municipality', 'Residents']",['Energy Efficiency'],[],Policy,,Not Verified,merge_engine,2026-05-25T03:12:12Z
2c135bd4-45cb-4675-8fc6-a7e6c6eb70b0,North Country Climate Action Network,Jefferson,NH,"Littleton, NH",03561,https://www.northcountryclimateaction.org,unknown,unknown,North Country Climate Action Network is dedicated to addressing climate change through local action and advocacy.,Nonprofit / Grassroots,unknown,['unknown'],['Unknown'],[],Unknown,,Not Verified,merge_engine,2026-05-25T03:12:12Z
2c2db0c5-5f51-4507-9fea-165d919690fc,Sustainable Energy Outreach Network,Cavendish,VT,"Cavendish Town Hall, 37 High St",05142,http://www.seon.org,unknown,unknown,Focus on energy efficiency and renewable energy initiatives in local communities.,Nonprofit / Grassroots,Regional,"['Businesses', 'Municipality', 'Residents']",['Energy Efficiency'],[],Community Engagement,,Not Verified,merge_engine,2026-05-25T03:12:12Z
2c4bb99f-636b-4305-92a1-cb1e98d8865e,Proctor Climate Action Group,Proctor,MA,123 Main St,01234,http://www.proctorclimateaction.org,unknown,unknown,Focus on local climate action initiatives and community engagement.,Nonprofit / Grassroots,Town / City,['Residents'],['Unknown'],[],Community Engagement,,Not Verified,merge_engine,2026-05-25T03:12:12Z
2ca07310-7555-4340-990a-76ee4f6170fb,Wayland Climate Action,Wayland,MA,"Wayland, MA",01778,http://www.waylandclimateaction.org,unknown,unknown,Wayland Climate Action is dedicated to reducing greenhouse gas emissions and promoting sustainability in the community.,Nonprofit / Grassroots,Town / City,['Residents'],['Environmental'],[],Community Engagement,,Not Verified,merge_engine,2026-05-25T03:12:12Z
2cc2fcdd-ceb8-4b9e-85be-66477708925b,Cal State Fullerton - Center for Sustainability,Orange,CA,800 N. State College Blvd,92831,https://sustainability.fullerton.edu,sustainability@fullerton.edu,unknown,"The Center for Sustainability at Cal State Fullerton is a hub for research, education, and community outreach regarding sustainability. It supports student groups, faculty, and the campus community through various sustainability-centered activities.",Academic,Regional,"['Businesses', 'Municipality', 'Residents']","['Environmental', 'Waste Reduction', 'Energy Efficiency', 'Food & Food Waste']",[],Community Engagement,,Not Verified,merge_engine,2026-05-25T03:12:12Z
2ce08557-2864-41e4-87db-9cd337c6355c,North County Climate Change Alliance,Solana Beach,CA,300 Carlsbad Village Dr,92008,https://www.northcountyclimate.org/,unknown,unknown,The North County Climate Change Alliance focuses on advocacy and education around climate change issues in North County.,Nonprofit / Grassroots,Regional,['Residents'],['Environmental'],[],Community Engagement,,Not Verified,merge_engine,2026-05-25T03:12:12Z
2ce4fff3-42f1-4835-9d87-9165c28571d0,Greater Newburyport Community Energy,Newburyport,MA,"Newburyport, MA",01950,https://www.greaternewburyportcommunityenergy.org,unknown,unknown,Greater Newburyport Community Energy focuses on community energy initiatives aimed at reducing carbon emissions and promoting renewable energy.,Nonprofit / Grassroots,Town / City,['Residents'],['Energy Efficiency'],[],Community Engagement,,Not Verified,merge_engine,2026-05-25T03:12:12Z
2d19df5e-06c1-4290-8203-2dd331e69c16,Middlesex Community College - Sustainability Programs,Lowell,MA,"33 Kearney Square, Lowell, MA",01852,http://www.middlesex.mass.edu/sustainability,MaglioB@middlesex.edu,800-818-3434,Middlesex Community College offers programs focused on sustainability and climate education.,Academic,Regional,"['Businesses', 'Municipality', 'Residents']",['Environmental'],[],Community Engagement,,Not Verified,merge_engine,2026-05-25T03:12:12Z
2d3cab33-6397-4f48-89d5-dc67ffd9dd49,Green Corona,Corona,CA,unknown,92880,http://www.greencorona.org,unknown,unknown,Green Corona is focused on sustainability initiatives that include climate action and education.,Nonprofit / Grassroots,Town / City,['Residents'],['Environmental'],[],Community Engagement,,Not Verified,merge_engine,2026-05-25T03:12:12Z
2d8c3197-bcf0-43f6-a222-70128c64059a,Sustainable Winhall,Winhall,VT,"Winhall, VT",05340,http://www.sustainablewinhall.org,unknown,unknown,Sustainable Winhall focuses on local climate action initiatives and community resilience programs.,Nonprofit / Grassroots,Town / City,['Residents'],['Unknown'],[],Community Engagement,,Not Verified,merge_engine,2026-05-25T03:12:12Z
2dcc022e-1cc1-4ab6-b964-bf1a5a4e1d88,Maynard Public Schools - Climate Education Program,Maynard,MA,"1 Tiger Drive, Maynard, MA",01754,http://www.maynardschools.org/climate-education,unknown,unknown,The Maynard Public Schools have implemented climate education programs aimed at teaching students about climate change and sustainability.,Nonprofit / Grassroots,Town / City,['Residents'],['Environmental'],[],Community Engagement,,Not Verified,merge_engine,2026-05-25T03:12:12Z
2dedb421-c2b8-4168-878b-e106204ca688,Berkshire Environmental Action Team,Lee,MA,20 Bank Row,01201,https://www.beatnb.org/,unknown,unknown,"Berkshire Environmental Action Team works on climate change initiatives and advocacy, focusing on environmental conservation and community engagement.",Nonprofit / Grassroots,Regional,['Residents'],['Environmental'],[],Community Engagement,,Not Verified,merge_engine,2026-05-25T03:12:12Z
2e0f1300-f717-472a-a877-59efb1db7170,Sustainable Energy Coalition,Carlsbad,CA,"Carlsbad, CA",92008,https://www.sustainableenergycoalition.org,unknown,unknown,The coalition promotes renewable energy and energy efficiency initiatives in the region.,Nonprofit / Grassroots,Regional,"['Businesses', 'Municipality', 'Residents']",['Energy Efficiency'],[],Policy,,Not Verified,merge_engine,2026-05-25T03:12:12Z
2e28bada-ab0b-478c-aaf9-4b5d6283530f,Sustainable El Cerrito,El Cerrito,CA,"El Cerrito, CA",94530,http://www.sustainableelcerrito.org,unknown,unknown,Sustainable El Cerrito promotes sustainability practices and climate action initiatives within the community.,Nonprofit / Grassroots,Town / City,['Residents'],"['Environmental', 'Waste Reduction', 'Energy Efficiency']",[],Community Engagement,,Not Verified,merge_engine,2026-05-25T03:12:12Z
2e4a559b-03b1-4882-b541-ef45c4609932,"University of California, Riverside - Climate Action",Riverside,CA,900 University Ave,92521,https://climate.ucr.edu,unknown,unknown,"The University of California, Riverside has a dedicated climate action plan and research initiatives focused on climate change.",Academic,unknown,['unknown'],['Unknown'],[],Unknown,,Not Verified,merge_engine,2026-05-25T03:12:12Z
2e4f2b8a-038d-4872-b817-289e694dccfb,Sherborn Climate Action Committee,Sherborn,MA,"Sherborn, MA",01770,https://concordma.gov/3324/Climate-Action-Committee,unknown,unknown,The Sherborn Climate Action Committee works on local climate initiatives and sustainability efforts.,Nonprofit / Grassroots,"[""Town / City""]","['Residents', 'Businesses']","['Energy Efficiency', 'Transportation', 'Environmental', 'Food & Food Waste', 'Waste Reduction']",[],Community Engagement,,Verified,merge_engine,2026-05-25T00:27:17Z
2e6d2b42-f3bf-41a1-8592-67456e9bbbf1,Sustainable Berkshires,Great Barrington,MA,unknown,01230,https://www.sustainableberkshires.org,unknown,unknown,Sustainable Berkshires focuses on sustainability initiatives that include climate action and community resilience.,Nonprofit / Grassroots,Regional,['Residents'],['Environmental'],[],Community Engagement,,Not Verified,merge_engine,2026-05-25T03:12:12Z
2e6dce2a-f015-4da8-bcec-788d7f27ff8f,Knights Crossing Urban Climate Adaptation Program,Knights Crossing,MA,505 Urban Way,01060,http://www.kcurbanadaptation.org,unknown,unknown,The Knights Crossing Urban Climate Adaptation Program focuses on urban planning and climate adaptation strategies for city infrastructure.,Nonprofit / Grassroots,Town / City,"['Municipality', 'Residents']",['Environmental'],[],Community Engagement,,Not Verified,merge_engine,2026-05-25T03:12:12Z
2e93507c-7773-433c-9618-de2585a27c1f,Youth for Climate Action - Stevens Crossing Chapter,Stevens Crossing,MA,321 Pine St,01001,https://www.youthforclimateaction.org,unknown,unknown,This youth-led organization focuses on climate education and advocacy for sustainable practices.,Nonprofit / Grassroots,Town / City,['Residents'],['Environmental'],[],Community Engagement,,Not Verified,merge_engine,2026-05-25T03:12:12Z
2eb05a6a-6b58-4ff8-8a0d-ec05d4e113cc,Burlington Electric Department,Burlington,VT,585 Pine Street,05401,https://www.burlingtonelectric.com/,unknown,802-865-7300,"Burlington Electric Department is committed to providing renewable energy and reducing greenhouse gas emissions through various programs, including electric vehicle incentives and heat pump installations, as part of the city's Net Zero Energy roadmap.",Municipality,Town / City,['Residents'],"['Energy Efficiency', 'Transportation']",[],Community Engagement,,Not Verified,merge_engine,2026-05-25T03:12:12Z
2eb565b7-4b2e-46d4-b181-368006afd98a,Green Jurupa Valley,Jurupa Valley,CA,1234 Main St,92509,http://www.greenjurupavalley.org,unknown,unknown,Green Jurupa Valley promotes local climate initiatives and community engagement in sustainability practices.,Nonprofit / Grassroots,Town / City,['Residents'],['Environmental'],[],Community Engagement,,Not Verified,merge_engine,2026-05-25T03:12:12Z
2ebd59ba-b985-4d84-842b-38a7d34474f9,Orange County Sustainability Initiative,Costa Mesa,CA,Various Locations,92626,https://www.ocgov.com/gov/ocsi,unknown,unknown,"This initiative focuses on sustainability and climate action across Orange County, including Costa Mesa.",unknown,Regional,['unknown'],['Unknown'],[],Unknown,,Not Verified,merge_engine,2026-05-25T03:12:12Z
2eccde1a-7f3d-45bf-837e-5ad04c0bba94,Lowell Sustainability Council,Ward Hill,MA,"Lowell, MA",01852,https://www.lowellsustainability.org/,unknown,unknown,"The Lowell Sustainability Council focuses on sustainability initiatives, including energy efficiency and climate resilience.",Nonprofit / Grassroots,Town / City,['Residents'],['Energy Efficiency'],[],Community Engagement,,Not Verified,merge_engine,2026-05-25T03:12:12Z
2f01605e-d59b-477a-9d7a-38d9f08bda0f,Anaheim Climate Action Plan,Anaheim,CA,200 S Anaheim Blvd,92805,https://www.anaheim.net/ClimateActionPlan,unknown,unknown,The Anaheim Climate Action Plan outlines strategies for reducing greenhouse gas emissions and enhancing resilience to climate change.,Municipality,Town / City,"['Municipality', 'Residents']",['Environmental'],[],Policy,,Not Verified,merge_engine,2026-05-25T03:12:12Z
2f1716ce-db3e-4add-a85a-0262d09efde6,Granite State Clean Cities Coalition,Bow,NH,2 Pillsbury St,03301,https://www.granitestatecleancities.org,unknown,unknown,The Granite State Clean Cities Coalition promotes alternative fuels and vehicles to reduce greenhouse gas emissions in transportation.,Nonprofit / Grassroots,State / National,"['Businesses', 'Municipality', 'Residents']",['Transportation'],[],Community Engagement,,Not Verified,merge_engine,2026-05-25T03:12:12Z
2f2ea533-8c5e-4fca-bd1c-d81f4331f576,Green Simi Valley,Simi Valley,CA,"Simi Valley, CA",93063,http://greensimivalley.org,unknown,unknown,Green Simi Valley is focused on sustainability initiatives including climate action and reducing carbon emissions.,Nonprofit / Grassroots,unknown,['unknown'],['Unknown'],[],Unknown,,Not Verified,merge_engine,2026-05-25T03:12:12Z
2f629250-9ad2-477f-bad2-24bc8b59d636,Sustainable Andover,Andover,MA,"Andover, MA",01810,https://www.sustainableandover.org/,unknown,unknown,Sustainable Andover promotes initiatives for reducing carbon emissions and enhancing sustainability in the community.,Nonprofit / Grassroots,Town / City,"['Residents', 'unknown']","['Energy Efficiency', 'Environmental']",[],Community Engagement,,Not Verified,merge_engine,2026-05-25T03:12:12Z
2f91c165-31c5-4d47-92d2-635fa69b560d,Marble Ridge Climate Action Group,Marble Ridge Station,MA,123 Climate St,01234,http://www.marbleclimateaction.org,unknown,unknown,Focus on local climate action initiatives and community engagement for emissions reduction.,Nonprofit / Grassroots,Town / City,['Residents'],['Environmental'],[],Community Engagement,,Not Verified,merge_engine,2026-05-25T03:12:12Z
2f92f55a-4279-4189-ba43-f689002d6d86,Hopkinton Energy Committee,Hopkinton,NH,"Hopkinton Town Hall, 330 Main St",03229,https://www.hopkinton-nh.gov/energy-committee,unknown,unknown,The Energy Committee works on energy efficiency and renewable energy initiatives to reduce the town's carbon footprint.,Municipal / Government-affiliated,Town / City,"['Municipality', 'Residents']",['Energy Efficiency'],[],Community Engagement,,Not Verified,merge_engine,2026-05-25T03:12:12Z
2fc38316-1f49-4d33-89a3-1b6b5a3a601c,Hubbardston Climate Action Committee,Hubbardston,MA,7 Main St,01452,http://www.hubbardstonma.us/climate-action-committee,unknown,unknown,The Hubbardston Climate Action Committee focuses on local climate initiatives and sustainability efforts.,Municipality,Town / City,['Residents'],['Unknown'],[],Community Engagement,,Not Verified,merge_engine,2026-05-25T03:12:12Z
2fe09de0-be1c-4cc1-96e7-36e765c3146f,Sustainable South Burlington,South Burlington,VT,180 Market Street,05403,https://www.sustainablesouthburlington.org,unknown,unknown,Sustainable South Burlington works on initiatives that promote energy efficiency and renewable energy.,Nonprofit / Grassroots,unknown,['unknown'],['Energy Efficiency'],[],Unknown,,Not Verified,merge_engine,2026-05-25T03:12:12Z
3076c9f8-6dc6-4fea-baeb-d21d8ab15488,Petersham Energy Committee,Petersham,MA,"Petersham Town Hall, 3 East St",01366,http://www.petersham-ma.gov/energy-committee,unknown,unknown,The Petersham Energy Committee focuses on energy efficiency and renewable energy initiatives to reduce carbon emissions.,Municipal / Government-affiliated,Town / City,"['Municipality', 'Residents']",['Energy Efficiency'],[],Community Engagement,,Not Verified,merge_engine,2026-05-25T03:12:12Z
3088f3aa-46a9-4336-ad42-bac7db6ba38f,New Bedford Energy and Sustainability Committee,New Bedford,MA,"133 William Street, Room 208",02740,https://www.newbedford-ma.gov/energy-sustainability-committee/,unknown,unknown,"The Energy and Sustainability Committee focuses on energy efficiency, renewable energy, and sustainability initiatives in New Bedford.",Municipal / Government-affiliated,Town / City,"['Municipality', 'Residents']",['Energy Efficiency'],[],Community Engagement,,Not Verified,merge_engine,2026-05-25T03:12:12Z
308c840a-3700-41d3-86b5-329ea8c36b8e,Bay Area Climate Collaborative,Burlingame,CA,100 Spear Street,94105,https://www.bayareaclimatesolutions.org/,unknown,unknown,The Bay Area Climate Collaborative works on regional climate action and energy efficiency programs.,Nonprofit / Grassroots,Regional,"['Businesses', 'Municipality', 'Residents']",['Energy Efficiency'],[],Community Engagement,,Not Verified,merge_engine,2026-05-25T03:12:12Z
30997131-98dd-4b51-a007-ee0300229cfa,City of Industry,City of Industry,CA,15625 Mayor Dave Way,91744,http://www.cityofindustry.org/,unknown,626-333-2211,"The City of Industry focuses on sustainability initiatives, including energy efficiency programs and waste reduction efforts.",Nonprofit / Grassroots,Town / City,"['Businesses', 'Residents']","['Energy Efficiency', 'Waste Reduction']",[],Community Engagement,,Not Verified,merge_engine,2026-05-25T03:12:12Z
30a6c408-d01d-445b-b1c8-8a69fab7616f,Sausalito Sustainability Commission,Sausalito,CA,"Sausalito, CA",94965,https://www.sausalito.gov/sustainability,unknown,unknown,The Sustainability Commission advises the city on sustainability practices and climate action plans.,Municipal / Government-affiliated,Town / City,['Municipality'],['Environmental'],[],Policy,,Not Verified,merge_engine,2026-05-25T03:12:12Z
30b9206b-1529-44e6-ab7f-2cc8e9208dbf,New Hampshire Sustainable Energy Association (NHSEA),Manchester,NH,PO Box 2021,03101,https://www.nhsea.org,unknown,unknown,NHSEA promotes sustainable energy solutions and policies that reduce carbon emissions across New Hampshire.,Nonprofit / Grassroots,State / National,"['Businesses', 'Municipality', 'Residents']",['Energy Efficiency'],[],Policy,,Not Verified,merge_engine,2026-05-25T03:12:12Z
3127cd84-4676-4987-8fd6-83bb755d72fd,New Hampshire Climate Action Network,Lempster,NH,2 Pillsbury Street,03301,https://nhclimateaction.org,unknown,unknown,The New Hampshire Climate Action Network advocates for policies that address climate change and promote sustainability in New Hampshire.,Nonprofit / Grassroots,State / National,"['Businesses', 'Municipality', 'Residents']",['Environmental'],[],Policy,,Not Verified,merge_engine,2026-05-25T03:12:12Z
314be1d5-a031-40dc-a572-3717f3c1cdcc,Westminster Climate Action Coalition,Westminster,CA,12345 Beach Blvd,92683,http://www.westminsterclimateaction.org,unknown,unknown,The Westminster Climate Action Coalition focuses on reducing carbon emissions and promoting renewable energy initiatives in the community.,Nonprofit / Grassroots,Town / City,['Residents'],['Energy Efficiency'],[],Community Engagement,,Not Verified,merge_engine,2026-05-25T03:12:12Z
3154b2a2-b809-466e-b727-15ade0779c1b,New Hampshire Sustainable Energy Association,Temple,NH,"Concord, NH",03301,https://www.nhsea.org,unknown,unknown,NHSEA promotes sustainable energy solutions and advocates for policies that support energy efficiency and renewable energy.,Nonprofit / Grassroots,State / National,"['Businesses', 'Municipality', 'Residents']",['Energy Efficiency'],[],Policy,,Not Verified,merge_engine,2026-05-25T03:12:12Z
315c1091-ce23-4dec-acb9-d6f1b71071d1,Green Vacaville,Vacaville,CA,"Vacaville, CA",95688,http://www.greenvacaville.org,unknown,unknown,Focus on local climate initiatives and sustainability practices in Vacaville.,Nonprofit / Grassroots,Town / City,['Residents'],['Unknown'],[],Community Engagement,,Not Verified,merge_engine,2026-05-25T03:12:12Z
31999953-0160-4988-a091-4b4fb5e2b387,Green Medford,Medford,MA,"Medford City Hall, 85 George P. Hassett Drive",02155,http://www.medfordma.org/green-medford/,unknown,unknown,Green Medford is focused on sustainability initiatives and climate action in the community.,Nonprofit / Grassroots,Town / City,['Residents'],['Environmental'],[],Community Engagement,,Not Verified,merge_engine,2026-05-25T03:12:12Z
31c48535-26b2-45c5-be65-ff88caa71e47,Green El Monte,El Monte,CA,11333 Valley Blvd,91731,http://www.greenelmonte.org,unknown,unknown,Green El Monte is focused on sustainability initiatives and climate action in the community.,Nonprofit / Grassroots,Town / City,['Residents'],['Environmental'],[],Community Engagement,,Not Verified,merge_engine,2026-05-25T03:12:12Z
31cb674e-aaf7-4274-bee4-5092e8c0f014,Green Salinas,Salinas,CA,1234 Main St,93901,http://www.greensalinas.org,unknown,unknown,Green Salinas works on initiatives to reduce greenhouse gas emissions and promote sustainable practices in the community.,Nonprofit / Grassroots,unknown,['unknown'],['Unknown'],[],Unknown,,Not Verified,merge_engine,2026-05-25T03:12:12Z
31d1f8a8-da15-42ce-b462-76a0c9b15dc1,Blackstone Valley Climate Action,Douglas,MA,unknown,01516,https://www.bvclimateaction.org,unknown,unknown,Focus on local climate action initiatives and community engagement for sustainability.,Nonprofit / Grassroots,Regional,['Residents'],['Unknown'],[],Community Engagement,,Not Verified,merge_engine,2026-05-25T03:12:12Z
320fcc04-618e-4f7d-85cb-9b847c1f801a,Green Bennington,Bennington,VT,unknown,05201,http://greenbennington.org,unknown,unknown,Green Bennington is focused on creating a sustainable future through climate action and community initiatives.,Nonprofit / Grassroots,Town / City,['Residents'],['Unknown'],[],Community Engagement,,Not Verified,merge_engine,2026-05-25T03:12:12Z
3217726a-e5c6-41e6-9dce-760dc54e3e4d,Concord Climate Action Committee,Concord,MA,"City Hall, 333 Civic Center Plaza",95376,https://concordma.gov/3324/Climate-Action-Committee,unknown,unknown,The Tracy Climate Action Committee focuses on local climate initiatives and sustainability efforts.,Municipality,"[""Town / City""]","['Residents', 'Businesses']","['Energy Efficiency', 'Transportation', 'Environmental', 'Food & Food Waste', 'Waste Reduction']",[],Community Engagement,,Verified,merge_engine,2026-05-25T00:27:17Z
323c048b-cfee-47fc-a00e-6868235e299e,Redlands Climate Action Network,Redlands,CA,unknown,92373,https://www.redlandscan.org,unknown,unknown,The Redlands Climate Action Network is dedicated to advocating for local climate action and policies that reduce carbon emissions.,Nonprofit / Grassroots,Town / City,['Residents'],['Environmental'],[],Policy,,Not Verified,merge_engine,2026-05-25T03:12:12Z
32403594-f8f2-4bbb-9e6c-69ec5412a710,Sustainable Amherst,Amherst,MA,"Amherst, MA",01002,https://sustainableamherst.org,unknown,unknown,Sustainable Amherst promotes sustainability initiatives and climate action in the community.,Nonprofit / Grassroots,Town / City,['Residents'],['Unknown'],[],Community Engagement,,Not Verified,merge_engine,2026-05-25T03:12:12Z
3241285d-1215-43db-93e4-c72c376188ce,Climate Action Network,Solana Beach,CA,505 S Coast Hwy 101,92024,https://www.climateactionnetwork.org/,unknown,unknown,Climate Action Network focuses on community engagement and education around climate action initiatives.,Nonprofit / Grassroots,unknown,['unknown'],['Unknown'],[],Community Engagement,,Not Verified,merge_engine,2026-05-25T03:12:12Z
32779c47-ae59-4001-9edc-16f64d14be5f,New Hampshire Sustainable Energy Association (NHSEA),Exeter,NH,"Exeter, NH",03833,https://www.nhsea.org,unknown,unknown,"NHSEA advocates for sustainable energy policies and practices in New Hampshire, focusing on reducing carbon emissions.",Nonprofit / Grassroots,State / National,"['Businesses', 'Municipality', 'Residents']",['Energy Efficiency'],[],Policy,,Not Verified,merge_engine,2026-05-25T03:12:12Z
327fccca-a4d3-4b89-94c5-177928aea603,New London Energy Committee,New London,NH,"New London Town Hall, 15 Main St",03257,https://www.newlondonnh.org/energy-committee,unknown,unknown,"The Energy Committee works on energy efficiency, renewable energy, and climate action initiatives.",Nonprofit / Grassroots,Town / City,"['Municipality', 'Residents']",['Energy Efficiency'],[],Community Engagement,,Not Verified,merge_engine,2026-05-25T03:12:12Z
3288b8c8-9be0-4392-b240-5fd8b212f7f5,Sacramento Climate Coalition,Citrus Heights,CA,1000 G Street,95814,https://sacramentoclimatecoalition.org/,unknown,unknown,The Sacramento Climate Coalition works on local climate action initiatives and promotes policies for reducing carbon emissions in the region.,Nonprofit / Grassroots,Regional,"['Businesses', 'Municipality', 'Residents']",['Green Economics'],[],Community Engagement,,Not Verified,merge_engine,2026-05-25T03:12:12Z
3297a5b0-2a54-4c9b-b658-92915140cbe9,Orange County Climate Collaborative,Stanton,CA,300 N Flower St,92701,https://www.occlimate.org/,unknown,unknown,The Orange County Climate Collaborative works to reduce greenhouse gas emissions and promote climate resilience in Orange County.,Nonprofit / Grassroots,unknown,['unknown'],['Unknown'],[],Unknown,,Not Verified,merge_engine,2026-05-25T03:12:12Z
32b69556-39de-4489-b3a8-23f13dfd2427,Green Wrentham,Wrentham,MA,"Wrentham, MA",02093,http://www.greenwrentham.org,unknown,unknown,Green Wrentham focuses on sustainability initiatives and community education related to climate action.,Nonprofit / Grassroots,Town / City,['Residents'],['Environmental'],[],Community Engagement,,Not Verified,merge_engine,2026-05-25T03:12:12Z
32c4e8d0-bfb7-414e-a059-dda8745b2345,Green Gloucester,Gloucester,MA,unknown,01930,http://www.greengloucester.org,unknown,unknown,Green Gloucester focuses on local climate action initiatives and sustainability programs.,Nonprofit / Grassroots,Town / City,['Residents'],"['Environmental', 'Waste Reduction']",[],Community Engagement,,Not Verified,merge_engine,2026-05-25T03:12:12Z
32cb8ef8-3766-4cc0-8eec-5d5267a8c19a,Sustainable Laguna Beach,Laguna Beach,CA,PO Box 2223,92651,http://www.sustainablelagunabeach.org,unknown,unknown,Sustainable Laguna Beach promotes initiatives aimed at reducing emissions and enhancing community resilience to climate change.,Nonprofit / Grassroots,Town / City,['Residents'],"['Environmental', 'Energy Efficiency']",[],Community Engagement,,Not Verified,merge_engine,2026-05-25T03:12:12Z
32ce9fee-1ed8-4d2b-b3d0-5d7fdb18d222,Litchfield Energy Committee,Litchfield,NH,2 Liberty Way,03052,http://www.litchfieldnh.gov/energy-committee,unknown,unknown,The Litchfield Energy Committee focuses on energy efficiency and renewable energy initiatives to reduce carbon emissions in the community.,Municipal / Government-affiliated,Town / City,['Residents'],['Energy Efficiency'],[],Community Engagement,,Not Verified,merge_engine,2026-05-25T03:12:12Z
32efe3f0-d256-48fb-8aef-d745c45caa9e,North Bay Climate Action Coalition,Santa Rosa,CA,123 Main St.,95401,https://northbayclimateaction.org,unknown,unknown,The coalition works on regional climate initiatives and advocacy for climate policies.,Nonprofit / Grassroots,Regional,"['Businesses', 'Municipality', 'Residents']",['Unknown'],[],Policy,,Not Verified,merge_engine,2026-05-25T03:12:12Z
331b4a7a-aacc-4da2-8949-f0b3d5e7c64b,Culver City Unified School District,Culver City,CA,"4034 Irving Place, Culver City, CA",90232,https://www.ccusd.org/,[email protected],(310) 842-4220,"Culver City Unified School District is committed to excellence for all students, providing challenging educational experiences and fostering a passion for teaching and learning with committed parent and community involvement.",Nonprofit / Grassroots,Town / City,['Residents'],['Unknown'],[],Community Engagement,,Not Verified,merge_engine,2026-05-25T03:12:12Z
3337a053-bfae-4017-9e02-5cd7c150cf49,San Mateo County Office of Sustainability,San Bruno,CA,"400 County Center, 1st",94402,https://www.smcsustainability.org/,unknown,unknown,"The San Mateo County Office of Sustainability focuses on climate action, reducing greenhouse gas emissions, waste reduction, and promoting sustainable practices within the county.",Nonprofit / Grassroots,Regional,"['Businesses', 'Municipality', 'Residents']","['Environmental', 'Waste Reduction', 'Energy Efficiency', 'Transportation']",[],Community Engagement,,Not Verified,merge_engine,2026-05-25T03:12:12Z
33803cb4-ad6b-4173-9311-da973be6b4b5,Wayland Public Schools - Climate Education,Wayland,MA,"Wayland, MA",01778,http://www.wayland.k12.ma.us/climate-education,unknown,unknown,Wayland Public Schools incorporates climate education into their curriculum to raise awareness among students.,Municipal / Government-affiliated,Town / City,['Residents'],['Environmental'],[],Community Engagement,,Not Verified,merge_engine,2026-05-25T03:12:12Z
338bb426-827d-4d18-af69-d7115260d9d3,Mountain View Climate Action Plan,Mountain View,CA,"500 Castro St, Mountain View, CA 94043",94043,https://www.mountainview.gov/depts/comdev/planning/climate_action_plan.asp,unknown,unknown,The Mountain View Climate Action Plan outlines strategies for reducing greenhouse gas emissions and enhancing community resilience to climate change.,Municipal / Government-affiliated,Town / City,"['Municipality', 'Residents']",['Unknown'],[],Unknown,,Not Verified,merge_engine,2026-05-25T03:12:12Z
33bb7b66-e5ac-4135-b0e7-fc0a17bcd14b,Sustainable Montpelier Coalition,Washington,VT,"Montpelier, VT",05602,https://sustainablemontpelier.org/,unknown,unknown,The Sustainable Montpelier Coalition focuses on climate action and sustainability initiatives within the city.,Nonprofit / Grassroots,Town / City,['Residents'],['Unknown'],[],Community Engagement,,Not Verified,merge_engine,2026-05-25T03:12:12Z
33ea5175-b8a5-4cb8-b9cb-d997ada02f71,Green Wolfeboro,Wolfeboro,NH,"Wolfeboro, NH",03894,http://www.greenwolfeboro.org,unknown,unknown,Green Wolfeboro focuses on local initiatives to reduce carbon emissions and promote sustainable practices in the community.,Nonprofit / Grassroots,Town / City,['Residents'],['Green Economics'],[],Community Engagement,,Not Verified,merge_engine,2026-05-25T03:12:12Z
33ef5ea0-d196-404a-aed8-28b0e40f4c3c,Bay Area Regional Collaborative,San Mateo,CA,1001 Marina Blvd,94402,https://www.bayareacollaborative.org,unknown,unknown,"The Bay Area Regional Collaborative focuses on regional climate resilience and adaptation strategies across the Bay Area, including San Mateo.",Nonprofit / Grassroots,Regional,"['Businesses', 'Municipality', 'Residents']",['Environmental'],[],Community Engagement,,Not Verified,merge_engine,2026-05-25T03:12:12Z
33ef72ce-b28e-4311-ae25-9bc7c586e1cc,Green Newton,Newton,MA,"Newton City Hall, 1000 Commonwealth Ave",02460,https://www.greennewton.org/,armela@greennewton.org,(617) 440-5646,"Green Newton empowers residents, businesses, and schools to take meaningful climate action in the community through education, advocacy, and collaboration, promoting practical solutions for energy, waste, water, and resource use.",Nonprofit / Grassroots,"[""Town / City""]","['Residents', 'Municipality', 'Businesses']","['Energy Efficiency', 'Transportation', 'Environmental', 'Food & Food Waste', 'Waste Reduction', 'Green Economics']",[],Community Engagement,,Verified,merge_engine,2026-05-25T03:12:12Z
33fac79a-9f70-4938-9023-c036f26aebbb,Pomona Climate Resilience Task Force,Pomona,CA,654 Resilience Rd,91770,http://www.pomonaclimate.org,unknown,unknown,The task force develops strategies for climate adaptation and resilience in the community.,Nonprofit / Grassroots,Town / City,"['Municipality', 'Residents']",['Environmental'],[],Community Engagement,,Not Verified,merge_engine,2026-05-25T03:12:12Z
33fc87c8-9e83-4523-b6e8-a693e0eebd89,Modesto Environmental Justice Coalition,Modesto,CA,1357 Birch St,95354,http://www.modestoejcoalition.org,unknown,unknown,Addresses environmental justice issues with a focus on climate impacts on vulnerable communities.,Nonprofit / Grassroots,Town / City,['Residents'],['Environmental'],[],Community Engagement,,Not Verified,merge_engine,2026-05-25T03:12:12Z
34037d4a-c146-4797-ac7f-b97a63bd3887,Waltham Climate Action Network,Waltham,MA,"Waltham, MA",02451,http://www.walthamclimateaction.org,unknown,unknown,The Waltham Climate Action Network focuses on local climate initiatives and community engagement for climate resilience.,Nonprofit / Grassroots,Town / City,['Residents'],['Unknown'],[],Community Engagement,,Not Verified,merge_engine,2026-05-25T03:12:12Z
34085a6b-104b-4bde-8775-6507df43b6cc,Climate Action Now Western Massachusetts,Springfield,MA,PO Box 603,01103,https://www.climateactionnowma.org/,unknown,unknown,Climate Action Now is focused on climate advocacy and mobilizing community action for climate solutions.,Nonprofit / Grassroots,Regional,['Residents'],['Environmental'],[],Community Engagement,,Not Verified,merge_engine,2026-05-25T03:12:12Z
342c35c4-a9e6-4585-ab86-8d8087992a8d,City of Arcata Climate Action Committee,Arcata,CA,736 F St,95521,https://www.cityofarcata.org/climateaction,unknown,unknown,The City of Arcata's Climate Action Committee is responsible for implementing the city's climate action plan.,Nonprofit / Grassroots,Town / City,"['Municipality', 'Residents']",['Unknown'],[],Policy,,Not Verified,merge_engine,2026-05-25T03:12:12Z
343dd57d-dc2c-4dbd-82ef-9700196e08c8,Redlands Sustainability Committee,Redlands,MA,"35 Cajon St, Redlands, CA 92373",92373,https://www.westonma.gov/1296/Sustainability-Committee,unknown,unknown,The Redlands Sustainability Committee focuses on initiatives to reduce greenhouse gas emissions and promote sustainable practices in the community.,Municipal / Government-affiliated,"[""Town / City""]","['Residents', 'Municipality']","['Energy Efficiency', 'Transportation', 'Food & Food Waste']",[],Community Engagement,,Verified,merge_engine,2026-05-25T00:27:17Z
3448973a-a0d0-4eec-a221-45680655cbea,Lynnfield Climate Action Committee,Lynnfield,MA,"Lynnfield Town Hall, 55 Summer Street",01940,https://www.lynnfield.ma.us/climate-action-committee,unknown,unknown,The Lynnfield Climate Action Committee is dedicated to reducing greenhouse gas emissions and promoting sustainability initiatives in the community.,Municipal / Government-affiliated,"[""Town / City""]","['Residents', 'Businesses']","['Energy Efficiency', 'Transportation', 'Environmental', 'Food & Food Waste', 'Waste Reduction']",[],Community Engagement,,Verified,merge_engine,2026-05-25T00:27:17Z
347ce7c4-5b41-4bca-8fb1-8d28312a3a84,Sustainable Santa Cruz,Santa Cruz,CA,PO Box 1000,95060,http://sustainablesantacruz.org,unknown,unknown,Focuses on climate action and sustainability initiatives in Santa Cruz.,Nonprofit / Grassroots,Town / City,['Residents'],['Unknown'],[],Community Engagement,,Not Verified,merge_engine,2026-05-25T03:12:12Z
348c40a4-b977-4414-b1a3-6547996f1216,Cool California,Roseville,CA,unknown,95678,https://coolcalifornia.arb.ca.gov,,916-324-1503,"Cool California provides resources and tools for residents, businesses, schools, and local governments to reduce their carbon footprint and engage in climate action.",Nonprofit / Grassroots,State / National,"['Businesses', 'Municipality', 'Residents']","['Environmental', 'Energy Efficiency', 'Transportation', 'Waste Reduction']",[],Community Engagement,,Not Verified,merge_engine,2026-05-25T03:12:12Z
34c93346-4723-49b5-a9e6-a631373a1bc3,Amador County Climate Action Committee,Jackson,CA,810 Court St,95642,http://www.amadorgov.org/climateaction,unknown,unknown,Amador County Climate Action Committee focuses on climate action and resilience planning in the region.,Nonprofit / Grassroots,Regional,"['Municipality', 'Residents']",['Unknown'],[],Policy,,Not Verified,merge_engine,2026-05-25T03:12:12Z
34cb6b21-804d-4978-80b4-8f64858d5c8f,Fall River Energy Efficiency Program,Fall River,MA,654 Energy Way,02720,http://fallriverenergyefficiency.org,unknown,unknown,Promoting energy efficiency and electrification in local homes.,Nonprofit / Grassroots,Town / City,['Residents'],['Energy Efficiency'],[],Community Engagement,,Not Verified,merge_engine,2026-05-25T03:12:12Z
34e474f2-6c77-4085-b4d2-b663568ede2d,San Diego Climate Collaborative,El Cajon,CA,5678 Greenway Dr,92020,http://www.sdclimatecollaborative.org,unknown,unknown,Works on regional climate planning and implementation strategies.,Nonprofit / Grassroots,Regional,"['Businesses', 'Municipality', 'Residents']",['Environmental'],[],Community Engagement,,Not Verified,merge_engine,2026-05-25T03:12:12Z
358dd8ce-bdc0-4bc0-b4ae-a7c332abaf59,Marblehead Climate Action Committee,Marblehead,MA,"Marblehead, MA",01945,https://concordma.gov/3324/Climate-Action-Committee,unknown,unknown,The Marblehead Climate Action Committee focuses on local climate planning and implementation strategies.,Nonprofit / Grassroots,"[""Town / City""]","['Residents', 'Businesses']","['Energy Efficiency', 'Transportation', 'Environmental', 'Food & Food Waste', 'Waste Reduction']",[],Community Engagement,,Verified,merge_engine,2026-05-25T00:27:17Z
358f206d-6f82-4a23-a0e3-0ef1603d3549,Newburyport Youth Climate Action,Newburyport,MA,"Newburyport High School, 241 High St",01950,https://www.newburyportyouthclimateaction.org,unknown,unknown,This group engages youth in climate education and advocacy efforts.,Nonprofit / Grassroots,Town / City,['Residents'],['Environmental'],[],Community Engagement,,Not Verified,merge_engine,2026-05-25T03:12:12Z
35a66f5c-9e83-432d-8f99-18ffc319ea7a,Temecula Clean Energy Program,Temecula,CA,"404 Clean Energy Ave, Temecula, CA 92592",92592,http://temeculacleanenergy.org,unknown,unknown,unknown,Nonprofit / Grassroots,unknown,['unknown'],['Unknown'],[],Unknown,,Not Verified,merge_engine,2026-05-25T03:12:12Z
35d0d1ff-017a-430d-bd0c-e288f18f21e7,Brookline Municipal Climate Committee,Brookline,MA,"Brookline, MA",02445,https://www.brooklinema.gov/ClimateCommittee,unknown,unknown,The Brookline Municipal Climate Committee works on local climate action plans and policies to mitigate climate change effects.,Municipal / Government-affiliated,Town / City,"['Municipality', 'Residents']",['Environmental'],[],Policy,,Not Verified,merge_engine,2026-05-25T03:12:12Z
36234775-37e2-42d1-b793-12e1af5001e2,Sustainable Woodside,Woodside,CA,"Woodside, CA",94062,https://sustainablewoodside.org,unknown,unknown,Sustainable Woodside focuses on climate action and sustainability initiatives in the community.,Nonprofit / Grassroots,unknown,['unknown'],['Unknown'],[],Unknown,,Not Verified,merge_engine,2026-05-25T03:12:12Z
369b8532-c727-48c7-88da-ab8b2f4bb953,Pinefield Resilience Committee,Pinefield,MA,101 Resilience Rd,12345,http://www.pinefieldresilience.org,unknown,unknown,Developing climate adaptation strategies for local communities.,Nonprofit / Grassroots,Town / City,['Residents'],['Environmental'],[],Community Engagement,,Not Verified,merge_engine,2026-05-25T03:12:12Z
36cec706-126b-4ec2-9aee-e323edb7473d,New Hampshire Sustainable Energy Association (NHSEA),Lebanon,NH,2 Pillsbury Street,03301,https://www.nhsea.org/,unknown,unknown,NHSEA advocates for clean energy policies and programs in New Hampshire.,Nonprofit / Grassroots,State / National,"['Businesses', 'Municipality', 'Residents']",['Energy Efficiency'],[],Policy,,Not Verified,merge_engine,2026-05-25T03:12:12Z
37068a62-fe8d-441e-ae80-75560cc16cdb,Newburyport Climate Committee,Newburyport,MA,"Newburyport City Hall, 60 Pleasant St",01950,https://www.cityofnewburyport.com/climate-committee,unknown,unknown,The Newburyport Climate Committee works on initiatives related to climate action and sustainability in the city.,Municipality,Town / City,"['Municipality', 'Residents']",['Environmental'],[],Community Engagement,,Not Verified,merge_engine,2026-05-25T03:12:12Z
3711a6eb-a28f-4ac1-9f77-3a6a3133cacd,North Country Climate Action,Franconia,NH,45 Main St,03561,http://www.northcountryclimateaction.org,unknown,unknown,North Country Climate Action is focused on climate action and advocacy in the North Country region of New Hampshire.,Nonprofit / Grassroots,Regional,['unknown'],['Unknown'],[],Unknown,,Not Verified,merge_engine,2026-05-25T03:12:12Z
372f7907-d458-41b7-9add-bae1182acbf5,New Hampshire Climate Action Network,Campton,NH,PO Box 123,03223,http://www.nhclimateaction.org,unknown,unknown,The New Hampshire Climate Action Network works on climate advocacy and policy initiatives to reduce greenhouse gas emissions in the state.,Nonprofit / Grassroots,State / National,"['Businesses', 'Municipality', 'Residents']",['Environmental'],[],Policy,,Not Verified,merge_engine,2026-05-25T03:12:12Z
37313903-268f-49aa-a038-b4cce4543f08,Concord Climate Action Committee,Concord,MA,"1600 Huntington Dr, Duarte, CA 91010",91010,https://concordma.gov/3324/Climate-Action-Committee,unknown,unknown,The Duarte Climate Action Committee works on local climate action plans and community resilience initiatives.,Nonprofit / Grassroots,"[""Town / City""]","['Residents', 'Businesses']","['Energy Efficiency', 'Transportation', 'Environmental', 'Food & Food Waste', 'Waste Reduction']",[],Community Engagement,,Verified,merge_engine,2026-05-25T00:27:17Z
374307c4-5dfe-4dd1-9b90-4bf84cf19d8f,Green Ridgecrest,Ridgecrest,CA,123 Main St,93555,http://greenridgecrest.org,unknown,unknown,Focuses on local climate action initiatives and sustainability programs.,Nonprofit / Grassroots,Town / City,['Residents'],['Unknown'],[],Community Engagement,,Not Verified,merge_engine,2026-05-25T03:12:12Z
374360b8-44e3-44af-b788-c8aeffd22d3c,Brookfield Climate Action Committee,Brookfield,MA,2 Central Street,01506,https://concordma.gov/3324/Climate-Action-Committee,unknown,unknown,The Brookfield Climate Action Committee focuses on local climate initiatives and sustainability efforts.,Municipality,"[""Town / City""]","['Residents', 'Businesses']","['Energy Efficiency', 'Transportation', 'Environmental', 'Food & Food Waste', 'Waste Reduction']",[],Community Engagement,,Verified,merge_engine,2026-05-25T00:27:17Z
37506bce-9c8a-4834-a343-599f33f13755,New Hampshire Sustainable Energy Association,Gilford,NH,3 Bicentennial Way,03301,https://www.nhsea.org,unknown,unknown,"The New Hampshire Sustainable Energy Association advocates for sustainable energy policies and practices in New Hampshire, focusing on energy efficiency and renewable energy.",Nonprofit / Grassroots,State / National,"['Businesses', 'Municipality', 'Residents']",['Energy Efficiency'],[],Policy,,Not Verified,merge_engine,2026-05-25T03:12:12Z
375086b8-2e72-4ce1-a6c3-054555d3da9e,Napa Valley Unified School District,Napa,CA,"2425 Jefferson St, Napa, CA 94558",94558,https://www.nvusd.org/,unknown,unknown,"Napa Valley Unified School District provides education services for TK-12 students in Napa, American Canyon, and Yountville, focusing on sustainability and climate education.",Nonprofit / Grassroots,Regional,['Residents'],['Unknown'],[],Community Engagement,,Not Verified,merge_engine,2026-05-25T03:12:12Z
375d0632-efe3-49be-937e-ccdecad93cfb,Huron City Council,Huron,CA,16898 E. Huron Ave.,93234,http://www.huron.ca.gov,unknown,unknown,The Huron City Council has initiated programs aimed at improving energy efficiency and reducing emissions in municipal operations.,Municipal / Government-affiliated,Town / City,['Municipality'],['Energy Efficiency'],[],Community Engagement,,Not Verified,merge_engine,2026-05-25T03:12:12Z
377e2717-21c5-4fb5-b02e-7bb1f553438c,San Bernardino Climate Action Coalition,San Bernardino,CA,1234 Main St,92401,http://www.sbclimateaction.org,unknown,unknown,The San Bernardino Climate Action Coalition focuses on local climate action initiatives and community engagement to reduce emissions.,Nonprofit / Grassroots,Town / City,['Residents'],['Unknown'],[],Community Engagement,,Not Verified,merge_engine,2026-05-25T03:12:12Z
379d6293-4e65-4e6c-b11b-a54baea8e3f5,University of Redlands Environmental Studies Program,Redlands,CA,"1200 E Colton Ave, Redlands, CA 92373",92373,https://www.redlands.edu/study/schools-and-centers/school-of-education/academic-programs/environmental-studies/,unknown,unknown,"The Environmental Studies Program at the University of Redlands includes courses and research focused on climate change, sustainability, and environmental justice.",Academic,State / National,"['Businesses', 'Municipality', 'Residents']",['Environmental'],[],Community Engagement,,Not Verified,merge_engine,2026-05-25T03:12:12Z
37b01dbc-de6b-4b5d-a0d6-67a9c2daa8be,Sausalito Environmental Council,Sausalito,CA,"Sausalito, CA",94965,https://www.sausalito.gov/environmental-council,unknown,unknown,The Environmental Council works on initiatives related to climate resilience and adaptation in Sausalito.,Municipal / Government-affiliated,Town / City,"['Municipality', 'Residents']",['Environmental'],[],Community Engagement,,Not Verified,merge_engine,2026-05-25T03:12:12Z
37e2fd60-f47e-4d81-b8d3-0ae39ec47def,Green Wellfleet,Wellfleet,MA,PO Box 122,02667,http://www.greenwellfleet.org,unknown,unknown,Green Wellfleet is focused on climate action and sustainability initiatives in the community.,Nonprofit / Grassroots,Town / City,['Residents'],['Environmental'],[],Community Engagement,,Not Verified,merge_engine,2026-05-25T03:12:12Z
38433e68-2391-4bf6-80d8-55f3c6999faf,Los Gatos Union School District,Los Gatos,CA,17010 Roberts Road,95032,https://www.lgusd.org,[email protected],(408) 335-2000,"The Los Gatos Union School District serves transitional kindergarten through eighth grade students, focusing on academic excellence and social responsibility.",Nonprofit / Grassroots,Town / City,['Residents'],['Unknown'],[],Unknown,,Not Verified,merge_engine,2026-05-25T03:12:12Z
38962b86-f84f-4319-88c6-46fd56090988,Santa Barbara County Air Pollution Control District,Santa Barbara,CA,260 N San Antonio Rd,93101,https://www.ourair.org,[email protected],(805) 979-8050,"The Santa Barbara County Air Pollution Control District focuses on air quality and climate change initiatives, including emissions reduction programs and air quality monitoring.",Nonprofit / Grassroots,Regional,"['Municipality', 'Residents']",['Environmental'],[],Policy,,Not Verified,merge_engine,2026-05-25T03:12:12Z
38c281d3-520a-4af3-8bb2-5b44fcb492f4,New Hampshire Climate Action Network,Hart's Location,NH,2 Pillsbury St,03301,https://nhclimateaction.org,unknown,unknown,The New Hampshire Climate Action Network works to promote climate action and policy change in New Hampshire.,Nonprofit / Grassroots,State / National,"['Businesses', 'Municipality', 'Residents']",['Unknown'],[],Policy,,Not Verified,merge_engine,2026-05-25T03:12:12Z
394026a2-4992-4849-8916-224087828bc5,Sustainable Kingston,Kingston,MA,unknown,02364,http://sustainablekingston.org,unknown,unknown,Sustainable Kingston promotes sustainability practices and climate resilience in the community.,Nonprofit / Grassroots,"[""Town / City""]","['Residents', 'Municipality']","['Energy Efficiency', 'Food & Food Waste', 'Waste Reduction']",[],Community Engagement,,Verified,merge_engine,2026-05-25T00:27:17Z
398b8c5e-b40a-41a9-8c6f-743b325b07b6,Kingston Climate Action Network,Kingston,MA,unknown,02364,http://kingstonclimateaction.org,unknown,unknown,The Kingston Climate Action Network focuses on local climate action initiatives and community engagement to reduce carbon emissions.,Nonprofit / Grassroots,Town / City,['Residents'],['Environmental'],[],Community Engagement,,Not Verified,merge_engine,2026-05-25T03:12:12Z
39a174ad-5cce-4dd0-9184-d526680975cb,Sebastopol City Council,Sebastopol,CA,7120 Bodega Ave,95472,https://www.cityofsebastopol.gov/,unknown,unknown,"The Sebastopol City Council is involved in local governance, focusing on sustainability and conservation measures, and implementing a Climate Action Plan to reduce emissions and enhance community resilience.",Municipal / Government-affiliated,Town / City,"['Municipality', 'Residents']","['Environmental', 'Waste Reduction']",[],Policy,,Not Verified,merge_engine,2026-05-25T03:12:12Z
39ea1c7b-3424-44bd-90db-0bf43698c395,San Diego Climate Collaborative,Solana Beach,CA,101 Ash St,92101,https://www.sdclimatecollaborative.org/,unknown,unknown,The San Diego Climate Collaborative focuses on climate action and resilience strategies for the San Diego region.,Nonprofit / Grassroots,Regional,"['Businesses', 'Municipality', 'Residents']",['Environmental'],[],Community Engagement,,Not Verified,merge_engine,2026-05-25T03:12:12Z
39fcc22c-859e-4764-ae08-8438cf5c772a,North Country Climate Action Network,Milan,NH,"Berlin, NH",03570,https://www.northcountryclimateaction.org,unknown,unknown,The North Country Climate Action Network focuses on local climate action initiatives and community resilience efforts.,Nonprofit / Grassroots,Regional,['Residents'],['Unknown'],[],Community Engagement,,Not Verified,merge_engine,2026-05-25T03:12:12Z
3a051347-8aa9-433c-b53d-46f2b5bc0175,Sonoma County Regional Climate Protection Authority,Santa Rosa,CA,575 Administration Drive,95403,https://sonomacounty.ca.gov/Regional-Climate-Protection-Authority,unknown,unknown,The authority develops and implements climate action strategies for the region.,Municipal / Government-affiliated,Regional,"['Businesses', 'Municipality', 'Residents']",['Unknown'],[],Unknown,,Not Verified,merge_engine,2026-05-25T03:12:12Z
3a65fed0-af7f-44c1-ae91-be9d64b745eb,Arcata Environmental Services,Arcata,CA,736 F St,95521,https://www.cityofarcata.org/environmentalservices,unknown,unknown,Arcata Environmental Services includes programs focused on climate action and sustainability.,Nonprofit / Grassroots,Town / City,"['Municipality', 'Residents']",['Unknown'],[],Unknown,,Not Verified,merge_engine,2026-05-25T03:12:12Z
3a6d5184-ee9b-4ed2-8284-7c2503da2a40,Sustainable Northborough,Northborough,MA,"Northborough, MA",01532,http://www.sustainablenorthborough.org,unknown,unknown,Sustainable Northborough engages in projects aimed at reducing carbon emissions and promoting sustainable practices.,Nonprofit / Grassroots,Town / City,['Residents'],"['Energy Efficiency', 'Green Economics']",[],Community Engagement,,Not Verified,merge_engine,2026-05-25T03:12:12Z
3a7e1e2c-e6f8-4b8b-977c-b120c010e76c,Sustainable Northampton,Northampton,MA,"Northampton City Hall, 210 Main Street",01060,https://www.northamptonma.gov/,unknown,413-587-4900,Sustainable Northampton works on initiatives related to sustainability and climate action in the city.,Municipal / Government-affiliated,Town / City,"['Municipality', 'Residents']","['Environmental', 'Energy Efficiency']",[],Community Engagement,,Not Verified,merge_engine,2026-05-25T03:12:12Z
3a82486a-d969-43a4-bd7f-b562b97c48c6,Brandon Energy Committee,Brandon,VT,1 Conant Square,05733,https://www.brandonvt.org/energy-committee,unknown,unknown,The Brandon Energy Committee works on energy efficiency and renewable energy initiatives to reduce carbon emissions in the community.,Nonprofit / Grassroots,Town / City,['Residents'],['Energy Efficiency'],[],Community Engagement,,Not Verified,merge_engine,2026-05-25T03:12:12Z
3ab35450-bb04-4ac9-a443-275d0d406151,Marblehead Municipal Light Department,Marblehead,MA,"80 Broad St, Marblehead, MA 01945",01945,http://www.marblehead.org/marblehead-municipal-light-department,unknown,unknown,The Marblehead Municipal Light Department is involved in energy efficiency programs and renewable energy initiatives.,Nonprofit / Grassroots,Town / City,"['Municipality', 'Residents']",['Energy Efficiency'],[],Conservation,,Not Verified,merge_engine,2026-05-25T03:12:12Z
3b112dcf-6eb7-4102-99b1-4bda668ad0c1,San Jose Clean Energy,San Jose,CA,"200 E Santa Clara St, 14th",95112,https://www.sanjosecleanenergy.org/,unknown,unknown,San Jose Clean Energy provides renewable energy options and promotes energy efficiency to reduce emissions.,Nonprofit / Grassroots,Town / City,"['Businesses', 'Municipality', 'Residents']",['Unknown'],[],Unknown,,Not Verified,merge_engine,2026-05-25T03:12:12Z
3b1bd037-158e-4d15-93e0-e90c9f42565e,Concord Climate Action Committee,Concord,MA,"Belmont, CA",94002,https://concordma.gov/3324/Climate-Action-Committee,unknown,unknown,The Belmont Climate Action Committee works on local climate initiatives and policies to reduce greenhouse gas emissions.,Municipal / Government-affiliated,"[""Town / City""]","['Residents', 'Businesses']","['Energy Efficiency', 'Transportation', 'Environmental', 'Food & Food Waste', 'Waste Reduction']",[],Policy,,Verified,merge_engine,2026-05-25T00:27:17Z
3b1dc31a-a235-459e-9e1b-0288550d8dfa,North Shore Climate Coalition,swampscott,MA,"Beverly City Hall, 191 Cabot St",01915,https://www.northshoreclimatecoalition.org,unknown,unknown,"The North Shore Climate Coalition is a regional group focused on climate action and advocacy across multiple towns, including Swampscott.",Nonprofit / Grassroots,Regional,"['Businesses', 'Municipality', 'Residents']",['Environmental'],[],"Community Engagement, Policy",,Not Verified,merge_engine,2026-05-25T03:12:12Z
3b34d133-49e7-4ad1-8fe5-74097a506c12,Central Valley Clean Energy,San Joaquin,CA,1234 Energy Way,95202,http://www.centralvalleycleanenergy.org,unknown,unknown,The organization promotes clean energy solutions and electrification initiatives in the Central Valley.,Nonprofit / Grassroots,Regional,"['Businesses', 'Municipality', 'Residents']",['Energy Efficiency'],[],Community Engagement,,Not Verified,merge_engine,2026-05-25T03:12:12Z
3b6075c2-2494-4b44-98db-a69c2a30af19,Sustainable San Mateo,San Mateo,CA,2001 Pacific Blvd,94401,https://sustainablesanmateo.org,unknown,unknown,Sustainable San Mateo is focused on promoting sustainability initiatives and climate action in the San Mateo community.,Nonprofit / Grassroots,Town / City,['Residents'],['Unknown'],[],Community Engagement,,Not Verified,merge_engine,2026-05-25T03:12:12Z
3b8211f8-b4eb-4f86-af96-905ad9f5cb74,New Hampshire Sustainable Energy Association,Jackson,NH,PO Box 98,03301,https://www.nhsea.org/,unknown,unknown,NHSEA promotes energy efficiency and renewable energy solutions to reduce carbon emissions in New Hampshire.,Nonprofit / Grassroots,State / National,"['Businesses', 'Municipality', 'Residents']",['Energy Efficiency'],[],Community Engagement,,Not Verified,merge_engine,2026-05-25T03:12:12Z
3b927435-dd26-4c39-a37c-7fd50ce40e37,Sonoma County Regional Climate Protection Authority,Petaluma,CA,"575 Administration Drive, Room 104A",95403,https://www.srcity.org/ClimateProtection,unknown,unknown,The Sonoma County Regional Climate Protection Authority develops and implements climate action plans to reduce greenhouse gas emissions across the region.,Nonprofit / Grassroots,Regional,"['Municipality', 'Residents']",['Energy Efficiency'],[],Policy,,Not Verified,merge_engine,2026-05-25T03:12:12Z
3bf0e8ee-9367-43e6-9c46-6b77a6d3d3a3,El Monte Climate Action Committee,El Monte,MA,"11333 Valley Blvd, El Monte, CA 91731",91731,https://concordma.gov/3324/Climate-Action-Committee,unknown,unknown,The El Monte Climate Action Committee is dedicated to developing and implementing climate action strategies for the city.,Municipal / Government-affiliated,"[""Town / City""]","['Residents', 'Businesses']","['Energy Efficiency', 'Transportation', 'Environmental', 'Food & Food Waste', 'Waste Reduction']",[],Community Engagement,,Verified,merge_engine,2026-05-25T00:27:17Z
3c141ba0-8399-488b-8fa7-c0ab9556aa3a,Concord Climate Action Committee,Concord,MA,380 Civic Drive,95632,https://concordma.gov/3324/Climate-Action-Committee,unknown,unknown,The Galt Climate Action Committee focuses on local climate initiatives and sustainability efforts.,Nonprofit / Grassroots,"[""Town / City""]","['Residents', 'Businesses']","['Energy Efficiency', 'Transportation', 'Environmental', 'Food & Food Waste', 'Waste Reduction']",[],Community Engagement,,Verified,merge_engine,2026-05-25T00:27:17Z
3c5add91-f612-4574-8cbf-64eee2e461c7,Sustainable Aliso Viejo,Aliso Viejo,CA,"Aliso Viejo, CA",92656,http://www.sustainablealisoviejo.org,unknown,unknown,Sustainable Aliso Viejo focuses on local climate action initiatives and community engagement for sustainability.,Nonprofit / Grassroots,Town / City,['Residents'],['Environmental'],[],Community Engagement,,Not Verified,merge_engine,2026-05-25T03:12:12Z
3cd04b27-0cce-4cfc-b886-d97ffb87da13,Sustainable Rancho Santa Margarita,Rancho Santa Margarita,CA,"Rancho Santa Margarita, CA",92688,http://www.sustainableranchosm.com,unknown,unknown,Focuses on sustainability initiatives and climate action in the community.,unknown,unknown,['unknown'],['Unknown'],[],Unknown,,Not Verified,merge_engine,2026-05-25T03:12:12Z
3cd11f20-e2f7-4c31-951f-04529800db22,Sustainable Claremont,Claremont,NH,"PO Box 1502, Claremont, CA 91711",91711,https://sustainablelebanon/wordpress.com,info@sustainableclaremont.org,(909) 625-8767 x238,"Sustainable Claremont engages people in education and action to create a more sustainable community – environmentally, socially, and economically.",Nonprofit / Grassroots,"[""Town / City""]","['Residents', 'Municipality', 'Businesses']","['Energy Efficiency', 'Transportation', 'Environmental', 'Food & Food Waste', 'Waste Reduction']",[],Community Engagement,,Verified,merge_engine,2026-05-25T00:27:17Z
3cda46f9-0bb7-4817-8e10-83f307fe8c94,Ipswich Climate Action,Ipswich,MA,Not publicly listed,01938,https://ipswichclimateaction.org,unknown,unknown,Ipswich Climate Action is focused on reducing greenhouse gas emissions and promoting sustainable practices in the community.,Nonprofit / Grassroots,Town / City,['Residents'],"['Green Economics', 'Energy Efficiency']",[],Community Engagement,,Not Verified,merge_engine,2026-05-25T03:12:12Z
3d554af2-e0c4-47f3-a0e9-60faf4f96fb8,The Ecology Center,San Juan Capistrano,CA,32701 Alipaz Street,92675,https://www.theecologycenter.org/,unknown,(949) 443 4223,"The Ecology Center is a nonprofit organization focused on regenerative practices and climate education, offering programs that address climate change through community engagement and conservation efforts.",Nonprofit / Grassroots,Regional,['Residents'],"['Environmental', 'Food & Food Waste']",[],Community Engagement,,Not Verified,merge_engine,2026-05-25T03:12:12Z
3da2bb2c-6eed-4048-a0a3-a8b3ada4446b,Sustainable San Mateo County,San Bruno,CA,"400 County Center, 1st",94402,https://www.smcsustainability.org/,unknown,unknown,"Sustainable San Mateo County works on initiatives related to climate action, including energy efficiency, emissions reduction, waste reduction, and community engagement to build a sustainable community.",Nonprofit / Grassroots,Regional,"['Businesses', 'Municipality', 'Residents']","['Waste Reduction', 'Energy Efficiency', 'Transportation', 'Environmental']",[],Community Engagement,,Not Verified,merge_engine,2026-05-25T03:12:12Z
3dbaec6d-f249-4b98-9174-8ce15314c9e7,Inland Empire Utilities Agency,Chino,CA,6075 Kimball Ave,91708,https://www.ieua.org/,info@ieua.org,(909) 993-1600,"The Inland Empire Utilities Agency is a regional wastewater treatment agency and wholesale distributor of imported water, serving approximately 950,000 people over 242 square miles in western San Bernardino County. The agency focuses on water management, environmental stewardship, and renewable energy.",Nonprofit / Grassroots,Regional,"['Businesses', 'Municipality', 'Residents']","['Environmental', 'Energy Efficiency']",[],Community Engagement,,Not Verified,merge_engine,2026-05-25T03:12:12Z
3e282a94-71c3-4a49-9da8-9353272c5fea,Chino Valley Unified School District - Climate Education Program,Chino Hills,CA,5130 Riverside Dr,91709,http://www.chino.k12.ca.us/climateeducation,unknown,unknown,The program educates students about climate change and promotes sustainability practices within schools.,Municipal / Government-affiliated,Town / City,['Residents'],['Environmental'],[],Community Engagement,,Not Verified,merge_engine,2026-05-25T03:12:12Z
3e32a0a9-77ae-448f-a067-c3e1ff5e6557,Arlington Public Schools - Climate Action,Arlington,MA,14 Mill Brook Drive,02476,https://www.arlington.k12.ma.us,unknown,(781) 316-3332,Arlington Public Schools implements climate education programs and sustainability initiatives for students.,Municipal / Government-affiliated,Town / City,['Residents'],['Environmental'],[],Community Engagement,,Not Verified,merge_engine,2026-05-25T03:12:12Z
3e338ff1-1562-4fd5-9b18-1e4fcfa78101,Sustainable Energy for Economic Development (SEED),Santa Cruz,CA,unknown,95060,http://www.seedproject.org,info@seedproject.org,unknown,"SEED uses education and basketball to develop the next generation of African leaders, serving over 2,000 students weekly across Senegal, The Gambia, and the United States.",Nonprofit / Grassroots,State / National,['Residents'],['Unknown'],[],Unknown,,Not Verified,merge_engine,2026-05-25T03:12:12Z
3e5078bd-117c-4aa3-ad08-4fb62ccff8bf,Chula Vista Climate Action Plan,Chula Vista,CA,276 Fourth Avenue,91910,https://www.chulavistaca.gov/departments/development-services/planning/climate-action-plan,unknown,unknown,The Climate Action Plan outlines strategies for reducing greenhouse gas emissions and adapting to climate change.,Municipal / Government-affiliated,Town / City,"['Municipality', 'Residents']","['Environmental', 'Energy Efficiency']",[],Policy,,Not Verified,merge_engine,2026-05-25T03:12:12Z
3e8eb653-9ebc-4f94-9c1f-6677656938c6,Sustainable North County,Vista,CA,1234 S Santa Fe Ave,92084,http://www.sustainablenorthcounty.org,unknown,unknown,Focus on sustainability initiatives including climate action and energy efficiency programs.,Nonprofit / Grassroots,Regional,['Residents'],['Energy Efficiency'],[],Community Engagement,,Not Verified,merge_engine,2026-05-25T03:12:12Z
3e9cccbe-fcc2-463b-91b9-3b372fee4b50,Sullivan Energy Committee,Sullivan,NH,"Sullivan Town Hall, 1 Main St, Sullivan, NH 03445",03445,http://www.sullivannh.gov/energy-committee,unknown,unknown,The Sullivan Energy Committee focuses on energy efficiency and renewable energy initiatives to reduce greenhouse gas emissions in the community.,Municipal / Government-affiliated,Town / City,['Residents'],['Energy Efficiency'],[],Community Engagement,,Not Verified,merge_engine,2026-05-25T03:12:12Z
3ec94678-3223-4f7b-805c-52314ae0389f,Concord Climate Action Committee,Concord,MA,1 Main St,01432,https://concordma.gov/3324/Climate-Action-Committee,unknown,unknown,The Ayer Climate Action Committee focuses on local climate initiatives and sustainability efforts.,Municipal / Government-affiliated,"[""Town / City""]","['Residents', 'Businesses']","['Energy Efficiency', 'Transportation', 'Environmental', 'Food & Food Waste', 'Waste Reduction']",[],Community Engagement,,Verified,merge_engine,2026-05-25T00:27:17Z
3eea1ac8-a560-48d1-abde-a970d57735a0,Sustainable Malibu,Malibu,CA,"Malibu, CA",90265,https://www.sustainablemalibu.org,unknown,unknown,Sustainable Malibu promotes initiatives for energy efficiency and climate resilience in the community.,Nonprofit / Grassroots,unknown,['unknown'],['Unknown'],[],Unknown,,Not Verified,merge_engine,2026-05-25T03:12:12Z
3f0fe679-0afc-4cae-a1d1-8227adc4d5fa,Green Bellflower,Bellflower,CA,"Bellflower, CA",90706,http://www.greenbellflower.org,unknown,unknown,Green Bellflower focuses on community initiatives to reduce carbon emissions and promote sustainable practices.,Nonprofit / Grassroots,Town / City,['Residents'],['Green Economics'],[],Community Engagement,,Not Verified,merge_engine,2026-05-25T03:12:12Z
3f1574ea-87a6-4771-b3cf-e6784b248006,Green Great Barrington,Great Barrington,MA,unknown,01230,https://www.greengreatbarrington.org,unknown,unknown,Green Great Barrington promotes sustainability and climate action in Great Barrington.,Nonprofit / Grassroots,Town / City,['Residents'],['Environmental'],[],Community Engagement,,Not Verified,merge_engine,2026-05-25T03:12:12Z
3f6c90da-4668-40fa-9fed-0b64091ea509,Orange County Climate Action Campaign,Villa Park,CA,600 W Santa Ana Blvd,92701,https://www.occlimateaction.org,unknown,unknown,The Orange County Climate Action Campaign focuses on reducing greenhouse gas emissions and promoting climate resilience in the region.,Nonprofit / Grassroots,Regional,['Residents'],['Environmental'],[],Community Engagement,,Not Verified,merge_engine,2026-05-25T03:12:12Z
3f8674df-6ce5-466b-b526-344e0a16f16e,North Coast Climate Action,Eureka,CA,1234 5th St,95501,https://www.northcoastclimateaction.org/,NCCA@dot.ca.gov,unknown,"North Coast Climate Action focuses on climate change adaptation strategies for the Eureka-Arcata Corridor, addressing vulnerabilities like sea level rise, coastal erosion, and flooding.",Nonprofit / Grassroots,Regional,"['Businesses', 'Municipality', 'Residents']",['Environmental'],[],Community Engagement,,Not Verified,merge_engine,2026-05-25T03:12:12Z
3ff0c0e2-3d40-440a-91f4-5d3bc7638d3e,Sustainable Lebanon,Lebanon,NH,"Albany, CA",94706,https://sustainablelebanon/wordpress.com,unknown,unknown,Sustainable Albany engages the community in climate action initiatives and promotes sustainable practices.,Nonprofit / Grassroots,"[""Town / City""]","['Residents', 'Municipality', 'Businesses']","['Energy Efficiency', 'Transportation', 'Environmental', 'Food & Food Waste', 'Waste Reduction']",[],Community Engagement,,Verified,merge_engine,2026-05-25T00:27:17Z
3ff20c45-67f7-462d-a466-5b578f3d0935,Malibu Community Energy Aggregation,Malibu,CA,"Malibu City Hall, 23825 Stuart Ranch Rd",90265,https://www.malibucity.org/communityenergy,unknown,unknown,The program aims to transition Malibu to renewable energy sources and reduce greenhouse gas emissions.,Nonprofit / Grassroots,Town / City,"['Municipality', 'Residents']",['Energy Efficiency'],[],Policy,,Not Verified,merge_engine,2026-05-25T03:12:12Z
3ff375a4-9642-425b-b9f0-0be4bbdfda42,Eversource,Marsh Corner,MA,unknown,01103,https://www.eversource.com/,unknown,unknown,"Eversource, formerly known as Western Massachusetts Electric Company, is involved in energy transition and electrification programs.",Business,Regional,"['Businesses', 'Residents']",['Unknown'],[],Unknown,,Not Verified,merge_engine,2026-05-25T03:12:12Z
3ff8724e-99e9-46e3-9454-27f5fa3115c5,Sustainable San Mateo County,Redwood City,CA,330 W 20th Ave,94063,https://sustainablesanmateo.org/,unknown,unknown,Sustainable San Mateo County works on climate action initiatives and sustainability programs across the county.,Nonprofit / Grassroots,Regional,['Residents'],['Unknown'],[],Community Engagement,,Not Verified,merge_engine,2026-05-25T03:12:12Z
3fff0460-bb49-4e13-a59d-67fd09d29177,Sustainable Millbrae,Millbrae,CA,"Millbrae, CA",94030,http://sustainablemillbrae.org,unknown,unknown,"Sustainable Millbrae focuses on local sustainability initiatives, including climate action and reducing emissions in the community.",Nonprofit / Grassroots,unknown,['unknown'],['Unknown'],[],Unknown,,Not Verified,merge_engine,2026-05-25T03:12:12Z
4002352f-b54d-433e-b721-b1884bce897b,Inland Empire Utilities Agency - Water Conservation Program,Chino,CA,6075 Kimball Ave,91708,https://www.ieua.org/,info@ieua.org,(909) 993-1600,"The Inland Empire Utilities Agency is a regional wastewater treatment agency and wholesale distributor of imported water, committed to water supply management and environmental stewardship.",Nonprofit / Grassroots,Regional,"['Businesses', 'Municipality', 'Residents']",['Environmental'],[],Community Engagement,,Not Verified,merge_engine,2026-05-25T03:12:12Z
4030184d-7f49-49c8-8de1-827ba8e9a2e2,Green Nahant,Nahant,MA,"Nahant, MA",01908,http://www.greennahant.org,unknown,unknown,Green Nahant focuses on sustainability initiatives and climate action in the community.,Nonprofit / Grassroots,unknown,['unknown'],['Unknown'],[],Unknown,,Not Verified,merge_engine,2026-05-25T03:12:12Z
4038d100-9b6c-4973-86d5-fca6803e4fad,Clifton Climate Action Coalition,Clifton,MA,"123 Main St, Clifton, MA",01510,http://cliftonclimateaction.org,unknown,unknown,Focus on local climate action initiatives and community engagement for sustainability.,Nonprofit / Grassroots,Town / City,['Residents'],['Unknown'],[],Community Engagement,,Not Verified,merge_engine,2026-05-25T03:12:12Z
4044acde-97fb-4492-b71e-cf73ebe873b3,Green Francestown,Francestown,NH,"Francestown, NH",03043,http://www.greenfrancestown.org,unknown,unknown,Green Francestown focuses on sustainability initiatives and climate action in the community.,Nonprofit / Grassroots,Town / City,['Residents'],['Environmental'],[],Community Engagement,,Not Verified,merge_engine,2026-05-25T03:12:12Z
40551643-e672-4bd2-a19f-06f030ce8739,Plymouth Energy Committee,Plymouth,VT,"Plymouth Town Hall, 1 Post Office Square",05056,https://www.plymouthvt.org/energy-committee,[email protected],802-500-1815,The Plymouth Energy Committee focuses on energy efficiency and renewable energy initiatives to reduce carbon emissions in the community.,Nonprofit / Grassroots,Town / City,['Residents'],['Energy Efficiency'],[],Community Engagement,,Not Verified,merge_engine,2026-05-25T03:12:12Z
40844084-7f15-489f-aa09-0fb3daa14520,Cambridge Climate Coalition,Cambridge,MA,"Cambridge, MA",02139,http://www.cambridgeclimatecoalition.org,unknown,unknown,The Cambridge Climate Coalition is dedicated to reducing greenhouse gas emissions and promoting climate action in the community.,Nonprofit / Grassroots,unknown,['unknown'],['Unknown'],[],Unknown,,Not Verified,merge_engine,2026-05-25T03:12:12Z
40e6fe70-425a-4132-852d-ba52fafd0c72,Bay Area Climate Collaborative,Santa Clara,CA,1 Market St,94105,https://www.bayareaclimatesolutions.org/,unknown,unknown,The Bay Area Climate Collaborative works on climate solutions and policy advocacy in the Bay Area.,Nonprofit / Grassroots,Regional,"['Businesses', 'Municipality', 'Residents']",['Unknown'],[],Policy,,Not Verified,merge_engine,2026-05-25T03:12:12Z
41003cc8-2483-4bf5-8795-7b095c04f078,San Bernardino Valley Municipal Water District,San Bernardino,CA,380 East Vanderbilt Way,92408,https://www.sbvmwd.com/,stephaniec@sbvmwd.com,(909) 387-9200,"The San Bernardino Valley Municipal Water District is involved in water conservation and sustainability efforts, including climate adaptation strategies, infrastructure investment, and habitat restoration.",Municipality,Regional,"['Businesses', 'Municipality', 'Residents']","['Environmental', 'Energy Efficiency']",[],Conservation,,Not Verified,merge_engine,2026-05-25T03:12:12Z
4111490a-3a47-4be6-ad76-7fe0d0bb9886,Sustainable San Diego,San Diego,CA,2468 Ocean Blvd,92101,https://www.sustainablesandiego.org,unknown,unknown,Sustainable San Diego focuses on initiatives that promote sustainability and resilience in the face of climate change.,Nonprofit / Grassroots,Regional,['Residents'],['Environmental'],[],Community Engagement,,Not Verified,merge_engine,2026-05-25T03:12:12Z
41146f26-59b0-435f-8f69-93bee207eebb,Boxborough Climate Action,Boxborough,MA,29 Middle Road,01719,http://www.boxborough-ma.gov/climate-action,unknown,unknown,Boxborough Climate Action focuses on local initiatives to reduce carbon emissions and promote sustainability.,Municipal / Government-affiliated,Town / City,"['Municipality', 'Residents']","['Energy Efficiency', 'Green Economics']",[],Community Engagement,,Not Verified,merge_engine,2026-05-25T03:12:12Z
4115e824-d28e-4376-9c19-9e1b7af03612,Northborough Public Schools - Climate Education Program,Northborough,MA,"Northborough, MA",01532,http://www.nps.org/climate-education,unknown,unknown,The Northborough Public Schools have implemented climate education programs to teach students about climate change and sustainability.,Nonprofit / Grassroots,Town / City,['Residents'],['Environmental'],[],Community Engagement,,Not Verified,merge_engine,2026-05-25T03:12:12Z
412e496d-657d-4f77-a9e3-480b96e09518,Pasadena Water and Power,Pasadena,CA,150 S Los Robles Ave,91101,https://www.pwpweb.com/,unknown,unknown,Pasadena Water and Power has programs focused on energy efficiency and renewable energy to reduce carbon emissions.,Municipality,Town / City,"['Businesses', 'Municipality', 'Residents']",['Energy Efficiency'],[],Unknown,,Not Verified,merge_engine,2026-05-25T03:12:12Z
4140e486-5206-4a71-bb51-57cdd08992da,Newton's 350.org,Newton,MA,"Newton, MA",02460,https://350.org/,unknown,unknown,Newton's 350.org is part of a global grassroots movement focused on ending fossil fuels and promoting renewable energy.,Nonprofit / Grassroots,Global,['Residents'],"['Energy Efficiency', 'Environmental']",[],Community Engagement,,Not Verified,merge_engine,2026-05-25T03:12:12Z
418b1824-f835-46aa-b702-57ed8aba0da9,Green Weymouth,Weymouth,MA,"Weymouth, MA",02188,http://www.greenweymouth.org,unknown,unknown,Green Weymouth is focused on promoting sustainability and climate action within the community.,Nonprofit / Grassroots,unknown,['unknown'],['Unknown'],[],Unknown,,Not Verified,merge_engine,2026-05-25T03:12:12Z
41cb76f8-6651-4860-9b80-de882ae0ff24,Climate Resolve,Los Angeles,CA,9101 Wilshire Blvd,90024,http://www.climateresolve.org,unknown,unknown,Climate Resolve focuses on climate solutions and resilience strategies for California communities.,Nonprofit / Grassroots,State / National,['Residents'],['Environmental'],[],Community Engagement,,Not Verified,merge_engine,2026-05-25T03:12:12Z
41f5b6ea-7bb6-4fe3-8f49-4f043bcb4dac,Murrieta Climate Action Committee,Murrieta,MA,"Murrieta City Hall, 1 Town Square, Murrieta, CA 92562",92562,https://concordma.gov/3324/Climate-Action-Committee,unknown,unknown,The Murrieta Climate Action Committee focuses on local climate initiatives and sustainability efforts.,Municipal / Government-affiliated,"[""Town / City""]","['Residents', 'Businesses']","['Energy Efficiency', 'Transportation', 'Environmental', 'Food & Food Waste', 'Waste Reduction']",[],Community Engagement,,Verified,merge_engine,2026-05-25T00:27:17Z
4202936f-b1ce-48ee-9481-ebe371f7ace4,Franklin Regional Council of Governments,Leyden,MA,12 Olive Street,01301,https://franklincog.org/,noel.forrester@franklincog.org,706-675-1658,"The Franklin Regional Council of Governments (FRCOG) is involved in regional climate planning and implementation efforts, including energy efficiency and sustainability initiatives.",Nonprofit / Grassroots,Regional,"['Businesses', 'Municipality', 'Residents']","['Energy Efficiency', 'Environmental']",[],Community Engagement,,Not Verified,merge_engine,2026-05-25T03:12:12Z
422382bb-b4ec-4cd0-ab4e-3ce62f0d5f4d,Green Williamstown,Williamstown,MA,"Williamstown, MA",01267,http://greenwilliamstown.org,info@energizewilliamstown.org,unknown,"Green Williamstown is an all-volunteer group focused on helping people and organizations take practical steps at home, at work, and in their communities to address the climate emergency. Their goal is to empower and commit individuals to take action against climate change.",Nonprofit / Grassroots,Town / City,['Residents'],"['Energy Efficiency', 'Transportation', 'Waste Reduction']",[],Community Engagement,,Not Verified,merge_engine,2026-05-25T03:12:12Z
422af4ae-d2a4-4de3-9576-23086b45b0ad,California Climate Action Network,Ventura,CA,1010 Maple St,93001,http://www.calclimateaction.org,unknown,unknown,The California Climate Action Network focuses on statewide climate initiatives and local implementation strategies.,Nonprofit / Grassroots,State / National,"['Businesses', 'Municipality', 'Residents']",['Unknown'],[],Policy,,Not Verified,merge_engine,2026-05-25T03:12:12Z
4257b3c3-0cb8-41f5-b0f8-ada1f76351f3,Sustainable Hadley,Hadley,MA,"Hadley Town Hall, 100 Middle Street",01035,http://www.hadleyma.org/sustainable-hadley,unknown,unknown,Sustainable Hadley is focused on promoting sustainability initiatives and climate action within the community.,Nonprofit / Grassroots,Town / City,['Residents'],['Unknown'],[],Unknown,,Not Verified,merge_engine,2026-05-25T03:12:12Z
425d2934-1b4b-49ee-830a-f368d7386c42,New Hampshire Climate Action Network,Hancock,NH,2 Pillsbury St,03301,https://nhclimateaction.org/,unknown,unknown,The New Hampshire Climate Action Network advocates for policies to reduce greenhouse gas emissions and promote climate resilience.,Nonprofit / Grassroots,State / National,"['Businesses', 'Municipality', 'Residents']",['Environmental'],[],Policy,,Not Verified,merge_engine,2026-05-25T03:12:12Z
427be1a8-8a83-48ae-b526-0c3922a37a4f,Stanislaus County Office of Sustainability,Turlock,CA,1010 10th St,95354,http://www.stancounty.com/sustainability,unknown,unknown,"The Office of Sustainability works on climate action plans and sustainability initiatives for Stanislaus County, including Turlock.",Municipality,Regional,['Municipality'],['Environmental'],[],Policy,,Not Verified,merge_engine,2026-05-25T03:12:12Z
427eb53d-c3f0-4bfd-a4c7-afad38df082b,Amesbury Climate Action Committee,Amesbury,MA,"Amesbury City Hall, 62 Friend St",01913,https://concordma.gov/3324/Climate-Action-Committee,unknown,unknown,The Amesbury Climate Action Committee focuses on local climate initiatives and sustainability efforts.,Municipal / Government-affiliated,"[""Town / City""]","['Residents', 'Businesses']","['Energy Efficiency', 'Transportation', 'Environmental', 'Food & Food Waste', 'Waste Reduction']",[],Community Engagement,,Verified,merge_engine,2026-05-25T00:27:17Z
4287255e-3932-4b8c-991b-e78ed65df3ce,Berkshire Environmental Action Team,Richmond,MA,20 Bank Row,01201,https://www.beatnb.org/,unknown,unknown,unknown,Nonprofit / Grassroots,unknown,['unknown'],['Unknown'],[],Unknown,,Not Verified,merge_engine,2026-05-25T03:12:12Z
42c5744d-ccf3-41c6-8890-c685e6ca9e0f,Doles Corner Climate Education Center,Doles Corner,MA,unknown,,https://www.dolescornerclimateed.org,unknown,unknown,The Doles Corner Climate Education Center provides educational resources and programs focused on climate change and sustainability practices.,Nonprofit / Grassroots,Town / City,['Residents'],['Environmental'],[],Community Engagement,,Not Verified,merge_engine,2026-05-25T03:12:12Z
42eb9a1d-9337-4516-b77f-a1fd664c9ef1,South Bay Community Services,Chula Vista,CA,430 F Street,91910,https://www.southbaycommunityservices.org/,unknown,unknown,South Bay Community Services focuses on environmental justice and community resilience in the face of climate change.,Nonprofit / Grassroots,Regional,['Residents'],['Unknown'],[],Community Engagement,,Not Verified,merge_engine,2026-05-25T03:12:12Z
42fa42b7-bb2f-453d-95d6-0f364e45ca74,SCV Green,Santa Clarita,CA,23920 Valencia Blvd,91350,https://scvgreen.org,unknown,unknown,SCV Green promotes sustainability initiatives and climate action programs in the Santa Clarita Valley.,Nonprofit / Grassroots,Regional,['Residents'],['Unknown'],[],Community Engagement,,Not Verified,merge_engine,2026-05-25T03:12:12Z
43515c27-c161-4fdd-a28b-094481477132,Green Montebello,Montebello,CA,4567 E. Washington Blvd,90640,http://www.greenmontebello.org,unknown,unknown,Engages in community education and action on climate-related issues.,Nonprofit / Grassroots,Town / City,['Residents'],['Unknown'],[],Community Engagement,,Not Verified,merge_engine,2026-05-25T03:12:12Z
436c340d-dffb-4f52-b8aa-778a1ca8a334,Alameda County Climate Action Coalition,Alameda,CA,1221 Oak St,94501,https://www.acgov.org/climateaction/,unknown,unknown,The Alameda County Climate Action Coalition focuses on collaborative efforts to reduce greenhouse gas emissions across Alameda County.,Nonprofit / Grassroots,Regional,"['Businesses', 'Municipality', 'Residents']",['Energy Efficiency'],[],Policy,,Not Verified,merge_engine,2026-05-25T03:12:12Z
436c6995-5ab4-4c1f-825e-d6edc87f60d9,Charlton Climate Action Committee,Charlton,MA,"Charlton Town Hall, 37 Main St",01507,https://www.charlton-ma.gov/climate-action-committee,unknown,unknown,The Charlton Climate Action Committee focuses on local climate initiatives and sustainability efforts.,Municipal / Government-affiliated,"[""Town / City""]","['Residents', 'Businesses']","['Energy Efficiency', 'Transportation', 'Environmental', 'Food & Food Waste', 'Waste Reduction']",[],Community Engagement,,Verified,merge_engine,2026-05-25T00:27:17Z
4395223a-6ec2-478d-bcbf-0f90dc055d1a,Concord Climate Action Committee,Concord,MA,"Ceres City Hall, 2720 4th St",95307,https://concordma.gov/3324/Climate-Action-Committee,unknown,unknown,Ceres Climate Action Committee focuses on local climate initiatives and sustainability programs.,Municipal / Government-affiliated,"[""Town / City""]","['Residents', 'Businesses']","['Energy Efficiency', 'Transportation', 'Environmental', 'Food & Food Waste', 'Waste Reduction']",[],Community Engagement,,Verified,merge_engine,2026-05-25T00:27:17Z
43dcce83-a111-4a5d-bdce-d2512c3e4a88,North Country Climate Action Network,Bartlett,NH,PO Box 123,03818,http://www.northcountryclimateaction.org,unknown,unknown,The North Country Climate Action Network focuses on local climate action initiatives and community resilience.,Nonprofit / Grassroots,Town / City,['Residents'],['Unknown'],[],Community Engagement,,Not Verified,merge_engine,2026-05-25T03:12:12Z
4400896b-a0bc-4351-b6d1-545b43cb2760,Morro Bay Climate Action Team,Morro Bay,CA,"Morro Bay, CA",93442,https://www.morrobayclimateaction.org,unknown,unknown,Morro Bay Climate Action Team focuses on local climate action initiatives and community engagement to address climate change.,Nonprofit / Grassroots,Town / City,['Residents'],['Environmental'],[],Community Engagement,,Not Verified,merge_engine,2026-05-25T03:12:12Z
44320c76-681d-46e7-a6ce-b9be1b426c84,Green Ashburnham,Ashburnham,MA,"Ashburnham, MA",01430,http://www.greenashburnham.org,unknown,unknown,Focus on local climate initiatives and sustainability practices.,Nonprofit / Grassroots,Town / City,['Residents'],['Unknown'],[],Community Engagement,,Not Verified,merge_engine,2026-05-25T03:12:12Z
443b342c-809a-4498-84d5-a86cae6ac0ec,New Hampshire Climate Action Network,Chatham,NH,2 Pillsbury Street,03301,https://nhclimateaction.org,unknown,unknown,The New Hampshire Climate Action Network is focused on advocating for climate action and policy changes in the state.,Nonprofit / Grassroots,State / National,"['Businesses', 'Municipality', 'Residents']",['Unknown'],[],Policy,,Not Verified,merge_engine,2026-05-25T03:12:12Z
4453091d-f590-4a3c-9862-0a78daa843a6,The Climate Reality Project - Santa Cruz Chapter,Santa Cruz,CA,unknown,95060,https://www.climaterealityproject.org,unknown,unknown,"The Climate Reality Project - Santa Cruz Chapter focuses on climate education and advocacy at the local level, working to build a sustainable future through clean energy and reducing emissions.",Nonprofit / Grassroots,Regional,['Residents'],"['Environmental', 'Energy Efficiency']",[],Community Engagement,,Not Verified,merge_engine,2026-05-25T03:12:12Z
445f0a89-c389-4d06-b613-35b29ef07e39,Seacoast Climate Collaborative,Hampton Falls,NH,1 Junkins Ave,03801,https://seacoastclimate.org/,unknown,unknown,The Seacoast Climate Collaborative is focused on regional climate action and resilience initiatives.,Nonprofit / Grassroots,Regional,"['Businesses', 'Municipality', 'Residents']",['Unknown'],[],Community Engagement,,Not Verified,merge_engine,2026-05-25T03:12:12Z
44cbe0a8-88de-4d0d-b428-66e385fa0254,Swampscott Climate Action,Swampscott,MA,"Swampscott Town Hall, 22 Monument Ave",01907,https://www.swampscottma.gov/climate-action,unknown,unknown,The Swampscott Climate Action group focuses on local initiatives for reducing carbon emissions and promoting sustainability in the community.,Municipal / Government-affiliated,Town / City,"['Municipality', 'Residents']","['Environmental', 'Energy Efficiency']",[],Community Engagement,,Not Verified,merge_engine,2026-05-25T03:12:12Z
44cfd37d-260e-41b6-a62d-34c22401940b,Sonoma County Energy Independence Program,Santa Rosa,CA,575 Administration Drive,95403,https://sonomacountyenergy.org,unknown,unknown,The Sonoma County Energy Independence Program provides resources for energy efficiency and renewable energy projects to reduce carbon emissions.,Nonprofit / Grassroots,Regional,"['Businesses', 'Municipality', 'Residents']",['Energy Efficiency'],[],Community Engagement,,Not Verified,merge_engine,2026-05-25T03:12:12Z
44d647d4-97d3-4092-86eb-fcc0df692a6d,Central Valley Clean Energy Coalition,Stockton,CA,"555 E Weber Ave, Stockton, CA 95202",95202,http://www.cleanenergycoalition.org/,unknown,unknown,The Coalition promotes clean energy solutions and climate action initiatives in the Central Valley.,Nonprofit / Grassroots,Regional,"['Businesses', 'Municipality', 'Residents']",['Energy Efficiency'],[],Community Engagement,,Not Verified,merge_engine,2026-05-25T03:12:12Z
44e21a19-8d3d-4e5a-8030-32d175f838ad,Truckee Donner Land Trust,Truckee,CA,11073 Donner Pass Road,96161,https://tdlandtrust.org/,info@tdlandtrust.org,(530) 582-4711,"Truckee Donner Land Trust works to protect and preserve open spaces in the Truckee Donner region, ensuring public access and conservation of natural areas.",Nonprofit / Grassroots,Regional,['Residents'],['Environmental'],[],Conservation,,Not Verified,merge_engine,2026-05-25T03:12:12Z
451c2196-7e9a-4708-94b4-55bc6017cf8c,Los Angeles County Climate Action Plan,Rolling Hills Estates,CA,"500 W Temple St, Room 365",90012,https://www.lacounty.gov/climate-action-plan,unknown,unknown,Los Angeles County's Climate Action Plan outlines strategies for emissions reduction and climate resilience.,Municipal / Government-affiliated,Regional,"['Businesses', 'Municipality', 'Residents']",['Unknown'],[],Unknown,,Not Verified,merge_engine,2026-05-25T03:12:12Z
4530187a-85e6-4339-978d-469fcf4d317a,Green Santa Paula,Santa Paula,CA,123 N 10th St,93060,http://greensantapaula.org,unknown,unknown,Focus on local climate action initiatives and sustainability programs.,Nonprofit / Grassroots,Town / City,['Residents'],['Unknown'],[],Community Engagement,,Not Verified,merge_engine,2026-05-25T03:12:12Z
456d686c-9b8e-4dff-bec0-04867055b94a,Santa Cruz County Green Business Program,Santa Cruz,CA,"701 Ocean St, Room 510",95060,https://www.greenbusinessca.org/santa-cruz-county,unknown,unknown,Promotes sustainable business practices to reduce emissions.,Nonprofit / Grassroots,Regional,['Businesses'],['Green Economics'],[],Community Engagement,,Not Verified,merge_engine,2026-05-25T03:12:12Z
4592fc84-c4d2-4c61-a9fc-e83a1b2985fd,Santa Barbara County Energy Division,Santa Barbara,CA,123 East Anapamu Street,93101,https://www.countyofsb.org/energy,unknown,unknown,The Energy Division focuses on energy efficiency and renewable energy programs to reduce greenhouse gas emissions.,Nonprofit / Grassroots,Regional,"['Businesses', 'Municipality', 'Residents']",['Energy Efficiency'],[],Conservation,,Not Verified,merge_engine,2026-05-25T03:12:12Z
459b261e-ebcc-4ad9-8423-b58bdcf33a5c,Lunenburg Climate Action Committee,Lunenburg,MA,"Lunenburg Town Hall, 960 Massachusetts Ave",01462,https://www.lunenburgma.gov/climate-action-committee,unknown,unknown,The Lunenburg Climate Action Committee focuses on local climate initiatives and sustainability efforts in the community.,Municipal / Government-affiliated,"[""Town / City""]","['Residents', 'Businesses']","['Energy Efficiency', 'Transportation', 'Environmental', 'Food & Food Waste', 'Waste Reduction']",[],Community Engagement,,Verified,merge_engine,2026-05-25T00:27:17Z
45b2625a-8fc9-4824-8c09-03e0f0c2a2f0,Sustainable Sunderland,Sunderland,MA,"Sunderland, MA",01375,http://sustainablesunderland.org,unknown,unknown,Sustainable Sunderland is focused on promoting sustainable practices and climate action in the community.,Nonprofit / Grassroots,unknown,['unknown'],['Unknown'],[],Unknown,,Not Verified,merge_engine,2026-05-25T03:12:12Z
45e25ef4-96f8-4a9c-95da-f134fe7aa986,New Bedford Community Development,New Bedford,MA,608 Pleasant Street,02740,https://www.newbedford-ma.gov/community-development/,unknown,unknown,New Bedford Community Development includes climate resilience in its planning and development initiatives.,Municipal / Government-affiliated,Town / City,"['Municipality', 'Residents']",['Unknown'],[],Community Engagement,,Not Verified,merge_engine,2026-05-25T03:12:12Z
464bbe9a-261b-4cef-b01b-5b83f9d4e504,Sustainable Bennington,Bennington,MA,unknown,05201,http://sustainablebennington.org,unknown,unknown,Sustainable Bennington promotes sustainability and climate action in Bennington through community engagement and education.,Nonprofit / Grassroots,"[""Town / City""]","['Residents', 'Municipality']","['Energy Efficiency', 'Food & Food Waste', 'Waste Reduction']",[],Community Engagement,,Verified,merge_engine,2026-05-25T00:27:17Z
4675a04b-33d6-40f3-97c1-43d8506f71cf,Green Ashby,Ashby,MA,"Ashby, MA",01431,http://www.greenashby.org,unknown,unknown,Green Ashby focuses on local climate action initiatives and sustainability programs.,Nonprofit / Grassroots,Town / City,['Residents'],['Unknown'],[],Community Engagement,,Not Verified,merge_engine,2026-05-25T03:12:12Z
46811f2b-af5a-481a-a872-32714a5a5864,Youth for Climate Action,westford,MA,unknown,93940,https://www.youthforclimateaction.org/,unknown,unknown,Youth for Climate Action focuses on empowering youth to engage in climate action and advocacy efforts.,Nonprofit / Grassroots,[],['Residents'],['Environmental'],[],Community Engagement,,Verified,merge_engine,2026-05-25T00:27:17Z
46a40b9d-ae49-42e1-b720-694a72973e9b,Tehama County Air Pollution Control District,Tehama,CA,555 Main St,96080,http://www.tehamacountyapcd.org/,unknown,unknown,The Tehama County Air Pollution Control District is involved in programs aimed at reducing emissions and improving air quality.,Nonprofit / Grassroots,Regional,"['Municipality', 'Residents']",['Environmental'],[],Policy,,Not Verified,merge_engine,2026-05-25T03:12:12Z
46afb8ad-d25e-4e36-9eb4-7177066bfadd,Methuen Climate Committee,Methuen,MA,41 Pleasant Street,01844,https://www.methuen-ma.gov/climate-committee,unknown,unknown,The Methuen Climate Committee focuses on local climate action plans and sustainability initiatives.,Municipal / Government-affiliated,Town / City,"['Municipality', 'Residents']",['Environmental'],[],Community Engagement,,Not Verified,merge_engine,2026-05-25T03:12:12Z
46e3b98e-44ea-4f8e-806f-ca472f759104,Mount Vernon Park Climate Action Group,Mount Vernon Park,MA,123 Climate St,02155,http://www.mvclimateaction.org,unknown,unknown,The Mount Vernon Park Climate Action Group aims to reduce local carbon emissions and promote renewable energy solutions in Mount Vernon Park.,Nonprofit / Grassroots,Town / City,['Residents'],['Energy Efficiency'],[],Community Engagement,,Not Verified,merge_engine,2026-05-25T03:12:12Z
470e6232-24b8-41df-b9e5-6e719a3f1c66,Compton Youth Climate Initiative,Compton,CA,2345 W Rosecrans Ave,90220,http://www.comptonyouthclimate.org,unknown,unknown,Engages youth in climate education and action programs.,Nonprofit / Grassroots,Town / City,['Residents'],['Environmental'],[],Community Engagement,,Not Verified,merge_engine,2026-05-25T03:12:12Z
47100f8c-7eb5-46c4-8a74-3e6120ab5f39,Climate Action Now,Amherst,MA,PO Box 1013,01002,http://climateactionnowma.org,unknown,unknown,Climate Action Now is focused on climate change advocacy and action in Massachusetts.,Nonprofit / Grassroots,State / National,['Residents'],['Unknown'],[],Community Engagement,,Not Verified,merge_engine,2026-05-25T03:12:12Z
4716ab4d-37aa-4bf1-b7f7-d0100de115be,San Joaquin Valley Climate Collaborative,San Joaquin,CA,123 Climate St,93721,http://www.sjvclimate.org,unknown,unknown,The Collaborative works on regional climate planning and implementation strategies.,Nonprofit / Grassroots,Regional,"['Businesses', 'Municipality', 'Residents']",['Unknown'],[],Policy,,Not Verified,merge_engine,2026-05-25T03:12:12Z
474580d8-45ef-46a0-86f4-435aed6b477e,New Hampshire Climate Action Network,Langdon,NH,2 Pillsbury St,03301,https://www.nhclimateaction.org/,unknown,unknown,The New Hampshire Climate Action Network is focused on climate action and advocacy for policies that reduce greenhouse gas emissions.,Nonprofit / Grassroots,State / National,"['Businesses', 'Municipality', 'Residents']",['Environmental'],[],Policy,,Not Verified,merge_engine,2026-05-25T03:12:12Z
47639e83-dffa-4e2c-b144-5c76368382a0,Montclair Climate Action Committee,Montclair,MA,5111 Benito St,91763,https://concordma.gov/3324/Climate-Action-Committee,unknown,unknown,Montclair Climate Action Committee focuses on reducing greenhouse gas emissions and promoting sustainability initiatives in the community.,Nonprofit / Grassroots,"[""Town / City""]","['Residents', 'Businesses']","['Energy Efficiency', 'Transportation', 'Environmental', 'Food & Food Waste', 'Waste Reduction']",[],Community Engagement,,Verified,merge_engine,2026-05-25T00:27:17Z
47c5dfaa-d5bf-4460-9ffd-907befee99e4,Youth Climate Action Knights Crossing,Knights Crossing,MA,101 Youth Way,01060,http://www.youthclimateactionkc.org,unknown,unknown,This organization engages youth in climate education and advocacy efforts.,Nonprofit / Grassroots,Town / City,['Residents'],['Environmental'],[],Community Engagement,,Not Verified,merge_engine,2026-05-25T03:12:12Z
47cc7b28-6f31-43a9-9b44-5fc035703b14,Riverside County Climate Action Plan,Corona,CA,unknown,92501,https://www.rivco.org/climate-action-plan,unknown,unknown,The Riverside County Climate Action Plan aims to reduce greenhouse gas emissions and prepare for climate impacts.,Nonprofit / Grassroots,Regional,"['Municipality', 'Residents']",['Unknown'],[],Unknown,,Not Verified,merge_engine,2026-05-25T03:12:12Z
47ea63c4-4f8e-47a2-887c-2146e0bd0c57,Worcester Regional Chamber of Commerce,Worcester,MA,311 Main Street,01608,https://www.worcesterchamber.org,info@worcesterchamber.org,508.753.2924,"The Worcester Regional Chamber of Commerce is the largest Chamber in New England, representing 2,100 members from all industries. It focuses on economic development, workforce training, and advocating for business-friendly policies.",Nonprofit / Grassroots,Regional,"['Businesses', 'Residents']","['Energy Efficiency', 'Green Economics']",[],Community Engagement,,Not Verified,merge_engine,2026-05-25T03:12:12Z
48072784-9be7-479e-b235-9f420adfe4cd,New Hampshire Sustainable Energy Association (NHSEA),Concord,NH,2 Pillsbury Street,03301,https://www.nhsea.org/,unknown,unknown,NHSEA promotes sustainable energy solutions and policies that reduce greenhouse gas emissions.,Nonprofit / Grassroots,State / National,"['Businesses', 'Municipality', 'Residents']",['Energy Efficiency'],[],Policy,,Not Verified,merge_engine,2026-05-25T03:12:12Z
482bd44f-be91-42ef-b0e3-971c9cee6955,Buena Park Environmental Justice Alliance,Buena Park,CA,1234 Justice Blvd,90620,http://www.buenaparkjustice.org,unknown,unknown,Focuses on environmental justice issues with a climate component.,Nonprofit / Grassroots,Town / City,['Residents'],['Environmental'],[],Community Engagement,,Not Verified,merge_engine,2026-05-25T03:12:12Z
482cb2d6-6323-4410-8980-239f3c4f69b1,Sustainable Walnut,Walnut,CA,"Walnut, CA",91789,http://sustainablewalnut.org,unknown,unknown,Sustainable Walnut focuses on local climate action initiatives and sustainability programs.,Nonprofit / Grassroots,Town / City,['Residents'],['Environmental'],[],Community Engagement,,Not Verified,merge_engine,2026-05-25T03:12:12Z
4887adc6-4b1d-41e6-94be-c6a972be7ffa,Worcester Climate Coalition,East Brookfield,MA,"Worcester, MA",01609,https://www.worcesterclimatecoalition.org,unknown,unknown,"Worcester Climate Coalition is focused on climate action and advocacy in the Worcester area, including East Brookfield.",Nonprofit / Grassroots,Regional,['Residents'],['Unknown'],[],Community Engagement,,Not Verified,merge_engine,2026-05-25T03:12:12Z
489e3a3d-46aa-401d-b2f1-f4e9f41d04d8,Lynn Environmental Sustainability Committee,Lynn,MA,"Lynn City Hall, 2 City Hall Square",01901,https://www.lynnma.gov/sustainability,unknown,unknown,The Lynn Environmental Sustainability Committee focuses on initiatives to reduce greenhouse gas emissions and promote sustainable practices in the city.,Municipal / Government-affiliated,Town / City,"['Municipality', 'Residents']","['Environmental', 'Energy Efficiency']",[],Community Engagement,,Not Verified,merge_engine,2026-05-25T03:12:12Z
48a7deab-5f76-46ad-be92-c8d4765f0698,San Joaquin Council of Governments (SJCOG),Stockton,CA,"555 E Weber Ave, Stockton, CA 95202",95202,http://www.sjcog.org/,unknown,unknown,"The San Joaquin Council of Governments (SJCOG) is responsible for transportation policy development, planning, and programming in San Joaquin County. It serves as the Regional Transportation Planning Agency and Metropolitan Planning Organization, focusing on regional decision-making for growth, transportation, environmental management, housing, and economic development.",Nonprofit / Grassroots,Regional,"['Businesses', 'Municipality', 'Residents']","['Transportation', 'Environmental']",[],Community Engagement,,Not Verified,merge_engine,2026-05-25T03:12:12Z
48f5157f-8fbc-448a-9641-4bab344bc54d,Lowell Electric Department,Lowell,MA,99 Tadmuck Rd,01852,http://www.lowellelectric.com,unknown,unknown,The Lowell Electric Department is involved in energy efficiency programs and electrification initiatives to reduce carbon emissions.,Municipality,Town / City,"['Municipality', 'Residents']",['Energy Efficiency'],[],Community Engagement,,Not Verified,merge_engine,2026-05-25T03:12:12Z
4904a81e-ad3a-4790-91f8-9e9459b8a55e,Sustainable Encinitas,Encinitas,CA,PO Box 233,92024,http://www.sustainableencinitas.org,unknown,unknown,Sustainable Encinitas promotes local sustainability initiatives and climate action programs.,Nonprofit / Grassroots,Town / City,['Residents'],['Environmental'],[],Community Engagement,,Not Verified,merge_engine,2026-05-25T03:12:12Z
4929b568-0861-4a70-8477-4fcca51ab81e,Kern Climate Change Collaborative,Wasco,CA,1401 19th St,93301,http://www.kernclimate.org,unknown,unknown,Kern Climate Change Collaborative focuses on climate action and resilience in the Kern County area.,Nonprofit / Grassroots,unknown,['unknown'],['Unknown'],[],Unknown,,Not Verified,merge_engine,2026-05-25T03:12:12Z
492bdf6e-4d20-487f-a3ea-6a5f8050f302,New Hampshire Climate Action Network,Middleton,NH,2 Pillsbury St,03301,https://nhclimateaction.org,unknown,unknown,The New Hampshire Climate Action Network is dedicated to advocating for policies that address climate change and promote sustainability.,Nonprofit / Grassroots,unknown,['unknown'],['Unknown'],[],Unknown,,Not Verified,merge_engine,2026-05-25T03:12:12Z
492f99f6-eabf-4f1c-8a45-9cf37af654c2,Duxbury Climate Action Network,Duxbury,MA,"Duxbury Town Hall, 878 Tremont St",02332,http://www.duxburyclimateaction.org,unknown,unknown,Duxbury Climate Action Network focuses on local climate initiatives and community engagement for climate resilience.,Nonprofit / Grassroots,Town / City,['Residents'],['Environmental'],[],Community Engagement,,Not Verified,merge_engine,2026-05-25T03:12:12Z
49539911-cc77-46cf-8723-dddb1c8c8bf7,New Hampshire Sustainable Energy Association (NHSEA),Peterborough,NH,49 South Main St,03301,https://www.nhsea.org/,unknown,unknown,"NHSEA promotes sustainable energy solutions and advocates for policies that support energy efficiency and renewable energy, directly addressing climate change.",Nonprofit / Grassroots,State / National,"['Businesses', 'Municipality', 'Residents']",['Energy Efficiency'],[],Policy,,Not Verified,merge_engine,2026-05-25T03:12:12Z
49716fd6-5d54-4f51-976b-dfc444cea28c,Green Ventura,Ventura,CA,3030 Cedar St,93001,http://www.greenventura.org,unknown,unknown,Green Ventura advocates for local policies that promote renewable energy and climate resilience.,Nonprofit / Grassroots,Town / City,['Residents'],['Energy Efficiency'],[],Policy,,Not Verified,merge_engine,2026-05-25T03:12:12Z
4983119c-b7e9-455c-9dd3-7069840addab,Riverside Energy Initiative,Riverside,MA,789 Energy Rd,01039,http://www.riversideenergyinitiative.org,unknown,unknown,Riverside Energy Initiative promotes electrification and energy efficiency programs in the community.,Nonprofit / Grassroots,Town / City,['Residents'],['Energy Efficiency'],[],Community Engagement,,Not Verified,merge_engine,2026-05-25T03:12:12Z
4989e3c9-3f81-443b-8631-0c4a08449c77,Sunnyvale Climate Action Plan,Sunnyvale,CA,456 W Olive Ave,94086,https://sunnyvale.ca.gov/climateaction,unknown,unknown,The City of Sunnyvale has developed a Climate Action Plan to reduce greenhouse gas emissions and promote sustainability.,Municipal / Government-affiliated,Town / City,"['Municipality', 'Residents']","['Energy Efficiency', 'Transportation']",[],Policy,,Not Verified,merge_engine,2026-05-25T03:12:12Z
498db6c7-647f-4dd3-83cf-490da9256006,Sustainable Communities,Montebello,CA,1234 S. Montebello Blvd,90640,http://www.sustainablecommunities.org,unknown,unknown,Focus on climate action and sustainability initiatives in local communities.,Nonprofit / Grassroots,Town / City,['Residents'],['Unknown'],[],Community Engagement,,Not Verified,merge_engine,2026-05-25T03:12:12Z
49a05bea-6e47-4c9e-8e0f-682e79edc2ef,Orange County Environmental Justice Collaborative,Santa Ana,CA,200 W Santa Ana Blvd,92701,https://www.ojec.org/,jellevanslooten@planet.nl,unknown,The Orange County Environmental Justice Collaborative works on issues of environmental justice with a focus on climate impacts.,Nonprofit / Grassroots,unknown,['unknown'],['Unknown'],[],Unknown,,Not Verified,merge_engine,2026-05-25T03:12:12Z
49a551e8-e1cc-4934-8102-d9a44daae29e,Los Angeles County Department of Public Health,Los Angeles,CA,"313 N Figueroa St, Los Angeles, CA",90012,http://publichealth.lacounty.gov,unknown,(833) 540-0473,"The Los Angeles County Department of Public Health focuses on ensuring the health and safety of the county's residents through various public health initiatives, including climate change resilience planning.",Municipal / Government-affiliated,Regional,['Residents'],['Environmental'],[],Community Engagement,,Not Verified,merge_engine,2026-05-25T03:12:12Z
49decc03-50a4-40e5-8428-2ab90a431af9,Massachusetts Institute of Technology (MIT) Energy Initiative,Marsh Corner,MA,77 Massachusetts Ave,02139,https://energy.mit.edu/,unknown,unknown,"The MIT Energy Initiative is MIT’s hub for energy research, education, and outreach, advancing zero- and low-carbon solutions to expand energy access and address climate change.",Academic,State / National,"['Businesses', 'Municipality', 'Residents']","['Energy Efficiency', 'Transportation', 'Environmental']",[],Community Engagement,,Not Verified,merge_engine,2026-05-25T03:12:12Z
49f968ef-90bd-4e2e-be4b-cbcf3fbb6979,New Hampshire Climate Action Network,Ossipee,NH,2 Pillsbury St,03301,https://nhclimateaction.org,unknown,unknown,The New Hampshire Climate Action Network is dedicated to advocating for policies that reduce greenhouse gas emissions and promote renewable energy.,Nonprofit / Grassroots,State / National,"['Businesses', 'Municipality', 'Residents']",['Energy Efficiency'],[],Policy,,Not Verified,merge_engine,2026-05-25T03:12:12Z
4a022980-f7bf-4eac-854a-8bb8683f08db,Seacoast Climate Collaborative,Portsmouth,NH,"Portsmouth, NH",03801,https://seacoastclimate.org,unknown,unknown,The Seacoast Climate Collaborative is focused on climate action and resilience in the Seacoast region of New Hampshire.,Nonprofit / Grassroots,Regional,['unknown'],['Unknown'],[],Unknown,,Not Verified,merge_engine,2026-05-25T03:12:12Z
4a57f63f-78f7-4ff7-b034-35692bdbea09,South Hadley Climate Action Committee,South Hadley,MA,116 Main Street,01075,https://www.southhadley.org/,unknown,413-538-5030,The South Hadley Climate Action Committee works on initiatives to reduce greenhouse gas emissions and promote sustainability in the community.,Nonprofit / Grassroots,Town / City,"['Municipality', 'Residents']","['Environmental', 'Energy Efficiency']",[],Community Engagement,,Not Verified,merge_engine,2026-05-25T03:12:12Z
4a79d1af-3cdd-4606-9797-9330d0103b8a,City of Gilroy Climate Action Plan,Gilroy,CA,"7351 Rosanna St, Gilroy, CA 95020",95020,https://www.cityofgilroy.org/,unknown,unknown,The City of Gilroy has developed a Climate Action Plan to reduce greenhouse gas emissions and promote sustainability.,Nonprofit / Grassroots,Town / City,"['Municipality', 'Residents']","['Environmental', 'Transportation']",[],Policy,,Not Verified,merge_engine,2026-05-25T03:12:12Z
4a8c9946-bed1-4801-bc9f-3823d70a84b6,North Shore Community College - Sustainability Programs,Gloucester,MA,One Ferncroft Road,01930,https://www.northshore.edu/sustainability/,unknown,unknown,North Shore Community College offers programs focused on sustainability and climate education.,Academic,Regional,"['Businesses', 'Municipality', 'Residents']",['Environmental'],[],Community Engagement,,Not Verified,merge_engine,2026-05-25T03:12:12Z
4a9dcfde-20ee-421c-8df2-36337869b086,The Green Justice Coalition,Oakland Vale,MA,10 Beacon St,02111,https://www.greenjusticecoalition.org,unknown,unknown,The Green Justice Coalition focuses on environmental justice and climate resilience in urban communities.,Nonprofit / Grassroots,Regional,['Residents'],['Environmental'],[],Community Engagement,,Not Verified,merge_engine,2026-05-25T03:12:12Z
4aa5a3cc-288f-4327-a4a4-1113e3727974,Bay Area Regional Energy Network (BayREN),San Leandro,CA,101 8th St,94612,https://www.bayren.org/,,,"BayREN offers programs aimed at energy efficiency and electrification in buildings across the Bay Area, empowering residents and businesses with education and resources to lower bills and increase energy savings.",Nonprofit / Grassroots,Regional,"['Businesses', 'Municipality', 'Residents']",['Energy Efficiency'],[],Community Engagement,,Not Verified,merge_engine,2026-05-25T03:12:12Z
4aac22d5-2b85-481d-9a38-649ebac62b42,Beverly High School Environmental Club,beverly,MA,"Beverly High School, 100 Sohier Rd, Beverly, MA",01915,http://www.beverlyschools.org/environmentalclub,unknown,unknown,The club engages students in climate education and action projects focused on sustainability and emissions reduction.,Nonprofit / Grassroots,Town / City,['Residents'],"['Environmental', 'Energy Efficiency']",[],Community Engagement,,Not Verified,merge_engine,2026-05-25T03:12:12Z
4afb820b-4206-4296-9bc7-5eae10da950a,Sustainable Merrimack Valley,Shawsheen Heights,MA,"Lowell, MA",01852,http://www.sustainablemv.org,unknown,unknown,Sustainable Merrimack Valley focuses on sustainability initiatives including climate action and community resilience.,Nonprofit / Grassroots,unknown,['unknown'],['Unknown'],[],Unknown,,Not Verified,merge_engine,2026-05-25T03:12:12Z
4b2e5410-7dee-4a24-be35-5bb61ae7756a,Swampscott Green Energy Committee,Swampscott,MA,"Swampscott Town Hall, 22 Monument Ave",01907,https://www.swampscottma.gov/green-energy-committee,unknown,unknown,The Green Energy Committee works on projects related to energy efficiency and renewable energy initiatives in Swampscott.,Municipal / Government-affiliated,Town / City,"['Municipality', 'Residents']",['Energy Efficiency'],[],Community Engagement,,Not Verified,merge_engine,2026-05-25T03:12:12Z
4b3649e9-4a80-4a0a-b589-ee28de54d56f,Vallejo Electric Vehicle Association,Vallejo,CA,"Vallejo City Hall, 555 Santa Clara St",94590,http://www.vallejoevassociation.org,unknown,unknown,The Vallejo Electric Vehicle Association promotes the use of electric vehicles as a means to reduce emissions and transition to cleaner energy.,Nonprofit / Grassroots,Town / City,['Residents'],"['Transportation', 'Energy Efficiency']",[],Community Engagement,,Not Verified,merge_engine,2026-05-25T03:12:12Z
4b395858-3f22-4f51-a63e-0abf02e5bd59,Sustainable Martinez,Martinez,CA,"Martinez, CA",94553,http://sustainablemartinez.org,unknown,unknown,Sustainable Martinez focuses on local sustainability initiatives including climate action and community resilience.,Nonprofit / Grassroots,unknown,['unknown'],['Unknown'],[],Unknown,,Not Verified,merge_engine,2026-05-25T03:12:12Z
4b4cc1a1-0bf1-4a53-992c-f943a21937e2,Huntington Beach Climate Committee,Huntington Beach,CA,2000 Main St,92648,https://www.huntingtonbeachca.gov/,unknown,unknown,The Climate Committee works on local climate action plans and initiatives to reduce greenhouse gas emissions in the city.,Municipal / Government-affiliated,Town / City,"['Municipality', 'Residents']",['Environmental'],[],Policy,,Not Verified,merge_engine,2026-05-25T03:12:12Z
4b7bc414-6a57-4015-823c-8ca6bc9f70e2,Gridley City Council,Gridley,CA,"685 Kentucky St, Gridley, CA 95948",95948,https://www.gridleyca.gov,unknown,530-846-5695,"Gridley City Council is the governing body of Gridley, CA, committed to sustainability and climate action through municipal planning efforts.",Municipal / Government-affiliated,Town / City,"['Municipality', 'Residents']",['Unknown'],[],Policy,,Not Verified,merge_engine,2026-05-25T03:12:12Z
4b93ea2a-9bcb-47ca-949e-ce7008e2cbcb,North Shore Community Development Coalition,Lynn,MA,30 Washington Street,01901,https://www.nscdc.org/,unknown,unknown,The North Shore Community Development Coalition works on affordable housing initiatives that incorporate energy efficiency and sustainability practices to combat climate change.,Nonprofit / Grassroots,Regional,['Residents'],['Energy Efficiency'],[],Community Engagement,,Not Verified,merge_engine,2026-05-25T03:12:12Z
4b9aa212-a28d-4b10-9404-b6f6786f5d38,Sustainable Azusa,Azusa,CA,123 N Azusa Ave,91702,http://www.sustainableazusa.org,unknown,unknown,Sustainable Azusa focuses on reducing carbon emissions and promoting renewable energy initiatives in the community.,Nonprofit / Grassroots,Town / City,['Residents'],['Energy Efficiency'],[],Community Engagement,,Not Verified,merge_engine,2026-05-25T03:12:12Z
4be3d75b-52a2-4c6d-ac36-ada016a0f200,Orange County Sustainability Initiative,Placentia,CA,1 Civic Center Plaza,92612,https://www.ocgov.com/gov/ceo/sustainability/,unknown,unknown,"The Orange County Sustainability Initiative focuses on regional sustainability efforts, including climate action and emissions reduction.",Municipality,Regional,"['Businesses', 'Municipality', 'Residents']","['Energy Efficiency', 'Transportation']",[],Policy,,Not Verified,merge_engine,2026-05-25T03:12:12Z
4c0b368d-87ed-49cf-aad1-9019d6462601,Seacoast Climate Collaborative,Hampton,NH,"Hampton, NH",03842,https://seacoastclimate.org,unknown,unknown,"The Seacoast Climate Collaborative works on regional climate action initiatives, including emissions reduction and sustainability programs.",Nonprofit / Grassroots,Regional,['Residents'],"['Energy Efficiency', 'Green Economics']",[],Community Engagement,,Not Verified,merge_engine,2026-05-25T03:12:12Z
4c31f644-59de-4383-b885-8038b0259123,Solano County Climate Action Coalition,Fairfield,CA,5678 Greenway Dr,94533,http://solanoclimatecoalition.org,Clerk@solanocounty.gov,707-784-6100,"A coalition focused on climate action initiatives across Solano County, including Vacaville.",Coalition,Regional,['Residents'],['Unknown'],[],Community Engagement,,Not Verified,merge_engine,2026-05-25T03:12:12Z
4c481b87-0801-4af1-a634-871d105e2b86,Northfield Energy Committee,Northfield,NH,"Northfield Town Hall, 21 Summer Street",03276,http://www.northfieldnh.org/energy-committee,unknown,unknown,The Northfield Energy Committee focuses on energy efficiency and renewable energy initiatives to reduce carbon emissions in the community.,Nonprofit / Grassroots,Town / City,"['Municipality', 'Residents']",['Energy Efficiency'],[],Community Engagement,,Not Verified,merge_engine,2026-05-25T03:12:12Z
4c531d98-344f-4e27-bb27-a7f0821955e8,"Santa Cruz County Office of Response, Recovery, and Resilience",Santa Cruz,CA,"701 Ocean St, Room 510",95060,https://www.co.santa-cruz.ca.us/,unknown,unknown,"The Santa Cruz County Office of Response, Recovery, and Resilience focuses on resilience planning and climate adaptation strategies.",Municipal / Government-affiliated,Regional,"['Municipality', 'Residents']",['Environmental'],[],Community Engagement,,Not Verified,merge_engine,2026-05-25T03:12:12Z
4c6898d3-d242-44d6-a932-9912eeb43c2f,Cape Ann Climate Coalition,Magnolia,MA,3 Pond Rd,01930,https://capeannclimatecoalition.org,unknown,unknown,"The Cape Ann Climate Coalition is focused on climate action and resilience efforts in the Cape Ann region, including Magnolia.",Nonprofit / Grassroots,"[""Town / City"", ""State / National""]",['Residents'],"['Energy Efficiency', 'Transportation', 'Environmental', 'Waste Reduction']",[],Community Engagement,,Verified,merge_engine,2026-05-25T03:12:12Z
4c9c9c52-633a-4ab0-a52e-9f046e8c2928,Berkshire Environmental Action Team,Pittsfield,MA,PO Box 1183,01201,https://www.beatnb.org/,unknown,unknown,"BEAT works on climate change issues through advocacy, education, and community engagement.",Nonprofit / Grassroots,Regional,['Residents'],['Environmental'],[],Community Engagement,,Not Verified,merge_engine,2026-05-25T03:12:12Z
4ca70e66-752e-4824-8db5-10c88727c92b,Sustainable Seacoast,Portsmouth,NH,"Portsmouth, NH",03801,https://www.sustainableseacoast.org,unknown,unknown,Sustainable Seacoast works on initiatives that promote sustainability and climate action in the Seacoast area.,Nonprofit / Grassroots,Regional,['unknown'],['Unknown'],[],Unknown,,Not Verified,merge_engine,2026-05-25T03:12:12Z
4d07bca4-7e87-446e-8ba4-02a8f084d361,New Hampshire Climate Action Network,New Ipswich,NH,unknown,03071,https://nhclimateaction.org,unknown,unknown,The New Hampshire Climate Action Network works on climate advocacy and policy initiatives to address climate change in New Hampshire.,Nonprofit / Grassroots,State / National,"['Businesses', 'Municipality', 'Residents']",['Unknown'],[],Policy,,Not Verified,merge_engine,2026-05-25T03:12:12Z
4d0dbefc-3865-408a-bd96-a0a5491bdb6e,Sustainable Costa Mesa,Costa Mesa,CA,Various Locations,92626,https://www.sustainablecostamesa.org,unknown,unknown,Sustainable Costa Mesa promotes initiatives aimed at reducing carbon emissions and enhancing community resilience.,Nonprofit / Grassroots,Town / City,['Residents'],['Environmental'],[],Community Engagement,,Not Verified,merge_engine,2026-05-25T03:12:12Z
4d469382-9224-4554-8747-1f15315aa645,Climate Reality Project - Los Angeles Chapter,Santa Monica,CA,unknown,90401,https://www.climaterealityproject.org/,unknown,unknown,"The Climate Reality Project - Los Angeles Chapter engages in climate advocacy and education efforts, working towards a sustainable future by reducing emissions and promoting clean energy.",Nonprofit / Grassroots,Regional,['Residents'],"['Environmental', 'Energy Efficiency']",[],Community Engagement,,Not Verified,merge_engine,2026-05-25T03:12:12Z
4d701e06-99b2-4174-a157-52ebe2b24b14,Sonoma County Climate Action Network,Sonoma,CA,PO Box 178,95476,https://www.sonomaclan.org/,unknown,unknown,The Sonoma County Climate Action Network advocates for local climate action and policies that reduce greenhouse gas emissions.,Nonprofit / Grassroots,unknown,['unknown'],['Unknown'],[],Unknown,,Not Verified,merge_engine,2026-05-25T03:12:12Z
4d718e78-46a2-457c-9f08-2fb3e714e51b,Knights Crossing Energy Initiative,Knights Crossing,MA,456 Energy Ave,01060,http://www.kcenergyinitiative.org,unknown,unknown,The Knights Crossing Energy Initiative promotes electrification and renewable energy solutions for local residents.,Nonprofit / Grassroots,Town / City,['Residents'],['Energy Efficiency'],[],Community Engagement,,Not Verified,merge_engine,2026-05-25T03:12:12Z
4d96c9cc-695a-4a19-9da3-a78f22f8ef7a,Island Climate Initiative,Oak Bluffs,MA,PO Box 2070,02557,https://www.islandclimateinitiative.org,unknown,unknown,The Island Climate Initiative focuses on climate action and resilience strategies for Martha's Vineyard.,Nonprofit / Grassroots,Regional,['Residents'],['Environmental'],[],Community Engagement,,Not Verified,merge_engine,2026-05-25T03:12:12Z
4e0f1740-9913-455b-a64b-4520cb131816,Waltham Energy Action Committee,Waltham,MA,"Waltham, MA",02451,http://www.cityofwaltham.com/energyaction,unknown,unknown,The Waltham Energy Action Committee promotes energy efficiency and renewable energy initiatives in the city.,Municipality,Town / City,"['Municipality', 'Residents']",['Energy Efficiency'],[],Community Engagement,,Not Verified,merge_engine,2026-05-25T03:12:12Z
4e169f59-7cc3-4096-bc0e-16766dfcb831,Sustainable Seacoast,Fremont,NH,PO Box 1073,03801,https://sustainableseacoast.org/,unknown,unknown,"Sustainable Seacoast works on initiatives related to energy efficiency, renewable energy, and climate resilience in the Seacoast region of New Hampshire.",Nonprofit / Grassroots,Regional,['unknown'],['Unknown'],[],Unknown,,Not Verified,merge_engine,2026-05-25T03:12:12Z
4e52f537-c0d1-4ce7-b87a-3316020aefb7,Lynn Community Health Center,Lynn,MA,269 Union Street,01901,https://lynnchc.org/,unknown,unknown,"Lynn Community Health Center is a nonprofit, multicultural community health center providing comprehensive health care services to residents of Lynn, MA, regardless of their ability to pay. The center offers a range of services including primary care, behavioral health, dental, and eye care, and is committed to social justice and reducing barriers to care.",Nonprofit / Grassroots,Town / City,['Residents'],['Environmental'],[],Community Engagement,,Not Verified,merge_engine,2026-05-25T03:12:12Z
4e5cbca6-d070-4ed9-a876-5851d85dc646,Berkley Energy Committee,Berkley,MA,1 North Main Street,02779,http://www.townofberkleyma.com/energy-committee,unknown,unknown,The Berkley Energy Committee focuses on energy efficiency and renewable energy initiatives to reduce the town's carbon footprint.,Municipality,Town / City,"['Municipality', 'Residents']",['Energy Efficiency'],[],Community Engagement,,Not Verified,merge_engine,2026-05-25T03:12:12Z
4e677057-e4f0-44e6-8691-d2c0457005d7,Merrimac Climate Action Committee,Merrimac,MA,"Merrimac Town Hall, 2 East Main Street",01860,https://concordma.gov/3324/Climate-Action-Committee,unknown,unknown,The Merrimac Climate Action Committee focuses on local climate initiatives and sustainability efforts.,Municipal / Government-affiliated,"[""Town / City""]","['Residents', 'Businesses']","['Energy Efficiency', 'Transportation', 'Environmental', 'Food & Food Waste', 'Waste Reduction']",[],Community Engagement,,Verified,merge_engine,2026-05-25T00:27:17Z
4e8a60e5-2160-486f-8251-2988c0a4b6a1,City of La Mesa Climate Action Plan,La Mesa,CA,8130 Allison Avenue,91942,https://www.cityoflamesa.gov/,unknown,619-463-6611,The City of La Mesa has developed a Climate Action Plan to reduce greenhouse gas emissions and promote sustainability.,Municipality,Town / City,"['Municipality', 'Residents']","['Environmental', 'Energy Efficiency', 'Transportation']",[],Policy,,Not Verified,merge_engine,2026-05-25T03:12:12Z
4e9de911-6188-4b43-97e4-45b2a57c373d,City of Placentia - Environmental Programs,Placentia,CA,401 E Chapman Ave,92870,https://www.placentia.org/,unknown,(714) 993-8117,The City of Placentia has environmental programs aimed at reducing emissions and promoting sustainability.,Nonprofit / Grassroots,Town / City,"['Municipality', 'Residents']",['Energy Efficiency'],[],Community Engagement,,Not Verified,merge_engine,2026-05-25T03:12:12Z
4ea1aa49-33f7-4395-a1ef-d5a156b83273,Alameda County Office of Sustainability,Alameda,CA,1221 Oak St,94612,https://www.acgov.org/sustainability/,unknown,unknown,The Alameda County Office of Sustainability develops and implements climate action plans for the county.,Nonprofit / Grassroots,Regional,['Municipality'],['Unknown'],[],Policy,,Not Verified,merge_engine,2026-05-25T03:12:12Z
4eb404c9-6449-4c2c-9e2b-ff7413b1472b,The Climate Reality Project - Coachella Valley Chapter,Coachella,CA,"Coachella, CA",92236,https://www.climaterealityproject.org,unknown,unknown,"The Climate Reality Project - Coachella Valley Chapter engages in climate education and advocacy efforts to build a sustainable future through reducing emissions, promoting clean energy, and climate justice.",Nonprofit / Grassroots,Regional,['Residents'],"['Environmental', 'Energy Efficiency']",[],Community Engagement,,Not Verified,merge_engine,2026-05-25T03:12:12Z
4ec1708c-9969-422b-a242-988002de535b,Concord Climate Action Committee,Concord,MA,"157 Main St, Spencer, MA 01562",01562,https://concordma.gov/3324/Climate-Action-Committee,unknown,unknown,The Spencer Climate Action Committee focuses on local climate initiatives and sustainability efforts.,Municipal / Government-affiliated,"[""Town / City""]","['Residents', 'Businesses']","['Energy Efficiency', 'Transportation', 'Environmental', 'Food & Food Waste', 'Waste Reduction']",[],Community Engagement,,Verified,merge_engine,2026-05-25T00:27:17Z
4ed7aabd-0545-4dcd-94b7-1ea625af98bf,Pasadena Unified School District - Climate Action,Pasadena,CA,351 S Hudson Ave,91101,https://www.pusd.us/,unknown,unknown,The Pasadena Unified School District implements climate education programs and sustainability initiatives in schools.,Municipality,Town / City,"['Municipality', 'Residents']",['Environmental'],[],Community Engagement,,Not Verified,merge_engine,2026-05-25T03:12:12Z
4f52a15a-402f-4398-a66d-348105f56c9b,Blackstone Valley Chamber of Commerce,Whitinsville,MA,670 Linwood Ave,01588,https://www.blackstonevalley.org/,bvadmin@blackstonevalley.org,(508) 234-9090,The Blackstone Valley Chamber of Commerce promotes sustainable business practices and supports local initiatives for energy efficiency and climate resilience.,Nonprofit / Grassroots,Regional,['Businesses'],['Energy Efficiency'],[],Community Engagement,,Not Verified,merge_engine,2026-05-25T03:12:12Z
4f7b31ad-0cf0-466c-8bdb-ee5df6aa54a8,"California State University, Fresno - Institute for Climate Change",Parlier,CA,5241 N Maple Ave,93740,http://www.fresnostate.edu/climate,unknown,unknown,The Institute conducts research and provides education on climate change impacts and solutions in California.,Academic,State / National,"['Businesses', 'Municipality', 'Residents']",['Environmental'],[],Community Engagement,,Not Verified,merge_engine,2026-05-25T03:12:12Z
4fbad527-035a-4215-bf14-7a91b391b638,Bolton Climate Action Coalition,Bolton,MA,"Bolton Town Hall, 663 Main St",01740,http://www.boltonma.gov/climate-action,unknown,unknown,Bolton Climate Action Coalition focuses on local climate initiatives and sustainability efforts.,Municipal / Government-affiliated,Town / City,['Residents'],['Environmental'],[],Community Engagement,,Not Verified,merge_engine,2026-05-25T03:12:12Z
4ff03f2f-2eb9-48a0-9d17-dbf6eb554fcd,Corning City Council,Corning,CA,"Corning City Hall, 832 3rd St",96021,http://www.corning.ca.us,unknown,unknown,The City of Corning has a Climate Action Plan that outlines strategies for reducing greenhouse gas emissions and enhancing community resilience.,Municipal / Government-affiliated,Town / City,"['Municipality', 'Residents']",['Environmental'],[],Policy,,Not Verified,merge_engine,2026-05-25T03:12:12Z
4ff2556c-cf60-429f-a966-87cb7ac5f1c8,SLO Climate Coalition,Pismo Beach,CA,"San Luis Obispo, CA",93401,https://www.sloclimate.org,unknown,unknown,The SLO Climate Coalition is dedicated to addressing climate change through advocacy and community engagement.,Nonprofit / Grassroots,Regional,['Residents'],['Environmental'],[],Community Engagement,,Not Verified,merge_engine,2026-05-25T03:12:12Z
4ffbfa67-fdcc-4f2f-8ced-031c83451b35,Chino Hills Sustainability Committee,Chino Hills,CA,14000 City Center Dr,91709,http://www.chinohills.org/sustainability,unknown,unknown,The Sustainability Committee works on initiatives to improve energy efficiency and reduce the carbon footprint of municipal operations.,Nonprofit / Grassroots,Town / City,['Municipality'],['Energy Efficiency'],[],Community Engagement,,Not Verified,merge_engine,2026-05-25T03:12:12Z
4ffe64cb-0082-48f7-9ca3-9382a70e188e,Sustainable Carpinteria,Carpinteria,CA,"Carpinteria, CA",93013,https://sustainablecarpinteria.org,unknown,unknown,"Sustainable Carpinteria focuses on local sustainability initiatives, including climate action and resilience planning.",Nonprofit / Grassroots,Town / City,['Residents'],['Unknown'],[],Community Engagement,,Not Verified,merge_engine,2026-05-25T03:12:12Z
5039ad5c-8055-454b-bf22-f7769e7cf9f2,Green Folsom,Folsom,CA,"Folsom, CA",95630,http://www.greenfolsom.org,unknown,unknown,Green Folsom is focused on promoting sustainable practices and climate action in the community.,Nonprofit / Grassroots,Town / City,['Residents'],['Unknown'],[],Community Engagement,,Not Verified,merge_engine,2026-05-25T03:12:12Z
504e3bed-a645-4cbb-bf91-dad7a37567b6,Cohasset Climate Action Committee,Cohasset,MA,"Cohasset Town Hall, 41 Highland Ave",02025,https://concordma.gov/3324/Climate-Action-Committee,unknown,unknown,The Cohasset Climate Action Committee focuses on local climate initiatives and sustainability efforts in the community.,Nonprofit / Grassroots,"[""Town / City""]","['Residents', 'Businesses']","['Energy Efficiency', 'Transportation', 'Environmental', 'Food & Food Waste', 'Waste Reduction']",[],Community Engagement,,Verified,merge_engine,2026-05-25T00:27:17Z
5055674c-aa80-442c-b658-7e493248c698,North Country Climate Action Network,Monroe,NH,"Littleton, NH",03561,http://www.northcountryclimateaction.org,unknown,unknown,North Country Climate Action Network works on local climate initiatives and advocacy for emissions reduction.,Nonprofit / Grassroots,Regional,['Residents'],['Energy Efficiency'],[],Community Engagement,,Not Verified,merge_engine,2026-05-25T03:12:12Z
508885b4-a88a-42a0-b3ea-c5925874fe70,Sustainable Duxbury,Duxbury,MA,"Duxbury Town Hall, 878 Tremont St",02332,http://www.sustainableduxbury.org,unknown,unknown,Sustainable Duxbury promotes practices that reduce carbon footprints and enhance community resilience to climate change.,Nonprofit / Grassroots,Town / City,['Residents'],['Environmental'],[],Community Engagement,,Not Verified,merge_engine,2026-05-25T03:12:12Z
50dade93-c5f2-43ce-a784-2d8a22408153,Green Pasadena,Pasadena,CA,100 N Garfield Ave,91101,https://www.cityofpasadena.net/green-pasadena/,unknown,unknown,Green Pasadena focuses on reducing carbon emissions and promoting sustainable practices in the community.,Municipality,Town / City,['Residents'],"['Green Economics', 'Energy Efficiency']",[],Community Engagement,,Not Verified,merge_engine,2026-05-25T03:12:12Z
50dc9635-07a6-4f84-a90c-bd8099d8ed1c,Sustainable Works,Santa Monica,CA,1744 Pearl Street,90405,http://www.sustainableworks.org,info@sustainableworks.org,310.458.8716,"Sustainable Works is a nonprofit organization focused on fostering environmental stewardship in communities by educating and engaging individuals to take inspired action. They partner with cities, businesses, organizations, and educational institutions in LA County to help them reach their sustainability and climate action goals.",Nonprofit / Grassroots,Regional,"['Businesses', 'Municipality', 'Residents']","['Environmental', 'Waste Reduction', 'Green Economics', 'Food & Food Waste', 'Transportation', 'Energy Efficiency']",[],Community Engagement,,Not Verified,merge_engine,2026-05-25T03:12:12Z
50e8b3be-756a-4ddf-b62b-f9989322ad81,Concord Climate Action Committee,Concord,MA,922 Machin Ave,94945,https://novato.org/government/committees-commissions/climate-action-committee,unknown,unknown,The Novato Climate Action Committee is dedicated to developing and implementing climate action strategies for the city.,Nonprofit / Grassroots,"[""Town / City""]","['Residents', 'Businesses']","['Energy Efficiency', 'Transportation', 'Environmental', 'Food & Food Waste', 'Waste Reduction']",[],Policy,,Verified,merge_engine,2026-05-25T00:27:17Z
50f0aca8-9de7-40d9-bdb9-bcce51123881,Lake County Climate Action,Lakeport,CA,255 N Main St,95453,http://www.lakecountyca.gov/climateaction,unknown,unknown,Lake County Climate Action focuses on reducing greenhouse gas emissions and promoting sustainable practices in the community.,Municipal / Government-affiliated,Town / City,['Residents'],"['Green Economics', 'Energy Efficiency']",[],Community Engagement,,Not Verified,merge_engine,2026-05-25T03:12:12Z
50f0de09-9d8d-45c1-9e7e-caaa26c2252b,Sustainable Orange County,Fountain Valley,CA,1500 E. 17th St.,92705,https://sustainableoc.org/,unknown,unknown,Sustainable Orange County focuses on climate action and sustainability initiatives in the region.,Nonprofit / Grassroots,Regional,['Residents'],['Unknown'],[],Community Engagement,,Not Verified,merge_engine,2026-05-25T03:12:12Z
51290abe-f1f1-4a8f-a80b-59a1c51bb7df,Sonoma County Climate Action,Petaluma,CA,"575 Administration Drive, Room 104A",95403,https://sonomacounty.ca.gov/climate-action,unknown,unknown,"Sonoma County Climate Action focuses on reducing greenhouse gas emissions and implementing climate resilience strategies across the county, including Petaluma.",Municipal / Government-affiliated,Regional,"['Businesses', 'Municipality', 'Residents']",['Unknown'],[],Unknown,,Not Verified,merge_engine,2026-05-25T03:12:12Z
5129b9ae-0187-4e27-ad48-649456d24370,Sustainable New Hampshire,Danville,NH,unknown,03819,https://www.sustainablenh.org,unknown,unknown,"Sustainable New Hampshire focuses on climate action and sustainability initiatives across the state, including local programs in Danville.",Nonprofit / Grassroots,State / National,['Residents'],['Environmental'],[],Community Engagement,,Not Verified,merge_engine,2026-05-25T03:12:12Z
5195de8e-d605-46cc-812f-6216ec5714a1,Pelham Energy Committee,Pelham,MA,"Pelham Town Hall, 351 Amherst Road",01002,https://www.pelham-ma.gov/energy-committee,unknown,unknown,The Pelham Energy Committee focuses on energy efficiency and renewable energy initiatives to reduce carbon emissions in the community.,Municipal / Government-affiliated,Town / City,['Residents'],['Energy Efficiency'],[],Community Engagement,,Not Verified,merge_engine,2026-05-25T03:12:12Z
519e83fa-2b89-4b2c-963c-d9b94021da2b,Youth Climate Action Network,Palm Springs,CA,7890 Youth Way,92262,http://www.youthclimateaction.org,unknown,unknown,Engages youth in climate education and advocacy efforts in the Coachella Valley.,Nonprofit / Grassroots,Regional,['Residents'],['Unknown'],[],Community Engagement,,Not Verified,merge_engine,2026-05-25T03:12:12Z
51a80018-505c-477b-94e5-6b017a057c53,Dighton Board of Selectmen,Dighton,MA,979 Somerset Avenue,02715,https://www.dighton-ma.gov/,unknown,508-669-6431,The Dighton Board of Selectmen is involved in municipal climate planning and implementation efforts.,Municipal / Government-affiliated,Town / City,"['Municipality', 'Residents']",['Environmental'],[],Policy,,Not Verified,merge_engine,2026-05-25T03:12:12Z
51e96f32-cfab-4b6c-bbf0-24cc8541fc36,Calaveras County Climate Action Committee,San Andreas,CA,891 Mountain Ranch Road,95249,http://www.calaverasgov.us/Departments/Planning/ClimateActionPlan.aspx,contact.center@dfeh.ca.gov,(209) 754-6394,"The Calaveras County Climate Action Committee is involved in planning and implementing climate action strategies within the county, focusing on balancing rural characteristics with growth and attracting industries in agriculture, commerce, tourism, and health services.",Municipality,Regional,"['Municipality', 'Residents']",['Environmental'],[],Policy,,Not Verified,merge_engine,2026-05-25T03:12:12Z
52257742-c2f2-40fc-8042-56617711f22e,Sustainable Cudahy,Cudahy,CA,"Cudahy City Hall, 5220 Santa Ana St",90201,http://www.cudahyca.org/sustainable-cudahy,unknown,unknown,Sustainable Cudahy focuses on reducing carbon emissions and promoting energy efficiency in the community.,Nonprofit / Grassroots,Town / City,['Residents'],['Unknown'],[],Unknown,,Not Verified,merge_engine,2026-05-25T03:12:12Z
5245f456-1b64-43a1-84d7-eff86737935a,Sustainable San Mateo County,Colma,CA,1700 S El Camino Real,94402,https://sustainablesanmateo.org/,unknown,unknown,Sustainable San Mateo County works on climate action initiatives and sustainability programs.,Nonprofit / Grassroots,Regional,['Residents'],['Environmental'],[],Community Engagement,,Not Verified,merge_engine,2026-05-25T03:12:12Z
524ce407-bca2-4b8a-9221-58b248fd77c8,Berkshire Regional Planning Commission,Pittsfield,MA,1 Fenn Street,01201,https://www.berkshireplanning.org/,work@berkshireplanning.org,(413) 442-1521,"Berkshire Regional Planning Commission is the official region-wide planning agency in Berkshire County providing comprehensive planning services to municipalities which include land use, transportation, community and economic development, housing, public health, and environmental planning.",Nonprofit / Grassroots,Regional,"['Municipality', 'Residents']","['Environmental', 'Transportation', 'Energy Efficiency']",[],Community Engagement,,Not Verified,merge_engine,2026-05-25T03:12:12Z
52c2ce89-5d52-4b54-8451-c3d11be6e9c3,Sustainable Silicon Valley,Gilroy,CA,unknown,95020,https://www.sustainablesiliconvalley.org,unknown,unknown,"Sustainable Silicon Valley works on climate action and sustainability initiatives across the region, including Gilroy.",Nonprofit / Grassroots,Regional,['Residents'],"['Environmental', 'Energy Efficiency']",[],Community Engagement,,Not Verified,merge_engine,2026-05-25T03:12:12Z
52cc39c4-8143-4289-a76c-972cfba2db06,San Joaquin Valley Air Pollution Control District,San Joaquin,CA,1990 E Gettysburg Ave,93721,http://www.valleyair.org,unknown,unknown,The San Joaquin Valley Air Pollution Control District is a public health agency focused on improving air quality and reducing greenhouse gas emissions in the San Joaquin Valley through efficient and effective air quality management strategies.,Nonprofit / Grassroots,Regional,['Residents'],['Environmental'],[],Community Engagement,,Not Verified,merge_engine,2026-05-25T03:12:12Z
52cdc8b9-a71c-4f36-86e0-a5f76304047f,Oxnard Climate Action Plan,Oxnard,CA,300 W. Third St.,93030,https://www.oxnard.org/city-departments/planning/climate-action-plan/,unknown,unknown,Oxnard's Climate Action Plan outlines strategies for reducing greenhouse gas emissions and adapting to climate change.,Nonprofit / Grassroots,Town / City,"['Municipality', 'Residents']",['Environmental'],[],Policy,,Not Verified,merge_engine,2026-05-25T03:12:12Z
52d1cbbc-b81d-4210-a822-659ca0982029,Long Beach Climate Action,Long Beach,CA,333 W Ocean Blvd,90802,https://www.longbeach.gov/climateaction,unknown,unknown,The City of Long Beach has a Climate Action Plan aimed at reducing greenhouse gas emissions and promoting sustainability.,Municipal / Government-affiliated,Town / City,"['Municipality', 'Residents']","['Environmental', 'Energy Efficiency']",[],Policy,,Not Verified,merge_engine,2026-05-25T03:12:12Z
52fd1aa1-c25e-490a-bee4-07e98cda29d9,Green Millis,Millis,MA,"Millis, MA",02054,http://www.greenmillis.org,unknown,unknown,Green Millis is focused on sustainability initiatives and climate action in the community.,Nonprofit / Grassroots,Town / City,['Residents'],['Environmental'],[],Community Engagement,,Not Verified,merge_engine,2026-05-25T03:12:12Z
5312525a-88db-4d56-b41c-13b4ee615b96,Northampton Climate Committee,Northampton,MA,"Northampton City Hall, 210 Main Street",01060,https://www.northamptonma.gov/,unknown,413-587-4900,The Northampton Climate Committee is dedicated to addressing climate change through local policy and community engagement.,Municipal / Government-affiliated,Town / City,"['Municipality', 'Residents']","['Environmental', 'Energy Efficiency']",[],Community Engagement,,Not Verified,merge_engine,2026-05-25T03:12:12Z
5324b418-38cb-4cbb-8788-2030681280db,Green Norwalk,Norwalk,CA,12345 Civic Center Drive,90650,http://www.greennorwalk.org,unknown,unknown,Green Norwalk focuses on local climate action initiatives and sustainability programs.,Nonprofit / Grassroots,Town / City,['Residents'],['Environmental'],[],Community Engagement,,Not Verified,merge_engine,2026-05-25T03:12:12Z
5358d4a1-377e-43bf-b567-eaed5fa85569,Concord Climate Action Committee,Concord,MA,12700 Norwalk Blvd,90650,https://concordma.gov/3324/Climate-Action-Committee,unknown,unknown,The Norwalk Climate Action Committee works on municipal climate planning and implementation.,Municipal / Government-affiliated,"[""Town / City""]","['Residents', 'Businesses']","['Energy Efficiency', 'Transportation', 'Environmental', 'Food & Food Waste', 'Waste Reduction']",[],Policy,,Verified,merge_engine,2026-05-25T00:27:17Z
5392eec9-44c3-435e-b077-cb694e29faa9,California Air Resources Board (CARB),Sacramento,CA,1001 I Street,95814,https://ww2.arb.ca.gov/,helpline@arb.ca.gov,(800) 242-4450,"The California Air Resources Board (CARB) is responsible for regulating greenhouse gas emissions and implementing climate policies in California, focusing on clean air and climate policy, zero-emission vehicles, and environmental justice.",Municipal / Government-affiliated,State / National,"['Businesses', 'Municipality', 'Residents']","['Environmental', 'Transportation']",[],Policy,,Not Verified,merge_engine,2026-05-25T03:12:12Z
53b3d5cc-1230-4760-8f7d-f6b9a87177fb,Green Energy Solutions of Rooty Plain,Rooty Plain,MA,654 Maple St,01001,https://www.greenenergysolutions.org,unknown,unknown,Green Energy Solutions of Rooty Plain promotes renewable energy projects and energy efficiency programs to reduce carbon emissions.,Nonprofit / Grassroots,Town / City,"['Businesses', 'Residents']",['Energy Efficiency'],[],Community Engagement,,Not Verified,merge_engine,2026-05-25T03:12:12Z
53ce0605-efd2-4b30-bdd8-2b5f7e1c4ee1,Mendocino County Climate Action Committee,Willits,CA,100 N Main St,95490,https://www.mendocinocounty.org/climate-action,unknown,unknown,Mendocino County Climate Action Committee focuses on climate action and resilience planning.,Nonprofit / Grassroots,Regional,"['Municipality', 'Residents']",['Unknown'],[],Policy,,Not Verified,merge_engine,2026-05-25T03:12:12Z
53e1eb07-94ab-45c7-a143-74ff5d581504,Yolo County Climate Action Commission,West Sacramento,CA,625 Court St,95691,https://www.yolocounty.org/government/departments/health/health-promotion/climate-action-commission,unknown,unknown,The Yolo County Climate Action Commission is focused on climate action and resilience strategies for the county.,Nonprofit / Grassroots,Regional,"['Municipality', 'Residents']",['Environmental'],[],Community Engagement,,Not Verified,merge_engine,2026-05-25T03:12:12Z
544184c3-b9d5-4220-a770-0508a2798aca,Fairfield Youth Climate Council,Fairfield,CA,1617 Youth Way,94533,http://fairfieldyouthclimate.org,unknown,unknown,The council empowers youth to engage in climate advocacy and local sustainability efforts.,Nonprofit / Grassroots,Town / City,['Residents'],['Environmental'],[],Community Engagement,,Not Verified,merge_engine,2026-05-25T03:12:12Z
544b70a9-4207-4134-80ad-17190ebdea3b,SLO Climate Coalition,Atascadero,CA,"San Luis Obispo, CA",93401,https://www.sloclimatestrategy.org/,unknown,unknown,The SLO Climate Coalition is focused on climate action and resilience in the San Luis Obispo region.,Nonprofit / Grassroots,Regional,['unknown'],['Unknown'],[],Unknown,,Not Verified,merge_engine,2026-05-25T03:12:12Z
5461fbc9-c56e-4af3-8188-868e2d61d51c,Melrose Energy Efficiency Program,Melrose,MA,"Melrose, MA",02176,https://www.cityofmelrose.org/energy-efficiency,unknown,unknown,The Melrose Energy Efficiency Program aims to reduce energy consumption and promote energy efficiency in municipal buildings and homes.,Nonprofit / Grassroots,Town / City,"['Municipality', 'Residents']",['Energy Efficiency'],[],Community Engagement,,Not Verified,merge_engine,2026-05-25T03:12:12Z
547b9abc-6945-4679-8d33-d6667343058e,Sustainable Hooksett,Hooksett,NH,"Hooksett, NH",03106,http://www.sustainablehooksett.org,unknown,unknown,"Sustainable Hooksett focuses on promoting sustainability initiatives in the community, including energy efficiency and climate action programs.",Nonprofit / Grassroots,Town / City,['Residents'],['Energy Efficiency'],[],Community Engagement,,Not Verified,merge_engine,2026-05-25T03:12:12Z
548ae106-e3af-412c-b36e-81465d85151e,Sustainable Palo Alto,Palo Alto,CA,250 Hamilton Avenue,94301,https://www.cityofpaloalto.org/gov/depts/pln/sustainablepaloalto.asp,unknown,unknown,Sustainable Palo Alto focuses on initiatives to reduce emissions and promote sustainability in the community.,Nonprofit / Grassroots,Town / City,"['Municipality', 'Residents']",['Unknown'],[],Unknown,,Not Verified,merge_engine,2026-05-25T03:12:12Z
54bd349a-24b1-46a5-ac8f-9c784737aed2,Raddin Station Resilience Initiative,Raddin Station,MA,unknown,,https://www.raddinstationresilience.org/,unknown,unknown,The initiative aims to enhance community resilience to climate impacts through various adaptation strategies.,Nonprofit / Grassroots,Town / City,['Residents'],['Environmental'],[],Community Engagement,,Not Verified,merge_engine,2026-05-25T03:12:12Z
54dda25f-2a35-43d5-bc17-a88ac4dfd4cd,Vista Climate Resilience Task Force,Vista,CA,1357 S Vista Blvd,92084,http://www.vistaresilience.org,unknown,unknown,Develops strategies for climate resilience and adaptation in Vista.,Nonprofit / Grassroots,Town / City,"['Municipality', 'Residents']",['Environmental'],[],Conservation,,Not Verified,merge_engine,2026-05-25T03:12:12Z
54dea36a-a106-44e7-b2cb-231f5a0abd17,Green Haverhill,Haverhill,MA,"Haverhill, MA",01830,http://www.greenhaverhill.org,unknown,unknown,Green Haverhill works on projects that promote sustainability and climate action in the community.,Nonprofit / Grassroots,Town / City,['Residents'],['Environmental'],[],Community Engagement,,Not Verified,merge_engine,2026-05-25T03:12:12Z
54ed272c-c1b4-4f64-b208-cc3728aef58d,Sustainable Plainville,Plainville,MA,unknown,02762,http://sustainableplainville.org,unknown,unknown,Sustainable Plainville focuses on community initiatives that promote sustainability and climate action.,Nonprofit / Grassroots,Town / City,['Residents'],['Unknown'],[],Community Engagement,,Not Verified,merge_engine,2026-05-25T03:12:12Z
5532caaa-b250-4a81-8fe9-0f840701a83a,Los Angeles County Department of Public Health,Alhambra,CA,1000 S. Fremont Ave,91801,http://publichealth.lacounty.gov,unknown,(833) 540-0473,"The Los Angeles County Department of Public Health focuses on ensuring the health and safety of the community through various programs, including those addressing climate adaptation and public health related to climate change.",Municipal / Government-affiliated,Regional,['Residents'],['Environmental'],[],Community Engagement,,Not Verified,merge_engine,2026-05-25T03:12:12Z
55394075-4bc0-4ecc-b7a7-a04a5481c923,Sustainable North Attleborough,North Attleborough,MA,"North Attleborough, MA",02760,http://www.sustainablenorthattleborough.org,unknown,unknown,Focus on sustainability initiatives and climate action programs in the community.,Nonprofit / Grassroots,Town / City,['Residents'],['Unknown'],[],Community Engagement,,Not Verified,merge_engine,2026-05-25T03:12:12Z
555d860e-c16f-406d-9167-8f54c4ba81bf,Duxbury School District Climate Education Program,Duxbury,MA,"Duxbury High School, 130 St George St",02332,http://www.duxbury.k12.ma.us/climate-education,unknown,unknown,The Duxbury School District has implemented a climate education program aimed at teaching students about climate change and sustainability.,Municipal / Government-affiliated,Town / City,['Residents'],['Environmental'],[],Community Engagement,,Not Verified,merge_engine,2026-05-25T03:12:12Z
55c3cc44-39a5-417a-8b32-0443508b2fe6,Massachusetts Clean Energy Center,Boston,MA,"294 Washington St., 11th",02108,https://www.masscec.com/,,617-315-9300,"Massachusetts Clean Energy Center (MassCEC) supports clean energy innovation and climate resilience initiatives across Massachusetts, focusing on accelerating decarbonization, emerging climatetech, offshore energy, and workforce development.",Nonprofit / Grassroots,State / National,"['Businesses', 'Municipality', 'Residents']","['Energy Efficiency', 'Transportation', 'Environmental']",[],Community Engagement,,Not Verified,merge_engine,2026-05-25T03:12:12Z
55d8a8f2-c72e-44a2-8653-fa06f4076891,Green Needham,Needham,MA,"Needham, MA",02492,http://www.greenneedham.org,info@greenneedham.org,unknown,Green Needham is a volunteer organization dedicated to securing a better future through local action. They work to reduce carbon emissions and promote the wise use of resources in Needham.,Nonprofit / Grassroots,Town / City,"['Businesses', 'Municipality', 'Residents']","['Environmental', 'Waste Reduction', 'Green Economics', 'Food & Food Waste', 'Transportation', 'Energy Efficiency']",[],Community Engagement,,Not Verified,merge_engine,2026-05-25T03:12:12Z
55f1227b-06d8-4733-a86e-94c195195afd,Athol Climate Action,Athol,MA,"Athol Town Hall, 584 Main St",01331,http://www.atholma.gov/climate-action,unknown,unknown,Athol Climate Action focuses on local initiatives for emissions reduction and community resilience against climate change.,Municipal / Government-affiliated,Town / City,"['Municipality', 'Residents']",['Energy Efficiency'],[],Community Engagement,,Not Verified,merge_engine,2026-05-25T03:12:12Z
562bf875-bb0f-4dc4-b836-ebcd833dc074,Tahoe Truckee Community Foundation,Truckee,CA,"Truckee, CA",96161,https://ttcf.net/,unknown,unknown,"The Tahoe Truckee Community Foundation supports initiatives that address climate change and promote sustainability in the region. It focuses on community giving, funding opportunities, scholarships, and nonprofit training to make Tahoe-Truckee a better place to live and play.",Nonprofit / Grassroots,Regional,"['Businesses', 'Municipality', 'Residents']","['Environmental', 'Green Economics']",[],Community Engagement,,Not Verified,merge_engine,2026-05-25T03:12:12Z
56341796-1f73-4869-aa74-74b355131d74,Amador County Climate Action,Plymouth,CA,810 Court St,95642,http://www.amadorcounty.org/climate-action,unknown,unknown,Amador County Climate Action focuses on climate resilience and adaptation strategies for the region.,Nonprofit / Grassroots,Regional,['unknown'],['Unknown'],[],Unknown,,Not Verified,merge_engine,2026-05-25T03:12:12Z
563ccd07-622c-45c9-af07-48cb4bbd8a66,Encinitas Community Center,Encinitas,CA,1140 Oakcrest Park Dr,92024,https://encinitasca.gov/Community-Center,unknown,unknown,The Encinitas Community Center hosts programs related to sustainability and climate education for residents.,Municipal / Government-affiliated,Town / City,['Residents'],['Environmental'],[],Community Engagement,,Not Verified,merge_engine,2026-05-25T03:12:12Z
5653f528-031f-461b-bb36-1bc4fe25d7e1,Cambridge Department of Environment,Cambridge,MA,"Cambridge, MA",02139,http://www.cambridgema.gov/Departments/environment,unknown,unknown,The Cambridge Department of Environment works on climate adaptation and resilience strategies for the city.,Municipal / Government-affiliated,Town / City,"['Municipality', 'Residents']",['Environmental'],[],Community Engagement,,Not Verified,merge_engine,2026-05-25T03:12:12Z
567d601b-a3ae-4ea5-a6f3-79f23ba6fef1,Island Grown Initiative,Edgartown,MA,PO Box 600,02568,https://www.islandgrown.org/,unknown,unknown,"Island Grown Initiative promotes local food systems and sustainability, including climate-resilient agricultural practices.",Nonprofit / Grassroots,Regional,['Residents'],['Food & Food Waste'],[],Community Engagement,,Not Verified,merge_engine,2026-05-25T03:12:12Z
569972bd-d599-4767-8a9e-7f9d6f927ec0,Yountville Climate Action Committee,Yountville,MA,6550 Yount Street,94599,https://www.townofyountville.com/climate-action-committee,unknown,unknown,The Yountville Climate Action Committee focuses on local climate initiatives and sustainability efforts.,Municipality,"[""Town / City""]","['Residents', 'Businesses']","['Energy Efficiency', 'Transportation', 'Environmental', 'Food & Food Waste', 'Waste Reduction']",[],Community Engagement,,Verified,merge_engine,2026-05-25T00:27:17Z
56b9f6a2-b7d5-4daa-b6b2-7ee763b9e82b,Ventura County Resource Management Agency,Ventura,CA,800 S Victoria Ave,93003,http://www.venturacounty.org/rma,unknown,unknown,"The Ventura County Resource Management Agency develops programs for waste reduction and energy efficiency, contributing to climate goals.",Nonprofit / Grassroots,Regional,"['Businesses', 'Municipality', 'Residents']","['Waste Reduction', 'Energy Efficiency']",[],Unknown,,Not Verified,merge_engine,2026-05-25T03:12:12Z
56e9dea4-03fb-49c3-a58d-3941b277d802,North Country Climate Action,Shelburne,NH,120 Main St,03561,http://www.northcountryclimateaction.org,unknown,unknown,North Country Climate Action is focused on reducing carbon emissions and promoting renewable energy solutions in the North Country region of New Hampshire.,Nonprofit / Grassroots,Regional,['Residents'],['Energy Efficiency'],[],Community Engagement,,Not Verified,merge_engine,2026-05-25T03:12:12Z
56f42c7b-029a-4ad6-8cf3-a54f64d13257,Concord Climate Action Committee,Concord,MA,"1196 Main St, Holden, MA 01520",01520,https://concordma.gov/3324/Climate-Action-Committee,unknown,unknown,The Holden Climate Action Committee focuses on local climate initiatives and sustainability efforts.,Municipal / Government-affiliated,"[""Town / City""]","['Residents', 'Businesses']","['Energy Efficiency', 'Transportation', 'Environmental', 'Food & Food Waste', 'Waste Reduction']",[],Unknown,,Verified,merge_engine,2026-05-25T00:27:17Z
56fa0efc-ce56-45ca-a309-e067349a0f6a,Raddin Station Energy Transition Coalition,Raddin Station,MA,unknown,,https://www.raddinstationenergy.org/,unknown,unknown,The coalition focuses on transitioning to renewable energy sources and reducing carbon emissions in the community.,Nonprofit / Grassroots,Town / City,"['Businesses', 'Municipality', 'Residents']",['Energy Efficiency'],[],Community Engagement,,Not Verified,merge_engine,2026-05-25T03:12:12Z
57207c61-7381-41a2-a628-a12952c81d22,Upper Valley Adaptation Workgroup,Lyme,NH,1 Mascoma Street,03766,https://uvaw.org/,info@uvaw.org,unknown,"The Upper Valley Adaptation Workgroup (UVAW) is a coalition focused on building climate resilient communities in the Upper Valley through research, information sharing, and education.",Nonprofit / Grassroots,Regional,"['Businesses', 'Municipality', 'Residents']",['Environmental'],[],Community Engagement,,Not Verified,merge_engine,2026-05-25T03:12:12Z
57611473-632e-4f52-b25f-76dbb87da8fc,Sustainable Hercules,Hercules,CA,"Hercules, CA",94547,http://www.sustainablehercules.org,unknown,unknown,Sustainable Hercules focuses on local climate action initiatives and sustainability programs.,Nonprofit / Grassroots,Town / City,['Residents'],['Unknown'],[],Community Engagement,,Not Verified,merge_engine,2026-05-25T03:12:12Z
579d2017-27c3-4664-9eaf-26a601472740,Sustainable Montpelier Coalition,Middlesex,VT,"Montpelier City Hall, 39 Main St",05602,https://sustainablemontpelier.org/,unknown,unknown,The coalition works on initiatives to promote sustainability and climate resilience in Montpelier.,Nonprofit / Grassroots,Town / City,['Residents'],['Unknown'],[],Unknown,,Not Verified,merge_engine,2026-05-25T03:12:12Z
580e674c-90fc-415e-8e19-cf78ff84f6e0,Bakersfield College - Sustainability Committee,Bakersfield,CA,1801 Panorama Dr,93305,http://www.bakersfieldcollege.edu/sustainability,unknown,unknown,Promotes sustainability initiatives and climate education on campus.,Academic,Town / City,['Residents'],['Environmental'],[],Community Engagement,,Not Verified,merge_engine,2026-05-25T03:12:12Z
583a1739-a0db-4923-9b79-a47214ebf88d,Cool Irvine,Irvine,CA,1 Civic Center Plaza,92612,https://www.cityofirvine.org/cool-irvine,irvinecitycouncil@cityofirvine.org,949-724-6000,Cool Irvine is an initiative aimed at reducing urban heat and enhancing climate resilience through community engagement and education.,Nonprofit / Grassroots,Town / City,['Residents'],['Environmental'],[],Community Engagement,,Not Verified,merge_engine,2026-05-25T03:12:12Z
585cfb6e-5c35-481a-af71-c24b437a2184,East Bay Community Energy,Livermore,CA,1234 Energy Blvd,94550,http://www.ebce.org,unknown,unknown,East Bay Community Energy provides renewable energy options and promotes energy efficiency programs to reduce carbon emissions.,Nonprofit / Grassroots,Regional,"['Businesses', 'Municipality', 'Residents']","['Energy Efficiency', 'Transportation']",[],Community Engagement,,Not Verified,merge_engine,2026-05-25T03:12:12Z
5885d355-8927-4705-ba54-e25d2c620b21,Menlo Park Climate Action,Atherton,CA,701 Laurel St,94025,https://www.menlopark.org/,unknown,unknown,Menlo Park's Climate Action Plan focuses on reducing greenhouse gas emissions and promoting sustainability.,Nonprofit / Grassroots,unknown,['unknown'],['Unknown'],[],Unknown,,Not Verified,merge_engine,2026-05-25T03:12:12Z
58b4e300-4a41-4a7d-b2b3-d2eb2f09b7a4,East Bay Community Energy (EBCE),Concord,CA,PO Box 5050,94520,https://ebce.org/,unknown,unknown,East Bay Community Energy (EBCE) is focused on providing clean energy solutions and promoting energy efficiency in the East Bay.,Nonprofit / Grassroots,Regional,"['Businesses', 'Municipality', 'Residents']","['Energy Efficiency', 'Transportation']",[],Community Engagement,,Not Verified,merge_engine,2026-05-25T03:12:12Z
58cf938e-1b97-4b1d-b1d5-3b8e2137feef,Central Valley Air Quality Coalition,Parlier,CA,1444 Fulton St,93721,http://www.cvaq.org,unknown,unknown,The Central Valley Air Quality Coalition focuses on improving air quality and reducing emissions in the Central Valley.,Nonprofit / Grassroots,Regional,"['Businesses', 'Municipality', 'Residents']",['Environmental'],[],Policy,,Not Verified,merge_engine,2026-05-25T03:12:12Z
58f4abb1-d133-4c9f-b26a-e3e587602474,Springfield Department of Public Works,Springfield,MA,1600 East Columbus Avenue,01103,https://www.springfield-ma.gov/dpw/,311@springfieldcityhall.com,413-736-3111,The Springfield Department of Public Works engages in climate adaptation and resilience planning for the city.,Municipal / Government-affiliated,Town / City,"['Municipality', 'Residents']",['Environmental'],[],Community Engagement,,Not Verified,merge_engine,2026-05-25T03:12:12Z
5920a9ac-26ae-442b-ad36-3bb2a5985e67,Brentwood Climate Action Committee,Brentwood,MA,150 City Park Way,94513,https://concordma.gov/3324/Climate-Action-Committee,unknown,unknown,Brentwood Climate Action Committee focuses on local climate initiatives and sustainability practices.,Municipal / Government-affiliated,"[""Town / City""]","['Residents', 'Businesses']","['Energy Efficiency', 'Transportation', 'Environmental', 'Food & Food Waste', 'Waste Reduction']",[],Community Engagement,,Verified,merge_engine,2026-05-25T00:27:17Z
5968cafe-89e4-4782-9a0c-8b865b9ad872,Sustainable Woodstock,Woodstock,VT,PO Box 611,05091,http://www.sustainablewoodstock.org,info@sustainablewoodstock.org,(802) 457-2911,"Sustainable Woodstock is a nonprofit organization focused on leading communities through the climate emergency by promoting sustainable living through advocacy, education, and collaboration. They work on energy efficiency, renewable energy, flood resilience, and food security.",Nonprofit / Grassroots,Regional,"['Businesses', 'Municipality', 'Residents']","['Environmental', 'Waste Reduction', 'Energy Efficiency', 'Food & Food Waste', 'Transportation']",[],Community Engagement,,Not Verified,merge_engine,2026-05-25T03:12:12Z
59883f5d-cb6c-49b2-9d0d-241bec0e23af,New Hampshire Climate Action Network,Richmond,NH,"Keene, NH",03431,https://www.nhclimateaction.org/,unknown,unknown,"The New Hampshire Climate Action Network is focused on climate advocacy and action in New Hampshire, including local initiatives and policy changes.",Nonprofit / Grassroots,State / National,['Residents'],['Environmental'],[],Community Engagement,,Not Verified,merge_engine,2026-05-25T03:12:12Z
5a1412dc-61a2-4fc7-84c9-d56c18505569,North Shore Climate Coalition,Ipswich,MA,"Salem, MA",01938,http://www.northshoreclimate.org,unknown,unknown,"The North Shore Climate Coalition is dedicated to climate action and advocacy across the North Shore region, including Ipswich.",Nonprofit / Grassroots,Regional,"['Businesses', 'Municipality', 'Residents']",['Unknown'],[],both,,Not Verified,merge_engine,2026-05-25T03:12:12Z
5a1d791a-29a4-4d20-8838-af1b4c090700,Green Hudson,hudson,MA,"Hanson, MA",02341,https://greenhudson.org,unknown,unknown,Green Hanson is focused on sustainability initiatives that include climate action and community engagement.,Nonprofit / Grassroots,"[""Town / City"", ""Regional"", ""State / National""]","['Residents', 'Municipality', 'Businesses']","['Energy Efficiency', 'Transportation', 'Environmental', 'Food & Food Waste', 'Waste Reduction', 'Green Economics']",[],Community Engagement,,Verified,merge_engine,2026-05-25T00:27:17Z
5a2df2a6-65cb-476d-91d3-601cbd88c8cd,The Climate Reality Project - Los Angeles Chapter,Los Angeles,CA,7890 Sunset Blvd,90015,http://www.climaterealityproject.org,unknown,unknown,"The Climate Reality Project engages communities in climate education and advocacy efforts in Los Angeles, working towards a sustainable net zero future.",Nonprofit / Grassroots,Regional,['Residents'],"['Environmental', 'Energy Efficiency']",[],Community Engagement,,Not Verified,merge_engine,2026-05-25T03:12:12Z
5a3974d4-a65e-44c4-9696-40fe6b229932,Cool Davis,Davis,CA,1400 E. 8th St.,95616,http://www.cooldavis.org,unknown,unknown,Cool Davis is a community initiative focused on reducing greenhouse gas emissions and promoting climate action in Davis.,Nonprofit / Grassroots,Town / City,['Residents'],"['Environmental', 'Energy Efficiency', 'Transportation', 'Food & Food Waste']",[],Community Engagement,,Not Verified,merge_engine,2026-05-25T03:12:12Z
5a43fc8a-d51f-4076-a916-86d937e81cba,California Coastal Commission,Newport Beach,CA,"Newport Beach, CA",92663,https://www.coastal.ca.gov/,unknown,unknown,"The California Coastal Commission works on policies that address climate change impacts on coastal areas, including sea level rise and habitat protection.",Municipal / Government-affiliated,State / National,"['Businesses', 'Municipality', 'Residents']","['Environmental', 'Conservation']",[],Policy,,Not Verified,merge_engine,2026-05-25T03:12:12Z
5a6a2263-9ab6-4fa2-89e6-b70f668cbe49,Bay Area Climate Collaborative,Los Altos,CA,1 Market St,94105,https://www.bayareaclimatesolutions.org,unknown,unknown,The Bay Area Climate Collaborative works on regional climate initiatives and policies aimed at reducing greenhouse gas emissions.,Nonprofit / Grassroots,Regional,"['Businesses', 'Municipality', 'Residents']",['Energy Efficiency'],[],Policy,,Not Verified,merge_engine,2026-05-25T03:12:12Z
5a7a9ca4-0669-46d9-a3e1-977a5a73575a,Pomona Youth Climate Council,Pomona,CA,987 Youth St,91771,http://www.pomonaycc.org,unknown,unknown,The council engages youth in climate education and advocacy efforts.,Nonprofit / Grassroots,Town / City,['Residents'],['Unknown'],[],Community Engagement,,Not Verified,merge_engine,2026-05-25T03:12:12Z
5abe993c-9d3d-4690-a4ce-9457bb751759,Berkshire Environmental Action Team,Lenox,MA,20 W. Housatonic St.,01201,https://www.beatnb.org,unknown,unknown,unknown,Nonprofit / Grassroots,unknown,['unknown'],['Unknown'],[],Unknown,,Not Verified,merge_engine,2026-05-25T03:12:12Z
5acc0b25-70d7-4043-891a-80a08f5db00a,Worcester Environmental Justice Committee,Worcester,MA,"Worcester, MA",01608,https://www.worcesterma.gov/environmental-justice,unknown,unknown,The committee addresses environmental justice issues with a focus on climate impacts on vulnerable communities in Worcester.,Municipal / Government-affiliated,Town / City,['Residents'],['Environmental'],[],Community Engagement,,Not Verified,merge_engine,2026-05-25T03:12:12Z
5af6df6d-1744-4593-a121-3c2b262f5663,Climate Action Coalition of Tulare County,Orange Cove,CA,123 N Church St,93291,http://www.climateactiontulare.org,unknown,unknown,The Climate Action Coalition of Tulare County focuses on local climate action initiatives and sustainability programs.,Nonprofit / Grassroots,Regional,['Residents'],['Unknown'],[],Community Engagement,,Not Verified,merge_engine,2026-05-25T03:12:12Z
5b198e49-3e60-4e85-b229-d0e78195fb88,Granite State Clean Cities Coalition,Temple,NH,"Concord, NH",03301,https://www.granitestatecleancities.org,unknown,unknown,The Coalition promotes alternative fuels and advanced vehicle technologies to reduce greenhouse gas emissions in transportation.,Nonprofit / Grassroots,State / National,"['Businesses', 'Municipality', 'Residents']",['Transportation'],[],Community Engagement,,Not Verified,merge_engine,2026-05-25T03:12:12Z
5b396866-927f-44a6-8ea9-ff7de31ba2b4,Green Salem,Salem,MA,"Salem, MA",01970,http://www.greensalem.org,unknown,unknown,Green Salem is focused on promoting sustainability and climate action initiatives in the community.,Nonprofit / Grassroots,Town / City,['Residents'],['Environmental'],[],Community Engagement,,Not Verified,merge_engine,2026-05-25T03:12:12Z
5ba57b2a-d30b-4445-8953-8ce87f5f8378,Sustainable Business Network of Massachusetts,Cambridge,MA,99 Bishop Allen Drive,02139,https://www.sbnmass.org,info@sbnmass.org,unknown,"The Sustainable Business Network of Massachusetts (SBN) is a nonprofit organization focused on building a local economy that is green and fair. SBN promotes sustainable business practices, supports local entrepreneurs, and educates about the benefits of purchasing from locally owned and independent businesses.",Nonprofit / Grassroots,State / National,"['Businesses', 'Residents']","['Energy Efficiency', 'Food & Food Waste', 'Green Economics']",[],Community Engagement,,Not Verified,merge_engine,2026-05-25T03:12:12Z
5bab886f-4d06-439c-94d2-1a9b2b9f1b33,Topsfield Energy Committee,Topsfield,MA,"Town Hall, 8 West Common St.",01983,http://www.topsfield-ma.gov/energy-committee,unknown,unknown,The Topsfield Energy Committee works on energy efficiency and renewable energy initiatives to reduce the town's carbon footprint.,Municipal / Government-affiliated,Town / City,"['Municipality', 'Residents']",['Energy Efficiency'],[],Community Engagement,,Not Verified,merge_engine,2026-05-25T03:12:12Z
5bc93e23-6fb9-486b-b46f-ed3c8e3072d9,Valley Vision,Sacramento,CA,3400 3rd Avenue,95817,https://www.valleyvision.org/,contactus@valleyvision.org,(916) 325-1630,"Valley Vision is a not-for-profit organization dedicated to improving the livability of California's Capital Region through research and action, collaborating on bold, long-term solutions that improve people's lives.",Nonprofit / Grassroots,Regional,"['Businesses', 'Municipality', 'Residents']","['Environmental', 'Food & Food Waste']",[],Community Engagement,,Not Verified,merge_engine,2026-05-25T03:12:12Z
5c034928-9e03-4d1f-9236-2c1ee8aaf551,"California State University, Los Angeles - Center for Energy and Sustainability",Los Angeles,CA,5151 State University Dr,90032,https://www.calstatela.edu/,[email protected],(323) 343-3000,"The Center for Energy and Sustainability at California State University, Los Angeles conducts research and education on energy sustainability and climate action.",Academic,State / National,"['Businesses', 'Municipality', 'Residents']",['Energy Efficiency'],[],Community Engagement,,Not Verified,merge_engine,2026-05-25T03:12:12Z
5c501c0e-3f63-4e41-a11a-df739bae176e,Greenlining Institute,Oakland,CA,360 14th St,94612,https://greenlining.org,unknown,unknown,"The Greenlining Institute works towards a future where communities of color can build wealth, live in healthy places filled with economic opportunity, and are ready to meet the challenges posed by climate change.",Nonprofit / Grassroots,State / National,"['Businesses', 'Municipality', 'Residents']","['Environmental', 'Green Economics']",[],Community Engagement,,Not Verified,merge_engine,2026-05-25T03:12:12Z
5c60b4d5-545b-4aed-b5d6-7a4396a0f615,Suisun City Climate Action Committee,Suisun City,CA,701 Civic Center Blvd,94585,http://www.suisun.com/climate-action-committee,unknown,unknown,The committee focuses on local climate action initiatives and sustainability efforts in Suisun City.,Municipality,Town / City,"['Municipality', 'Residents']",['Unknown'],[],Community Engagement,,Not Verified,merge_engine,2026-05-25T03:12:12Z
5c6201d0-5ee6-4b78-8448-66711c09a0e8,Sustainable Winooski,Winooski,VT,"City Hall, 27 East Allen Street",05404,https://www.winooskivt.gov/sustainable,unknown,unknown,"Sustainable Winooski promotes local sustainability initiatives, including climate action and energy efficiency programs.",Municipal / Government-affiliated,Town / City,"['Municipality', 'Residents']",['Energy Efficiency'],[],Community Engagement,,Not Verified,merge_engine,2026-05-25T03:12:12Z
5c75d166-8a4e-48e9-9194-ad3b07f68524,New Hampshire Sustainable Energy Association,Danbury,NH,2 Pillsbury St,03301,https://www.nhsea.org/,unknown,unknown,The New Hampshire Sustainable Energy Association advocates for sustainable energy solutions and policies that reduce greenhouse gas emissions.,Nonprofit / Grassroots,State / National,"['Businesses', 'Municipality', 'Residents']",['Energy Efficiency'],[],Policy,,Not Verified,merge_engine,2026-05-25T03:12:12Z
5c9908fd-5c87-4ed8-8f83-90d232517e38,Berkshire Environmental Action Team,North Adams,MA,PO Box 1032,01247,https://www.beatnb.org/,unknown,unknown,unknown,Nonprofit / Grassroots,unknown,['unknown'],['Unknown'],[],Unknown,,Not Verified,merge_engine,2026-05-25T03:12:12Z
5cd75cce-941c-4e36-9568-66a9cf26859b,Youth Climate Action Network,Buena Park,CA,2345 Youth Way,90620,http://www.youthclimateaction.org,unknown,unknown,Engages youth in climate education and advocacy programs.,Nonprofit / Grassroots,unknown,['Residents'],['Unknown'],[],Community Engagement,,Not Verified,merge_engine,2026-05-25T03:12:12Z
5d1087de-7d7d-420d-b9a1-b5727281a77a,Central Valley Air Quality Coalition,Fresno,CA,1231 E Shaw Ave,93721,http://www.cvaq.org/,unknown,unknown,The Central Valley Air Quality Coalition focuses on improving air quality and reducing emissions in the Central Valley.,Nonprofit / Grassroots,Regional,"['Businesses', 'Municipality', 'Residents']",['Environmental'],[],Policy,,Not Verified,merge_engine,2026-05-25T03:12:12Z
5d231850-024c-4a6c-807c-70e95198fe16,New Hampshire Sustainable Energy Association,Canterbury,NH,2 Pillsbury Street,03301,https://www.nhsea.org/,unknown,unknown,The New Hampshire Sustainable Energy Association works to promote sustainable energy solutions and policies that reduce greenhouse gas emissions and support clean energy initiatives.,Nonprofit / Grassroots,State / National,"['Businesses', 'Municipality', 'Residents']",['Energy Efficiency'],[],Policy,,Not Verified,merge_engine,2026-05-25T03:12:12Z
5d76a96c-7915-4168-a3d1-cc49cc14b1a1,GreenRoots,Chelsea,MA,1 Chelsea Square,02150,http://www.greenrootschelsea.org,unknown,unknown,GreenRoots is dedicated to environmental justice and climate resilience in Chelsea.,Nonprofit / Grassroots,Town / City,['Residents'],['Environmental'],[],Community Engagement,,Not Verified,merge_engine,2026-05-25T03:12:12Z
5df9c0f3-36d9-4c3b-a314-4ff33987e9aa,Riverside Clean Energy,Riverside,CA,3900 Main St,92501,https://www.riversideca.gov/cleanenergy,unknown,unknown,Riverside Clean Energy provides renewable energy options and promotes energy efficiency programs.,Municipal / Government-affiliated,Town / City,"['Businesses', 'Municipality', 'Residents']",['Energy Efficiency'],[],Community Engagement,,Not Verified,merge_engine,2026-05-25T03:12:12Z
5e0a77fd-13ac-4c20-b479-85c2b248b65e,North Country Climate Action Network,Woodstock,NH,unknown,03262,https://www.northcountryclimateaction.org,unknown,unknown,"North Country Climate Action Network works on climate action initiatives in the North Country region of New Hampshire, focusing on emissions reduction and community resilience.",Nonprofit / Grassroots,Regional,['Residents'],"['Environmental', 'Energy Efficiency']",[],Community Engagement,,Not Verified,merge_engine,2026-05-25T03:12:12Z
5e18f012-3a0b-42a1-ba5a-3c3e247152b6,Upland Green Energy Initiative,Upland,CA,202 Pine St,91786,http://uplandgreenenergy.org,unknown,unknown,The initiative aims to transition Upland to renewable energy sources and reduce carbon emissions.,Nonprofit / Grassroots,Town / City,['Residents'],['Energy Efficiency'],[],Conservation,,Not Verified,merge_engine,2026-05-25T03:12:12Z
5e19c6de-ab9a-41db-b96c-a256b1863ce8,Amador County Climate Action Committee,Amador City,CA,810 Court St,95642,http://www.amadorgov.org/climateaction,unknown,unknown,Amador County Climate Action Committee focuses on reducing greenhouse gas emissions and promoting sustainability in the community.,Nonprofit / Grassroots,unknown,['unknown'],['Unknown'],[],Unknown,,Not Verified,merge_engine,2026-05-25T03:12:12Z
5e1d0d1e-df57-4d8c-a438-810972a7bc6a,New Hampshire Climate Action Network,Bradford,NH,2 Pillsbury St,03301,https://nhclimateaction.org,unknown,unknown,The New Hampshire Climate Action Network is dedicated to promoting climate action and policy changes to address climate change in New Hampshire.,Nonprofit / Grassroots,State / National,['Residents'],['Unknown'],[],Policy,,Not Verified,merge_engine,2026-05-25T03:12:12Z
5e1d8942-38e0-475a-bd97-bedc3f2664ce,Westwood Climate Action Committee,Westwood,MA,580 High Street,02090,https://concordma.gov/3324/Climate-Action-Committee,unknown,unknown,The Westwood Climate Action Committee focuses on reducing greenhouse gas emissions and promoting sustainability initiatives in the community.,Municipal / Government-affiliated,"[""Town / City""]","['Residents', 'Businesses']","['Energy Efficiency', 'Transportation', 'Environmental', 'Food & Food Waste', 'Waste Reduction']",[],Community Engagement,,Verified,merge_engine,2026-05-25T00:27:17Z
5e2f0932-0006-4b0f-b4aa-3a3554526773,Vacaville Climate Action Committee,Vacaville,CA,"Vacaville, CA",95688,http://www.cityofvacaville.com,unknown,unknown,The City of Vacaville's Climate Action Committee focuses on reducing greenhouse gas emissions and promoting sustainability.,Municipality,Town / City,"['Municipality', 'Residents']",['Environmental'],[],Policy,,Not Verified,merge_engine,2026-05-25T03:12:12Z
5e4eafba-953e-4e05-807b-7e10c2e780eb,Westford Climate Action,westford,MA,"Boxford Town Hall, 7A Spofford Rd",01921,http://www.boxfordma.gov/climate-action,unknown,unknown,Boxford Climate Action is dedicated to reducing greenhouse gas emissions and promoting sustainability in the community.,Municipal / Government-affiliated,[],['Residents'],['Environmental'],[],Community Engagement,,Verified,merge_engine,2026-05-25T00:27:17Z
5e5d847e-a616-4dcb-88a6-379de65b9c1e,Nashua Public Works - Energy and Sustainability,Nashua,NH,"9 Riverside St, Nashua, NH 03062",03060,https://www.nashuanh.gov/,unknown,603-589-3370,The Nashua Public Works department implements energy efficiency programs and sustainability initiatives.,Municipal / Government-affiliated,Town / City,"['Municipality', 'Residents']","['Energy Efficiency', 'Environmental']",[],Community Engagement,,Not Verified,merge_engine,2026-05-25T03:12:12Z
5e666264-7613-4dc9-a4b5-e7f217c53738,California Climate Action Network,Los Altos Hills,CA,200 E Santa Clara St,95112,https://www.calcan.org/,unknown,unknown,"A network that promotes climate action and policy advocacy across California, including local initiatives.",Nonprofit / Grassroots,State / National,"['Businesses', 'Municipality', 'Residents']",['Unknown'],[],Policy,,Not Verified,merge_engine,2026-05-25T03:12:12Z
5e79f0f3-5147-48c8-ae0f-98aec9c7479f,New Hampshire Climate Action Network,Groton,NH,2 Pillsbury Street,03301,https://www.nhclimateaction.org,unknown,unknown,The New Hampshire Climate Action Network is focused on advocating for climate action and policy changes in New Hampshire.,Nonprofit / Grassroots,State / National,"['Businesses', 'Municipality', 'Residents']",['Unknown'],[],Policy,,Not Verified,merge_engine,2026-05-25T03:12:12Z
5ea0916c-bd12-4b97-aa70-59a51aae1085,Blackstone Valley Climate Action Network,Northbridge,MA,"Northbridge, MA",01534,https://www.bvcap.org/climate-action,unknown,unknown,Blackstone Valley Climate Action Network focuses on community-driven climate action initiatives.,Nonprofit / Grassroots,Regional,['Residents'],['Unknown'],[],Community Engagement,,Not Verified,merge_engine,2026-05-25T03:12:12Z
5ef65015-cea7-459b-9090-614aa8b8e9d2,Quincy Climate Action Network,Quincy,MA,"Quincy, MA",02169,http://www.quincyclimateaction.org,unknown,unknown,The Quincy Climate Action Network works on local climate initiatives and promotes community engagement in climate action.,Nonprofit / Grassroots,Town / City,['Residents'],['Environmental'],[],Community Engagement,,Not Verified,merge_engine,2026-05-25T03:12:12Z
5f19dca8-fcf2-4c4e-8ad8-13a76a7c0632,Siskiyou County Climate Action Network,Montague,CA,"Yreka, CA",96097,http://www.siskiyouclimateaction.org,unknown,unknown,Siskiyou County Climate Action Network focuses on climate action and sustainability initiatives in the region.,Nonprofit / Grassroots,Regional,['Residents'],['Unknown'],[],Community Engagement,,Not Verified,merge_engine,2026-05-25T03:12:12Z
5f20a705-c417-4e54-8d32-b979e76fc294,Merrimack Valley Planning Commission,Haverhill,MA,"Haverhill, MA",01830,http://www.mvpc.org,unknown,unknown,"The Merrimack Valley Planning Commission fosters cooperative efforts among communities to resolve regional problems, promote coordinated development, and enhance the general welfare of residents.",Nonprofit / Grassroots,Regional,['Municipality'],"['Environmental', 'Transportation']",[],Policy,,Not Verified,merge_engine,2026-05-25T03:12:12Z
5f4c629f-7b14-4acd-8d2c-fbe74b1ba674,Los Altos Community Foundation,Los Altos Hills,CA,123 Main St,94022,https://www.lacf.org/,unknown,unknown,The foundation supports local projects that include climate resilience and sustainability initiatives.,Nonprofit / Grassroots,Town / City,['Residents'],['Environmental'],[],Community Engagement,,Not Verified,merge_engine,2026-05-25T03:12:12Z
5f74b0a8-d4e2-4908-84fc-069cbac98e87,North Country Climate Action Network,Landaff,NH,"Littleton, NH",03561,https://www.northcountryclimateaction.org,unknown,unknown,North Country Climate Action Network is focused on climate action and advocacy in the North Country region of New Hampshire.,Nonprofit / Grassroots,Regional,['unknown'],['Unknown'],[],Unknown,,Not Verified,merge_engine,2026-05-25T03:12:12Z
5fa8b496-7158-4694-adba-18ae8a2d145b,Monadnock Sustainability Hub,Keene,NH,PO Box 209,03431,https://www.monadnocksustainabilityhub.org,info@monadnocksustainabilityhub.org,unknown,The Monadnock Sustainability Hub strengthens the sustainability and resilience of the Monadnock region by working collaboratively to reduce climate pollution and reach 100% clean energy.,Nonprofit / Grassroots,Regional,"['Businesses', 'Municipality', 'Residents']","['Environmental', 'Energy Efficiency', 'Transportation']",[],Community Engagement,,Not Verified,merge_engine,2026-05-25T03:12:12Z
6005eaac-57aa-45da-9d2a-644cdf4b1896,Greenfield Energy Commission,Colrain,MA,14 Court Square,01301,https://greenfield-ma.gov/energy-commission,unknown,unknown,"The Greenfield Energy Commission focuses on energy efficiency and renewable energy initiatives, contributing to local climate action efforts.",Municipal / Government-affiliated,Town / City,"['Municipality', 'Residents']",['Energy Efficiency'],[],Community Engagement,,Not Verified,merge_engine,2026-05-25T03:12:12Z
600c8597-a0e4-4488-9e8a-953d0f8cf8af,Warren Climate Action,Warren,MA,123 Main St,01083,http://warrenclimateaction.org,unknown,unknown,Focus on local climate initiatives and community engagement for climate resilience.,Nonprofit / Grassroots,unknown,['unknown'],['Unknown'],[],Unknown,,Not Verified,merge_engine,2026-05-25T03:12:12Z
60195465-a544-4e16-854d-67b9a6b9c3bc,Whittier City Planning Department,Whittier,CA,13230 Penn St,90601,http://www.whittier.ca.gov,unknown,unknown,The Whittier City Planning Department includes climate action planning in its municipal development strategies.,Municipal / Government-affiliated,Town / City,['Municipality'],['Unknown'],[],Policy,,Not Verified,merge_engine,2026-05-25T03:12:12Z
602166ad-70b4-43b8-8cde-bef7aadb0396,South Shore Sustainable Communities,Quincy,MA,"Quincy, MA",02169,http://www.southshoresustainablecommunities.org,unknown,unknown,"This organization focuses on sustainability practices and climate resilience in the South Shore area, including Quincy.",Nonprofit / Grassroots,Regional,['Residents'],['Environmental'],[],Community Engagement,,Not Verified,merge_engine,2026-05-25T03:12:12Z
604e719d-8b8f-498c-ad88-e658bd889b6b,Arlington Climate Action,Arlington,MA,"Arlington, MA",02476,https://www.arlingtonma.gov/departments/planning/climate-action,unknown,unknown,The Arlington Climate Action Committee focuses on reducing greenhouse gas emissions and promoting sustainability in the community.,Municipal / Government-affiliated,Town / City,"['Municipality', 'Residents']","['Environmental', 'Energy Efficiency']",[],Community Engagement,,Not Verified,merge_engine,2026-05-25T03:12:12Z
604e94df-f4af-4d5a-a8a5-8147773d0536,The Alliance for a Healthy Tomorrow,Boston,MA,40 Court Street 6th,02124,https://www.healthytomorrow.org,lspark@cleanwater.org,617-338-8131,The Alliance for a Healthy Tomorrow is a coalition focused on preventing toxic hazards and advocating for policies that protect health and the environment.,Nonprofit / Grassroots,State / National,"['Businesses', 'Municipality', 'Residents']",['Environmental'],[],Policy,,Not Verified,merge_engine,2026-05-25T03:12:12Z
606de7fc-f3d5-499b-b70d-f37e9d2e45a5,Desert Climate Coalition,Palm Springs,CA,1234 Climate St,92262,http://www.desertclimatecoalition.org,unknown,unknown,Focus on climate action and community resilience initiatives in the Coachella Valley.,Nonprofit / Grassroots,Regional,['Residents'],['Unknown'],[],Community Engagement,,Not Verified,merge_engine,2026-05-25T03:12:12Z
60837385-015c-44a8-bfaa-e886aff66027,Plymouth Area Chamber of Commerce - Green Business Initiative,Plymouth,MA,"Plymouth, MA",02360,http://www.plymouthchamber.com/green-business-initiative,unknown,unknown,The initiative promotes sustainable business practices and energy efficiency among local businesses.,Business,Town / City,['Businesses'],"['Green Economics', 'Energy Efficiency']",[],Community Engagement,,Not Verified,merge_engine,2026-05-25T03:12:12Z
60ce73f0-cfd2-44fa-b797-50bbda8c1b16,East Parish Climate Action Group,East Parish,MA,123 Climate St,01001,http://www.eastparishclimateaction.org,unknown,unknown,Focus on local climate action initiatives and community engagement for emissions reduction.,Nonprofit / Grassroots,Town / City,['Residents'],['Environmental'],[],Community Engagement,,Not Verified,merge_engine,2026-05-25T03:12:12Z
611762cc-a4f5-488d-8597-b23eb9d57df1,Brentwood Energy Committee,Brentwood,NH,1 Dalton Road,03833,http://www.brentwoodnh.gov/energy-committee,unknown,unknown,The Brentwood Energy Committee focuses on energy efficiency and renewable energy initiatives to reduce carbon emissions in the community.,Municipal / Government-affiliated,Town / City,['Residents'],['Energy Efficiency'],[],Community Engagement,,Not Verified,merge_engine,2026-05-25T03:12:12Z
614a1c99-456f-40cd-bb0a-966c00122a08,Youth Climate Action Network,Graceland Park,MA,"456 Main St, Springfield, MA",01103,https://www.youthclimateaction.org,unknown,unknown,The network empowers youth to engage in climate action and advocacy.,Nonprofit / Grassroots,State / National,['Residents'],['Environmental'],[],Community Engagement,,Not Verified,merge_engine,2026-05-25T03:12:12Z
6178caa2-b6c4-4fde-be3f-f14989d794f3,Pinefield Clean Energy Alliance,Pinefield,MA,202 Clean Energy Dr,12345,http://www.pinefieldcleanenergy.org,unknown,unknown,Promoting renewable energy and emissions reduction initiatives.,Nonprofit / Grassroots,Town / City,['Residents'],['Energy Efficiency'],[],Policy,,Not Verified,merge_engine,2026-05-25T03:12:12Z
6187e55b-9d0d-4bd0-8b9d-95074cd5d75d,Livermore Municipal Climate Action Committee,Livermore,CA,1052 S Livermore Ave,94550,http://www.livermoreca.gov/climateaction,unknown,unknown,The Livermore Municipal Climate Action Committee develops and implements strategies for reducing greenhouse gas emissions in the city.,Municipal / Government-affiliated,Town / City,"['Municipality', 'Residents']",['Energy Efficiency'],[],Policy,,Not Verified,merge_engine,2026-05-25T03:12:12Z
61d29b5c-191d-4871-a490-2b8ae2ade4d6,Green Chino Hills,Chino Hills,CA,45678 Greenway Dr,91709,http://www.greenchinohills.org,unknown,unknown,Green Chino Hills promotes local climate action initiatives and community engagement in sustainability practices.,Nonprofit / Grassroots,Town / City,['Residents'],['Environmental'],[],Community Engagement,,Not Verified,merge_engine,2026-05-25T03:12:12Z
61f47bbf-0d50-48fc-8368-fdf4e8e84552,Desert Community Energy,Palm Desert,CA,74199 El Paseo,,https://www.palmdesert.gov/departments/energy,unknown,(855) 357-9240,Desert Community Energy is a not-for-profit electricity provider offering clean energy solutions and promoting energy efficiency in the Coachella Valley.,Municipal / Government-affiliated,Town / City,"['Municipality', 'Residents']",['Energy Efficiency'],[],Community Engagement,,Not Verified,merge_engine,2026-05-25T03:12:12Z
625f2e4b-88d9-419f-935d-12b6b291d028,Worcester Climate Action Network,West Boylston,MA,"Worcester, MA",01609,https://www.worcesterclimateaction.org,unknown,unknown,The Worcester Climate Action Network works on local climate initiatives and advocacy for climate action in the Worcester area.,Nonprofit / Grassroots,Regional,['Residents'],['Unknown'],[],Community Engagement,,Not Verified,merge_engine,2026-05-25T03:12:12Z
62b819ba-5df5-41f2-9b11-640488021e52,Sustainable Mattapoisett,Mattapoisett,MA,"Mattapoisett, MA",02739,http://sustainablemattapoisett.org,unknown,unknown,Sustainable Mattapoisett focuses on local climate action initiatives and community engagement for sustainability.,Nonprofit / Grassroots,Town / City,['Residents'],['Environmental'],[],Community Engagement,,Not Verified,merge_engine,2026-05-25T03:12:12Z
62ef3eef-f9b6-4716-af7d-e8792955c6ce,Brimfield Climate Action,Brimfield,MA,123 Main St,01010,http://brimfieldclimateaction.org,unknown,unknown,Brimfield Climate Action focuses on local climate initiatives and community resilience programs.,Nonprofit / Grassroots,Town / City,['Residents'],['Environmental'],[],Community Engagement,,Not Verified,merge_engine,2026-05-25T03:12:12Z
63233d17-c0c4-4d95-8efd-0a03bafd6cac,Palo Alto Unified School District,Palo Alto,CA,25 Churchill Ave,94306,https://www.pausd.org/,unknown,unknown,Palo Alto Unified School District implements climate education programs and initiatives aimed at reducing carbon footprints in schools.,Nonprofit / Grassroots,Town / City,['Residents'],['Environmental'],[],Community Engagement,,Not Verified,merge_engine,2026-05-25T03:12:12Z
63268f51-f45f-416f-b522-a69ef28870df,Livermore Valley Joint Unified School District,Livermore,CA,685 E Jack London Blvd,94550,http://www.livermoreschools.org,unknown,unknown,The Livermore Valley Joint Unified School District implements climate education programs and sustainability initiatives in schools to promote awareness and action among students.,Nonprofit / Grassroots,Town / City,['Residents'],['Environmental'],[],Community Engagement,,Not Verified,merge_engine,2026-05-25T03:12:12Z
63767290-0b60-48c7-a847-d94bab7a896c,Riverview Climate Action Network,Riverview,MA,123 Climate St,01001,http://www.riverviewclimateaction.org,unknown,unknown,Focus on local climate action initiatives and community resilience programs.,Nonprofit / Grassroots,Town / City,['Residents'],['Unknown'],[],Community Engagement,,Not Verified,merge_engine,2026-05-25T03:12:12Z
63832de5-ddd6-4025-8211-d4938ae25482,Tisbury Energy Committee,Tisbury,MA,"Tisbury Town Hall, 51 Spring Street",02568,https://www.tisburyma.gov/energy-committee,unknown,unknown,"The Tisbury Energy Committee focuses on energy efficiency, renewable energy, and climate action initiatives in the community.",Municipal / Government-affiliated,Town / City,"['Municipality', 'Residents']",['Energy Efficiency'],[],Community Engagement,,Not Verified,merge_engine,2026-05-25T03:12:12Z
639867b3-db2f-4aae-9a08-dc64516aaa3e,Manchester-by-the-Sea Climate Action Committee,Manchester-by-the-Sea,MA,10 Central Street,01944,https://www.manchester.ma.us/,unknown,unknown,The Climate Action Committee focuses on reducing greenhouse gas emissions and promoting sustainability initiatives in the community.,Municipal / Government-affiliated,Town / City,['Residents'],['Environmental'],[],Community Engagement,,Not Verified,merge_engine,2026-05-25T03:12:12Z
63b0d408-e168-49c7-89fc-19409973d78b,Massachusetts Climate Coalition,Kings Forest,MA,unknown,,https://www.massclimatecoalition.org/,unknown,unknown,The Massachusetts Climate Coalition works on climate policy and advocacy to address climate change.,Nonprofit / Grassroots,State / National,"['Businesses', 'Municipality', 'Residents']",['Environmental'],[],Policy,,Not Verified,merge_engine,2026-05-25T03:12:12Z
63c73ed0-34c5-4be3-92d1-70ca84a0fb3f,Seacoast Climate Collaborative,Madbury,NH,8 Newmarket Rd,03824,https://www.seacoastclimate.org/,unknown,unknown,The Seacoast Climate Collaborative is focused on climate action and resilience in the Seacoast region of New Hampshire.,Nonprofit / Grassroots,Regional,['Residents'],['Unknown'],[],Community Engagement,,Not Verified,merge_engine,2026-05-25T03:12:12Z
63cf79dc-7a6c-475a-b40b-8f7042cc7292,Green Coronado,Coronado,CA,"Coronado, CA",92118,http://www.greencoronado.org,unknown,unknown,Green Coronado is focused on sustainability initiatives including climate action and energy efficiency programs.,Nonprofit / Grassroots,unknown,['unknown'],['Unknown'],[],Unknown,,Not Verified,merge_engine,2026-05-25T03:12:12Z
63f6d69a-3fe5-4100-bfc5-a0a2c3bb4650,Orange County Climate Collaborative,Orange,CA,1234 E. Chapman Ave,92866,https://www.occlimate.org,unknown,unknown,The Orange County Climate Collaborative focuses on regional climate action initiatives and sustainability efforts.,Nonprofit / Grassroots,Regional,"['Businesses', 'Municipality', 'Residents']",['Environmental'],[],Community Engagement,,Not Verified,merge_engine,2026-05-25T03:12:12Z
640086bf-e8b2-4219-9879-e1a715185c68,Orange County Sustainability Initiative,Tustin,CA,600 W Santa Ana Blvd,92701,https://www.ocgov.com/gov/ocsi/,unknown,unknown,The Orange County Sustainability Initiative works on regional climate action plans and sustainability programs that impact Tustin.,Municipality,Regional,"['Municipality', 'Residents']",['Unknown'],[],Policy,,Not Verified,merge_engine,2026-05-25T03:12:12Z
64066098-c21d-4c49-a09e-e1d0dade6c38,Bakersfield Climate Action Network,Bakersfield,CA,1234 Climate St,93301,http://www.bakersfieldclimateaction.org,unknown,unknown,Focus on local climate action initiatives and community engagement.,Nonprofit / Grassroots,Town / City,['Residents'],['Unknown'],[],Community Engagement,,Not Verified,merge_engine,2026-05-25T03:12:12Z
642a5947-6759-41e3-a6f9-8c3752903137,Fremont Green Team,Fremont,CA,"Fremont City Hall, 3300 Capitol Ave",94538,http://www.fremont.gov/,unknown,unknown,The Fremont Green Team implements programs aimed at reducing waste and promoting energy efficiency.,Municipal / Government-affiliated,Town / City,"['Municipality', 'Residents']","['Waste Reduction', 'Energy Efficiency']",[],Community Engagement,,Not Verified,merge_engine,2026-05-25T03:12:12Z
643f7d23-229f-441e-beda-c1d0eedf520c,Transition Encinitas,Encinitas,CA,PO Box 233,92024,http://transitionencinitas.org,unknown,unknown,Transition Encinitas focuses on building community resilience and addressing climate change at the local level.,Nonprofit / Grassroots,Town / City,['Residents'],['Environmental'],[],Community Engagement,,Not Verified,merge_engine,2026-05-25T03:12:12Z
64c458f4-b5cf-451b-9a78-c8ae48a300bb,Climate Action Coalition of Tulare County,Farmersville,CA,1234 S Mooney Blvd,93291,http://www.climateactiontulare.org,unknown,unknown,The coalition focuses on reducing greenhouse gas emissions and promoting renewable energy in the region.,Nonprofit / Grassroots,Regional,"['Businesses', 'Municipality', 'Residents']",['Energy Efficiency'],[],Community Engagement,,Not Verified,merge_engine,2026-05-25T03:12:12Z
65254216-e0db-4f87-92cf-ab4f0ad4d793,Merrimac Climate Action,Merrimac,MA,"123 Main St, Merrimac, MA 01860",01860,http://www.merrimacclimateaction.org,unknown,unknown,Merrimac Climate Action focuses on local initiatives for reducing carbon emissions and promoting renewable energy sources.,Nonprofit / Grassroots,Town / City,['Residents'],['Energy Efficiency'],[],Community Engagement,,Not Verified,merge_engine,2026-05-25T03:12:12Z
6656bc23-f5ee-495f-b88e-a69ed5afdfc2,Sustainable Berkeley,Emeryville,CA,"Berkeley, CA",94704,https://sustainableberkeley.com/,unknown,unknown,Sustainable Berkeley promotes local climate action and sustainability initiatives that impact the Emeryville area.,Nonprofit / Grassroots,Regional,['Residents'],['Environmental'],[],Community Engagement,,Not Verified,merge_engine,2026-05-25T03:12:12Z
666ffe96-626f-4f67-9b4f-89488c726534,Amherst Energy and Sustainability Committee,Amherst,MA,4 Boltwood Ave,01002,https://www.amherstma.gov/DocumentCenter/View/5260/Energy-and-Sustainability-Committee-Report,unknown,unknown,The committee focuses on energy efficiency and sustainability initiatives in Amherst.,Municipal / Government-affiliated,Town / City,"['Municipality', 'Residents']",['Unknown'],[],Unknown,,Not Verified,merge_engine,2026-05-25T03:12:12Z
66b88a80-5f6c-4340-9f75-3ef5d3b5037c,Santa Monica Climate Action Coalition,Santa Monica,CA,unknown,90401,https://www.smclimateaction.org/,unknown,unknown,The coalition focuses on community engagement and advocacy for climate action initiatives in Santa Monica.,Nonprofit / Grassroots,Town / City,['Residents'],['Unknown'],[],Community Engagement,,Not Verified,merge_engine,2026-05-25T03:12:12Z
66c34c95-b3e6-49a0-a9be-4522cd9e5c5f,Climate Action Now,Curzon Mill,MA,45 College St,01002,https://www.climateactionnowma.org,unknown,unknown,Climate Action Now is dedicated to climate education and advocacy for local climate policies.,Nonprofit / Grassroots,State / National,['Residents'],['Environmental'],[],Policy,,Not Verified,merge_engine,2026-05-25T03:12:12Z
66c481f8-c4e6-447c-a32b-da40b5500bc6,Beverly Youth Climate Coalition,Beverly,MA,"Beverly, MA",01915,http://www.beverlyyouthclimate.org,unknown,unknown,The Beverly Youth Climate Coalition engages young people in climate advocacy and education initiatives.,Nonprofit / Grassroots,Town / City,['Residents'],['Environmental'],[],Community Engagement,,Not Verified,merge_engine,2026-05-25T03:12:12Z
66d41e18-ab9d-4b67-92fa-c6f7d0b1fe88,Green Clinton,Clinton,MA,"Clinton, MA",01510,http://www.greenclinton.org,unknown,unknown,Green Clinton focuses on local climate action initiatives and sustainability practices.,Nonprofit / Grassroots,"[""Town / City""]","['Residents', 'Municipality', 'Businesses']","['Energy Efficiency', 'Transportation', 'Environmental', 'Food & Food Waste', 'Waste Reduction', 'Green Economics']",[],Community Engagement,,Verified,merge_engine,2026-05-25T00:27:17Z
671ac384-8eed-4370-b8c5-cbc94c57c950,Medway Climate Committee,Medway,MA,155 Village Street,02053,https://www.townofmedway.org/climate-committee,unknown,unknown,The Medway Climate Committee focuses on climate action and sustainability initiatives within the community.,Nonprofit / Grassroots,Town / City,"['Municipality', 'Residents']",['Environmental'],[],Community Engagement,,Not Verified,merge_engine,2026-05-25T03:12:12Z
67272003-d325-4044-81ee-0cd11824aaca,Yuba-Sutter Climate Action,Wheatland,CA,1234 Market St,95991,http://www.yubasutterclimateaction.org,unknown,unknown,Our mission is to promote climate action and sustainability in the Yuba-Sutter region.,Nonprofit / Grassroots,Regional,['Residents'],['Environmental'],[],Community Engagement,,Not Verified,merge_engine,2026-05-25T03:12:12Z
675b13f1-fe77-4bdb-909d-41638f894ae4,Peninsula Clean Energy,Foster City,CA,2000 Alameda de las Pulgas,94402,https://www.peninsulacleanenergy.com,[email protected],1-866-966-0110,Peninsula Clean Energy provides 100% renewable energy to Foster City and promotes energy efficiency and electrification programs.,Municipality,Regional,"['Businesses', 'Residents']",['Energy Efficiency'],[],Community Engagement,,Not Verified,merge_engine,2026-05-25T03:12:12Z
676e3afe-68ed-4eab-9099-f588e82fbac2,Green Emeryville,Emeryville,CA,"Emeryville, CA",94608,https://www.greenemeryville.org/,unknown,unknown,"Green Emeryville focuses on local sustainability initiatives, including climate action and energy efficiency programs.",Nonprofit / Grassroots,unknown,['unknown'],['Unknown'],[],Unknown,,Not Verified,merge_engine,2026-05-25T03:12:12Z
678c6ff4-9128-43f1-b1ba-3b41b583aea6,Green San Bernardino,San Bernardino,CA,4567 Greenway Dr,92401,http://www.greensanbernardino.org,unknown,unknown,Green San Bernardino works on local sustainability projects that include climate action and community resilience.,Nonprofit / Grassroots,Town / City,['Residents'],['Environmental'],[],Community Engagement,,Not Verified,merge_engine,2026-05-25T03:12:12Z
67992070-6220-4523-9ff8-d531676734b6,Concord Climate Action Committee,Concord,MA,"10601 Magnolia Ave, Santee, CA 92071",92071,https://concordma.gov/3324/Climate-Action-Committee,AWong@CityofSanteeCA.gov,619-258-4100,The Santee Climate Action Committee focuses on local climate initiatives and sustainability efforts.,Municipal / Government-affiliated,"[""Town / City""]","['Residents', 'Businesses']","['Energy Efficiency', 'Transportation', 'Environmental', 'Food & Food Waste', 'Waste Reduction']",[],Community Engagement,,Verified,merge_engine,2026-05-25T00:27:17Z
67a250ca-5602-4d47-a5ba-5af365d95831,San Bernardino County Climate Action Plan,San Bernardino,CA,"385 N. Arrowhead Ave, 2nd",92415,https://www.sbcounty.gov/main/cao/climate-action-plan,unknown,888.818.8988,The Climate Action Plan outlines strategies for reducing greenhouse gas emissions and enhancing climate resilience in San Bernardino County.,Municipal / Government-affiliated,Regional,"['Businesses', 'Municipality', 'Residents']","['Environmental', 'Energy Efficiency']",[],Policy,,Not Verified,merge_engine,2026-05-25T03:12:12Z
67a9b2df-d3f2-4f1f-b23b-fb8af58ca1e4,Climate Action Now,Cotati,CA,PO Box 123,94931,http://www.climateactionnow.org,unknown,unknown,Climate Action Now focuses on local climate initiatives and community engagement to address climate change.,Nonprofit / Grassroots,Town / City,['Residents'],['Unknown'],[],Community Engagement,,Not Verified,merge_engine,2026-05-25T03:12:12Z
67c86002-42fb-4b87-9872-346bf1110202,Green Mountain Power,Manchester,VT,"Manchester, VT",05255,https://greenmountainpower.com,,(888) 835-4672,"Green Mountain Power is a utility company providing renewable energy solutions and reducing carbon emissions in Vermont. They are committed to delivering clean, cost-effective, and reliable energy to over 275,000 customers.",Business,State / National,"['Businesses', 'Residents']","['Energy Efficiency', 'Transportation']",[],Community Engagement,,Not Verified,merge_engine,2026-05-25T03:12:12Z
67d0ef77-c6d0-4c9a-be0a-f60b9e70fb9b,Sacramento Tree Foundation,Sacramento,CA,6045 Midway Street,95828,https://sactree.org/,unknown,916-924-8733,"The Sacramento Tree Foundation is a nonprofit organization dedicated to growing thriving communities through stewardship of the urban forest in the Sacramento region. They engage the community in planting and tending trees to improve public health, social equity, and climate resilience.",Nonprofit / Grassroots,Regional,['Residents'],['Environmental'],[],Community Engagement,,Not Verified,merge_engine,2026-05-25T03:12:12Z
67d7bd42-95ed-43c6-b153-b8ab794175fd,Weston Sustainability Committee,weston,MA,"Salem, MA",01970,https://www.westonma.gov/1296/Sustainability-Committee,unknown,unknown,The Salem Sustainability Committee is involved in municipal climate planning and sustainability initiatives.,Municipality,"[""Town / City""]","['Residents', 'Municipality']","['Energy Efficiency', 'Transportation', 'Food & Food Waste']",[],Community Engagement,,Verified,merge_engine,2026-05-25T00:27:17Z
680da721-cb4e-4237-8dab-ea5c1e8eddd0,Franklin Regional Council of Governments,Wendell,MA,12 Olive St,01301,https://frcog.org/,unknown,unknown,The Franklin Regional Council of Governments works on regional climate planning and implementation strategies for municipalities in the area.,Nonprofit / Grassroots,Regional,['Municipality'],['Environmental'],[],Community Engagement,,Not Verified,merge_engine,2026-05-25T03:12:12Z
682dc95c-2e37-4719-8b44-d84fe0516f14,North County Climate Collaborative,Vista,CA,9101 W Vista Blvd,92084,http://www.ncclimatecollab.org,unknown,unknown,Works on regional climate adaptation strategies and community resilience.,Nonprofit / Grassroots,Regional,['Residents'],['Environmental'],[],Community Engagement,,Not Verified,merge_engine,2026-05-25T03:12:12Z
69081108-9108-4f19-b734-924b7bf949d0,Vermont Climate Council,Montpelier,VT,"1 National Life Drive, Davis 2",05620,https://climatechange.vermont.gov,ANR.CAO@vermont.gov,802-505-0561,"The Vermont Climate Council develops and implements strategies for climate action and resilience in the state, focusing on adaptation, mitigation, and resilience activities to meet the Global Warming Solutions Act requirements.",Municipal / Government-affiliated,State / National,"['Businesses', 'Municipality', 'Residents']","['Environmental', 'Energy Efficiency', 'Transportation']",[],Community Engagement,,Not Verified,merge_engine,2026-05-25T03:12:12Z
693d6453-d078-41d8-9156-735c599cc57e,Sustainable Pacific Grove,Pacific Grove,CA,unknown,93950,http://www.sustainablepacificgrove.org,unknown,unknown,Sustainable Pacific Grove focuses on local climate action initiatives and sustainability programs.,Nonprofit / Grassroots,Town / City,['Residents'],['Unknown'],[],Community Engagement,,Not Verified,merge_engine,2026-05-25T03:12:12Z
695b9a81-a99e-4493-b590-94fd558e7696,East Bay Community Energy (EBCE),San Pablo,CA,1999 Harrison St,94612,https://ebce.org/,unknown,unknown,EBCE provides clean energy options and promotes local renewable energy initiatives.,Nonprofit / Grassroots,Regional,"['Businesses', 'Municipality', 'Residents']","['Energy Efficiency', 'Transportation']",[],Community Engagement,,Not Verified,merge_engine,2026-05-25T03:12:12Z
696faa16-ad5d-4040-897c-98450756ac0d,Green Northborough,Northborough,MA,"Northborough, MA",01532,http://www.greennorthborough.org,unknown,unknown,Green Northborough focuses on sustainability initiatives that include climate action and energy efficiency programs.,Nonprofit / Grassroots,unknown,['unknown'],['Unknown'],[],Unknown,,Not Verified,merge_engine,2026-05-25T03:12:12Z
697e8e50-77ff-41ba-9a45-7c0e7336c715,Sustainable Livermore,Livermore,CA,456 Greenway Dr,94550,http://www.sustainablelivermore.org,unknown,unknown,Sustainable Livermore works on projects that promote energy efficiency and community resilience in the face of climate change.,Nonprofit / Grassroots,Town / City,['Residents'],['Energy Efficiency'],[],Community Engagement,,Not Verified,merge_engine,2026-05-25T03:12:12Z
698b7bfa-6ae0-4fc8-ae22-292fe59b0ce2,Concord Climate Action Committee,Concord,MA,288 Central Ave,03820,https://www.dover.nh.gov/government/city-operations/planning/climate-action-committee/,unknown,unknown,The Dover Climate Action Committee works on initiatives to reduce greenhouse gas emissions and promote sustainability in the community.,Municipal / Government-affiliated,"[""Town / City""]","['Residents', 'Businesses']","['Energy Efficiency', 'Transportation', 'Environmental', 'Food & Food Waste', 'Waste Reduction']",[],Community Engagement,,Verified,merge_engine,2026-05-25T00:27:17Z
69e0ba38-09f0-45e0-bae6-0bfccfe2ce9a,Climate Action Now,Cliftondale,MA,PO Box 101,01002,https://climateactionnowma.org/,unknown,unknown,Climate Action Now is a grassroots organization advocating for climate action and sustainability initiatives in Massachusetts.,Nonprofit / Grassroots,State / National,['Residents'],['Environmental'],[],Community Engagement,,Not Verified,merge_engine,2026-05-25T03:12:12Z
69e80203-88d2-46a6-b41d-4c3b40d54a63,Green El Segundo,El Segundo,CA,"El Segundo, CA",90245,http://www.greenselsegundo.org,unknown,unknown,Green El Segundo focuses on sustainability initiatives and climate action in the local community.,Nonprofit / Grassroots,Town / City,['Residents'],['Environmental'],[],Community Engagement,,Not Verified,merge_engine,2026-05-25T03:12:12Z
6a0161c4-858a-4796-9410-a4efe887b6f4,Brookline Climate Action,Brookline,MA,"Brookline, MA",02445,https://www.brooklineclimateaction.org,unknown,unknown,Brookline Climate Action is dedicated to reducing greenhouse gas emissions and promoting sustainable practices in the community.,Nonprofit / Grassroots,Town / City,['Residents'],['Environmental'],[],Community Engagement,,Not Verified,merge_engine,2026-05-25T03:12:12Z
6a19a563-5eb8-4141-a6aa-6ccec0ac71a3,Cambridge Public Schools Climate Action,Cambridge,MA,158 Spring Street,02139,http://www.cpsd.us,unknown,unknown,Cambridge Public Schools Climate Action focuses on climate education and sustainability practices within the school district.,Municipality,Town / City,"['Municipality', 'Residents']",['Environmental'],[],Community Engagement,,Not Verified,merge_engine,2026-05-25T03:12:12Z
6a1ac525-75ff-4731-8494-11bc7dc6a766,Contra Costa County Climate Action Plan,Concord,CA,"651 Pine Street, 2nd",94520,https://www.contracosta.ca.gov/,unknown,unknown,The Contra Costa County Climate Action Plan aims to reduce greenhouse gas emissions and promote sustainability.,Municipal / Government-affiliated,Regional,"['Municipality', 'Residents']",['Environmental'],[],Policy,,Not Verified,merge_engine,2026-05-25T03:12:12Z
6a2beb4e-c70b-484d-a474-9485863c5053,Los Angeles County Climate Action Plan,Lakewood,CA,"500 W Temple St, Room 365",90012,https://www.lacounty.gov/climate-action-plan,unknown,unknown,The Los Angeles County Climate Action Plan outlines strategies for reducing greenhouse gas emissions and enhancing climate resilience.,Municipal / Government-affiliated,Regional,"['Municipality', 'Residents']",['Environmental'],[],Policy,,Not Verified,merge_engine,2026-05-25T03:12:12Z
6a2c213a-0a25-429a-9c50-f5ffe0e27a51,Sonoma County Climate Action,Cloverdale,CA,unknown,95425,https://sonomacounty.ca.gov/climate-action,unknown,unknown,Sonoma County's Climate Action Plan aims to reduce greenhouse gas emissions and promote sustainability across the county.,Municipal / Government-affiliated,Regional,"['Businesses', 'Municipality', 'Residents']",['Unknown'],[],Unknown,,Not Verified,merge_engine,2026-05-25T03:12:12Z
6a2f2eea-70a5-4b02-815a-ee30283a1016,Orange County Water District,Orange,CA,18700 Ward St,92708,https://www.ocwd.com,unknown,unknown,The Orange County Water District implements water conservation and management strategies that address climate resilience and adaptation.,Municipality,Regional,"['Municipality', 'Residents']",['Environmental'],[],Conservation,,Not Verified,merge_engine,2026-05-25T03:12:12Z
6a64c7d8-cfef-45f7-a82c-992f56bf999b,Littleton Green Communities,Littleton,MA,"Littleton Town Hall, 37 Shattuck Street",01460,http://www.littletonma.org/green-communities,unknown,unknown,Littleton Green Communities is involved in energy efficiency and renewable energy projects to reduce greenhouse gas emissions.,Nonprofit / Grassroots,Town / City,"['Municipality', 'Residents']",['Energy Efficiency'],[],Conservation,,Not Verified,merge_engine,2026-05-25T03:12:12Z
6aa1faec-19d5-465b-9e70-a7b3b83d9350,Lynn Greenway Committee,Lynn,MA,"Lynn City Hall, 2 City Hall Square",01901,https://www.lynnma.gov/greenway,unknown,unknown,The Lynn Greenway Committee promotes the development of green spaces and infrastructure that support climate resilience and community connectivity.,Municipal / Government-affiliated,Town / City,['Residents'],['Environmental'],[],Community Engagement,,Not Verified,merge_engine,2026-05-25T03:12:12Z
6af3c71e-e8a1-407c-90f4-2cee4917e371,UCSB Sustainability,Santa Barbara,CA,"Building 434, Room 121, Santa Barbara, CA 93106-4060",93106,https://sustainability.ucsb.edu,unknown,(805) 448-5111,"UCSB Sustainability is committed to fostering a culture of sustainability through campus-wide efforts, program development, and publicizing sustainability work by students, staff, and faculty. It aims to reduce carbon emissions and promote sustainable practices using the campus as a living lab.",Academic,Regional,"['Businesses', 'Municipality', 'Residents']","['Environmental', 'Waste Reduction', 'Energy Efficiency', 'Transportation', 'Food & Food Waste']",[],Community Engagement,,Not Verified,merge_engine,2026-05-25T03:12:12Z
6afbfc69-6ce0-46b8-85c5-c20a7cd0c96b,Franklin Regional Council of Governments,Conway,MA,12 Olive St,01301,https://franklincog.org/,noel.forrester@franklincog.org,706-675-1658,The Franklin Regional Council of Governments works on regional climate action plans and sustainability initiatives to reduce greenhouse gas emissions.,Nonprofit / Grassroots,Regional,"['Businesses', 'Municipality', 'Residents']",['Environmental'],[],Policy,,Not Verified,merge_engine,2026-05-25T03:12:12Z
6b4b65cb-b775-4e82-8c76-8d9b977d1404,San Joaquin Valley Air Quality Coalition,San Joaquin,CA,789 Clean Air Blvd,93721,http://www.sjvaqc.org,unknown,unknown,The coalition addresses air quality issues with a focus on reducing emissions and climate impacts.,Nonprofit / Grassroots,Regional,"['Businesses', 'Municipality', 'Residents']",['Environmental'],[],Policy,,Not Verified,merge_engine,2026-05-25T03:12:12Z
6b74c6cb-7667-463d-942c-ef51f088c5b1,Vallejo Green Team,Vallejo,CA,"Vallejo City Hall, 555 Santa Clara St",94590,http://www.vallejogreenteam.org,unknown,unknown,The Vallejo Green Team works on local sustainability projects and climate action initiatives to engage the community in reducing carbon footprints.,Nonprofit / Grassroots,Town / City,['Residents'],"['Environmental', 'Energy Efficiency']",[],Community Engagement,,Not Verified,merge_engine,2026-05-25T03:12:12Z
6b7b1054-b34a-4e85-a34c-cd569884d72e,Sustainable Middlebury,Middlebury,VT,PO Box 451,05753,https://sustainablemiddlebury.org/,unknown,unknown,"Sustainable Middlebury focuses on local sustainability initiatives, including climate action and community resilience programs.",Nonprofit / Grassroots,Town / City,['Residents'],['Unknown'],[],Community Engagement,,Not Verified,merge_engine,2026-05-25T03:12:12Z
6b9a7c19-fac1-498f-8b0b-234b1d80949f,Riverside Climate Collaborative,Riverside,CA,3900 Main St,92501,https://www.riversideca.gov/climate,unknown,unknown,The Riverside Climate Collaborative focuses on climate action and resilience strategies for the city.,Municipal / Government-affiliated,Town / City,"['Municipality', 'Residents']",['Unknown'],[],Community Engagement,,Not Verified,merge_engine,2026-05-25T03:12:12Z
6ba80026-f204-4081-96d4-eafd96ca2537,New Hampshire Climate Action Network,Hebron,NH,"Plymouth State University, 17 High St, Plymouth, NH 03264",03264,https://nhclimateaction.org/,unknown,unknown,The New Hampshire Climate Action Network focuses on climate action and advocacy efforts in the state.,Nonprofit / Grassroots,State / National,"['Businesses', 'Municipality', 'Residents']",['Unknown'],[],Policy,,Not Verified,merge_engine,2026-05-25T03:12:12Z
6bb85573-ffd5-476e-bc38-3ae6395cdd83,Climate Action Sonoma,Sonoma,CA,PO Box 456,95476,https://www.climateactionsonoma.org/,unknown,unknown,Climate Action Sonoma is dedicated to promoting local climate action initiatives and reducing carbon emissions in the community.,Nonprofit / Grassroots,Town / City,['Residents'],['Environmental'],[],Community Engagement,,Not Verified,merge_engine,2026-05-25T03:12:12Z
6bb8e482-677a-4cbc-8f4b-185ef8dd27c2,Cal Poly Sustainability,San Luis Obispo,CA,"1 Grand Ave, San Luis Obispo, CA 93407",93407,https://sustainability.calpoly.edu,unknown,unknown,Cal Poly is committed to sustainability and climate action through various programs and initiatives.,Academic,Regional,"['Businesses', 'Municipality', 'Residents']",['Unknown'],[],Community Engagement,,Not Verified,merge_engine,2026-05-25T03:12:12Z
6be88599-ea7b-4899-bdd6-4279858449a9,Climate Action Kern,Lindsay,CA,1600 20th St,93301,http://climateactionkern.org,unknown,unknown,Climate Action Kern works on local climate initiatives and community resilience programs.,Nonprofit / Grassroots,Town / City,['Residents'],['Unknown'],[],Community Engagement,,Not Verified,merge_engine,2026-05-25T03:12:12Z
6bee7ea9-c85f-43a9-9b4f-6e811fddf876,Sustainable Attleboro,Attleboro,NH,"Attleboro, MA",02703,https://sustainablelebanon/wordpress.com,unknown,unknown,Sustainable Attleboro promotes initiatives for reducing emissions and enhancing sustainability in the community.,Nonprofit / Grassroots,"[""Town / City""]","['Residents', 'Municipality', 'Businesses']","['Energy Efficiency', 'Transportation', 'Environmental', 'Food & Food Waste', 'Waste Reduction']",[],Community Engagement,,Verified,merge_engine,2026-05-25T00:27:17Z
6bfc591c-94f5-4be5-826d-10359ca568a9,Green Middleton,Middleton,MA,"Middleton, MA",01949,http://www.greenmiddleton.org,unknown,unknown,Green Middleton focuses on sustainability initiatives and climate action in the community.,Nonprofit / Grassroots,Town / City,['Residents'],['Unknown'],[],Community Engagement,,Not Verified,merge_engine,2026-05-25T03:12:12Z
6bfca342-6654-4deb-b3c4-4eeb5b328b56,Brockton Youth Climate Initiative,Brockton,MA,202 Maple St,02301,http://www.brocktonyouthclimate.org,unknown,unknown,The initiative engages youth in climate education and action projects.,Nonprofit / Grassroots,Town / City,['Residents'],['Environmental'],[],Community Engagement,,Not Verified,merge_engine,2026-05-25T03:12:12Z
6c16b357-dacd-42e2-a44c-861eca71a6fb,Knights Crossing Clean Energy Coalition,Knights Crossing,MA,202 Clean Energy Blvd,01060,http://www.kccleancoalition.org,unknown,unknown,The Coalition focuses on promoting clean energy solutions and reducing carbon emissions in the community.,Nonprofit / Grassroots,Town / City,['Residents'],['Energy Efficiency'],[],Community Engagement,,Not Verified,merge_engine,2026-05-25T03:12:12Z
6c27be37-0134-4f95-9310-6db46a812924,Newton Energy Commission,Newton,MA,"Newton City Hall, 1000 Commonwealth Ave",02460,https://www.newtonma.gov/gov/commissions/energy/default.asp,unknown,unknown,The Newton Energy Commission works on energy efficiency and renewable energy initiatives to reduce greenhouse gas emissions.,Municipal / Government-affiliated,Town / City,"['Municipality', 'Residents']",['Energy Efficiency'],[],Community Engagement,,Not Verified,merge_engine,2026-05-25T03:12:12Z
6c412e40-1a27-42d4-8aac-9d47f10b87b4,Worcester Youth Climate Coalition,Worcester,MA,"Worcester, MA",01610,https://www.worcesterycc.org,unknown,unknown,"The coalition engages youth in climate advocacy and education, focusing on local climate issues and solutions.",Nonprofit / Grassroots,Town / City,['Residents'],['Environmental'],[],Community Engagement,,Not Verified,merge_engine,2026-05-25T03:12:12Z
6c514e91-527d-40a3-9557-d44bbce56e27,Encinitas Solar Program,Encinitas,CA,505 S Vulcan Ave,92024,https://encinitasca.gov/Solar-Program,unknown,unknown,The Encinitas Solar Program promotes solar energy adoption to reduce carbon emissions.,Municipal / Government-affiliated,Town / City,"['Municipality', 'Residents']",['Energy Efficiency'],[],Community Engagement,,Not Verified,merge_engine,2026-05-25T03:12:12Z
6c685f75-dfdf-4241-b286-5c5550dc0e71,Massachusetts Climate Action Network,Knights Crossing,MA,123 Climate St,01060,http://www.massclimateactionnetwork.org,unknown,unknown,Massachusetts Climate Action Network focuses on climate advocacy and policy implementation to reduce emissions.,Nonprofit / Grassroots,State / National,"['Businesses', 'Municipality', 'Residents']",['Environmental'],[],Policy,,Not Verified,merge_engine,2026-05-25T03:12:12Z
6c762b18-f5e1-4533-b6ad-0ce90f298745,Newton Climate Action Network,Newton,MA,"Newton, MA",02460,https://www.newtoncan.org/,snap@wholesomewavegeorgia.org,678-631-7101,Newton Climate Action Network aims to mobilize residents to take action on climate change.,Nonprofit / Grassroots,Town / City,['Residents'],['Unknown'],[],Community Engagement,,Not Verified,merge_engine,2026-05-25T03:12:12Z
6c897ae4-9fbb-4d1b-8e12-61befb66576a,Climate Action Now,Sebastopol,CA,unknown,95472,https://www.climateactionnow.org/,unknown,unknown,Climate Action Now works on grassroots initiatives to promote climate action and policy changes at local levels.,Nonprofit / Grassroots,Town / City,['Residents'],['Unknown'],[],Community Engagement,,Not Verified,merge_engine,2026-05-25T03:12:12Z
6c8b3093-cfa3-4b5f-8bb4-e0b99d8df491,Beverly Municipal Climate Committee,Beverly,MA,"Beverly, MA",01915,http://www.beverlyma.gov/climatecommittee,unknown,unknown,The committee is responsible for implementing climate action plans and resilience strategies for the city.,Municipal / Government-affiliated,Town / City,"['Municipality', 'Residents']",['Environmental'],[],Community Engagement,,Not Verified,merge_engine,2026-05-25T03:12:12Z
6caa33de-38be-44ea-9b6d-63d50e47ef9b,Bristol Energy Committee,Bristol,VT,1 South Street,05443,https://www.bristolvt.org/energy-committee,unknown,unknown,"The Bristol Energy Committee works on energy efficiency, renewable energy, and reducing greenhouse gas emissions in the community.",Nonprofit / Grassroots,Town / City,['Residents'],['Energy Efficiency'],[],Community Engagement,,Not Verified,merge_engine,2026-05-25T03:12:12Z
6cb0ea0f-4204-465d-b40e-523881ee721b,Green Imperial Beach,Imperial Beach,CA,unknown,91932,http://greenimperialbeach.org,unknown,unknown,Green Imperial Beach focuses on local climate action initiatives and sustainability efforts in the community.,Nonprofit / Grassroots,unknown,['unknown'],['Unknown'],[],Unknown,,Not Verified,merge_engine,2026-05-25T03:12:12Z
6cbfc550-20b7-44a8-b130-779cb405060c,New Hampshire Climate Action Network,Gilmanton,NH,2 Pillsbury St,03301,http://www.nhclimateaction.org,unknown,unknown,The New Hampshire Climate Action Network is dedicated to advocating for policies that address climate change and promote sustainability in New Hampshire.,Nonprofit / Grassroots,State / National,"['Businesses', 'Municipality', 'Residents']",['Environmental'],[],Policy,,Not Verified,merge_engine,2026-05-25T03:12:12Z
6cdaead4-79de-4e62-907a-b173d0ae0ff6,Madera County Resource Management Agency,Madera,CA,2001 W. 4th Street,93637,https://www.maderacounty.com/government/departments/resource-management-agency,unknown,unknown,The Madera County Resource Management Agency focuses on waste reduction and recycling programs that include climate action initiatives.,Municipality,Regional,"['Municipality', 'Residents']",['Unknown'],[],Unknown,,Not Verified,merge_engine,2026-05-25T03:12:12Z
6ce1b8d5-fc04-404b-a239-4ece096ef34a,Green McFarland,McFarland,CA,"123 Main St, McFarland, CA 93250",93250,http://www.greenmcfarland.org,unknown,unknown,Focus on local climate action initiatives and community education programs.,Nonprofit / Grassroots,unknown,['unknown'],['Unknown'],[],Unknown,,Not Verified,merge_engine,2026-05-25T03:12:12Z
6d0e3a1f-ee90-4681-903e-7040357c2257,Sustainable Communities,Huntington Park,CA,"Huntington Park, CA",90255,http://www.sustainablecommunities.org,unknown,unknown,Focus on climate action and sustainability initiatives in urban areas.,Nonprofit / Grassroots,unknown,['unknown'],['Unknown'],[],Community Engagement,,Not Verified,merge_engine,2026-05-25T03:12:12Z
6d10a38b-d8b0-4bd8-aaa9-9373aa28a065,Mono County Climate Action,Mammoth Lakes,CA,PO Box 603,93546,https://www.monocounty.ca.gov/climate-action,unknown,unknown,Mono County is committed to reducing greenhouse gas emissions and adapting to climate change impacts.,Municipal / Government-affiliated,Regional,"['Municipality', 'Residents']",['Environmental'],[],Policy,,Not Verified,merge_engine,2026-05-25T03:12:12Z
6d24cad2-b500-4941-b97f-f26932b3c2e7,Nashua Regional Planning Commission,Hudson,NH,30 Temple Street,03060,https://www.nashuarpc.org/,,(603) 417-6570,"The Nashua Regional Planning Commission provides leadership, facilitation, guidance, and technical assistance to foster collaboration in support of a vibrant future for the region. It focuses on transportation, land use, and environmental planning.",Nonprofit / Grassroots,Regional,"['Businesses', 'Municipality', 'Residents']","['Environmental', 'Transportation', 'Energy Efficiency']",[],Community Engagement,,Not Verified,merge_engine,2026-05-25T03:12:12Z
6d5098b5-662d-46fa-b08f-8c76559eaab5,Orange County Sustainability Initiative,Newport Beach,CA,"Newport Beach, CA",92663,https://www.ocgov.com/gov/ceo/sustainability/,unknown,unknown,"The initiative aims to promote sustainability practices across Orange County, including climate action and energy efficiency programs.",Municipality,Regional,"['Businesses', 'Municipality', 'Residents']","['Environmental', 'Energy Efficiency']",[],Community Engagement,,Not Verified,merge_engine,2026-05-25T03:12:12Z
6d6be178-2731-456e-9dd9-bdfa50f69718,Stockton Climate Action Committee,San Joaquin,MA,456 Green St,95202,https://concordma.gov/3324/Climate-Action-Committee,unknown,unknown,The committee focuses on local climate action initiatives and community resilience strategies.,Nonprofit / Grassroots,"[""Town / City""]","['Residents', 'Businesses']","['Energy Efficiency', 'Transportation', 'Environmental', 'Food & Food Waste', 'Waste Reduction']",[],Community Engagement,,Verified,merge_engine,2026-05-25T00:27:17Z
6d6e334f-4fba-4226-8f58-8a432ed4951d,Westford Climate Action,westford,MA,"Wendell Town Hall, 6 W Main St",01379,http://www.wendellma.gov/climate-action,unknown,unknown,Wendell Climate Action focuses on local initiatives for emissions reduction and sustainability practices.,Municipal / Government-affiliated,[],"['Municipality', 'Residents']","['Energy Efficiency', 'Green Economics']",[],Community Engagement,,Verified,merge_engine,2026-05-25T00:27:17Z
6df949dd-73b6-4e4f-9e00-09b94f2602df,Green Leominster,Leominster,MA,"Leominster, MA",01453,http://www.greenleominster.org,unknown,unknown,Green Leominster focuses on sustainability initiatives and climate action in the community.,Nonprofit / Grassroots,Town / City,['Residents'],['Environmental'],[],Community Engagement,,Not Verified,merge_engine,2026-05-25T03:12:12Z
6dfe7cdc-9bb6-4973-a239-f434a6679adc,Windham Regional Commission,Guilford,VT,139 Main St,05301,https://www.wrcvt.org/,unknown,unknown,The Windham Regional Commission works on energy planning and climate adaptation initiatives in the region.,Nonprofit / Grassroots,Regional,"['Municipality', 'Residents']",['Energy Efficiency'],[],Community Engagement,,Not Verified,merge_engine,2026-05-25T03:12:12Z
6e2f8414-3874-4415-b1d0-02739fe2e9ef,Laguna Beach Unified School District,Laguna Beach,CA,550 Blumont St,92651,https://www.lbusd.org,unknown,unknown,"The Laguna Beach Unified School District is located in a small, historical coastal community in Orange County, focusing on climate education and sustainability initiatives for students.",Nonprofit / Grassroots,Town / City,['Residents'],['Environmental'],[],Community Engagement,,Not Verified,merge_engine,2026-05-25T03:12:12Z
6e336218-43b1-41ca-83b6-d058d16160ed,New Hampshire Climate Action Network,Orange,NH,2 Pillsbury Street,03301,https://www.nhclimateaction.org,unknown,unknown,The New Hampshire Climate Action Network works on climate advocacy and policy initiatives to reduce emissions and promote sustainability in the state.,Nonprofit / Grassroots,State / National,"['Businesses', 'Municipality', 'Residents']",['Environmental'],[],Policy,,Not Verified,merge_engine,2026-05-25T03:12:12Z
6e4ae507-e81e-4993-9a33-8e4dcaa0ddf4,Sustainable San Marino,San Marino,CA,"2200 Huntington Dr, San Marino, CA 91108",91108,http://www.sustainablesanmarino.org,unknown,unknown,Sustainable San Marino focuses on reducing carbon emissions and promoting sustainable practices in the community.,Nonprofit / Grassroots,Town / City,['Residents'],"['Green Economics', 'Energy Efficiency']",[],Community Engagement,,Not Verified,merge_engine,2026-05-25T03:12:12Z
6e4daafb-7f3c-45b4-8aa4-563219ddcbb2,Fairfield Climate Action Team,Fairfield,CA,1234 Climate St,94533,http://fairfieldclimateaction.org,unknown,unknown,Fairfield Climate Action Team focuses on local climate initiatives and community engagement for climate resilience.,Nonprofit / Grassroots,Town / City,['Residents'],['Unknown'],[],Community Engagement,,Not Verified,merge_engine,2026-05-25T03:12:12Z
6e87cee9-7458-4c79-a37f-669b3e4def5a,Beat Childhood Cancer,Braintree,MA,PO Box 850804,02185,https://beatcc.org/,unknown,unknown,"Beat Childhood Cancer is a nonprofit organization focused on eradicating childhood cancer by empowering parents and patients, enhancing treatment methods, and driving research to find cures for childhood cancers.",Nonprofit / Grassroots,State / National,['Residents'],['Unknown'],[],Community Engagement,,Not Verified,merge_engine,2026-05-25T03:12:12Z
6e929354-fa29-4349-951a-1eb0b057fa21,New Hampshire Climate Action Network,Salisbury,NH,2 Pillsbury Street,03301,https://www.nhclimateaction.org/,unknown,unknown,The New Hampshire Climate Action Network is dedicated to advocating for policies that address climate change and promote sustainability in New Hampshire.,Nonprofit / Grassroots,State / National,"['Businesses', 'Municipality', 'Residents']",['Environmental'],[],Policy,,Not Verified,merge_engine,2026-05-25T03:12:12Z
6eb0ad33-e76d-40ee-81fd-9bf074ed240e,New Hampshire Sustainable Energy Association (NHSEA),Surry,NH,"Concord, NH",03301,https://www.nhsea.org/,unknown,unknown,NHSEA focuses on advancing sustainable energy solutions and policies in New Hampshire.,Nonprofit / Grassroots,State / National,"['Businesses', 'Municipality', 'Residents']",['Energy Efficiency'],[],Policy,,Not Verified,merge_engine,2026-05-25T03:12:12Z
6ec18f67-6c38-4797-b14c-d9c93a5a54ca,Concord Climate Action Committee,Concord,MA,"Dover Town Hall, 5 Springdale Ave",02030,https://concordma.gov/3324/Climate-Action-Committee,unknown,unknown,The Dover Climate Action Committee focuses on local climate initiatives and sustainability efforts.,Nonprofit / Grassroots,"[""Town / City""]","['Residents', 'Businesses']","['Energy Efficiency', 'Transportation', 'Environmental', 'Food & Food Waste', 'Waste Reduction']",[],Community Engagement,,Verified,merge_engine,2026-05-25T00:27:17Z
6ec3b6aa-840e-4733-aa03-936a34aad4ae,Huntington Climate Action,Huntington,MA,123 Main St,01050,http://huntingtonclimateaction.org,unknown,unknown,Focus on local climate initiatives and community resilience programs.,Nonprofit / Grassroots,Town / City,['Residents'],['Unknown'],[],Community Engagement,,Not Verified,merge_engine,2026-05-25T03:12:12Z
6ecbe89e-67d9-425c-b838-3b19a16e04c9,San Mateo County Office of Sustainability,Atherton,CA,555 County Center,94063,https://www.smcsustainability.org/,unknown,unknown,"The San Mateo County Office of Sustainability works on climate action initiatives and sustainability programs across the county, focusing on waste reduction, greenhouse gas reduction, climate resilience, and water protection.",Nonprofit / Grassroots,Regional,"['Businesses', 'Municipality', 'Residents']","['Environmental', 'Waste Reduction', 'Energy Efficiency', 'Transportation']",[],Community Engagement,,Not Verified,merge_engine,2026-05-25T03:12:12Z
6f02e98c-cda4-4b16-acab-c6576758bd99,Boston Climate Action Network,Boston,MA,1 City Hall Square,02108,https://www.boston.gov/departments/environment/climate-action,unknown,unknown,The Boston Climate Action Network focuses on climate action and resilience initiatives in the city.,Municipal / Government-affiliated,Town / City,"['Municipality', 'Residents']",['Environmental'],[],Community Engagement,,Not Verified,merge_engine,2026-05-25T03:12:12Z
6f64f0f2-f7b1-4f35-8c15-be850c55f742,Temecula Climate Action Network,Temecula,CA,"505 Network St, Temecula, CA 92592",92592,http://temeculaclimateactionnetwork.org,unknown,unknown,Connecting local organizations for collaborative climate action.,Nonprofit / Grassroots,Town / City,['Residents'],['Unknown'],[],Community Engagement,,Not Verified,merge_engine,2026-05-25T03:12:12Z
6f6ee002-dbdd-4f01-884d-5ca530bb658b,El Cerrito City Council,El Cerrito,CA,"10890 San Pablo Ave, El Cerrito, CA 94530",94530,http://www.elcerrito.gov/,,510-215-4300,The El Cerrito City Council has adopted a Climate Action Plan aimed at reducing greenhouse gas emissions and increasing community resilience to climate change.,Nonprofit / Grassroots,Town / City,"['Municipality', 'Residents']",['Environmental'],[],Policy,,Not Verified,merge_engine,2026-05-25T03:12:12Z
6f90e017-b4cd-4fba-9c9e-857a1a62e5d6,Concord Climate Action Committee,Concord,MA,"8353 Sierra Ave, Fontana, CA 92335",92335,https://concordma.gov/3324/Climate-Action-Committee,unknown,unknown,Fontana's Climate Action Committee focuses on reducing greenhouse gas emissions and promoting sustainability initiatives in the city.,Municipal / Government-affiliated,"[""Town / City""]","['Residents', 'Businesses']","['Energy Efficiency', 'Transportation', 'Environmental', 'Food & Food Waste', 'Waste Reduction']",[],Community Engagement,,Verified,merge_engine,2026-05-25T00:27:17Z
6fd6e79b-2789-483d-a099-918c66b798bb,Central Valley Air Quality Coalition,Selma,CA,1231 East Shaw Avenue,93721,http://www.centralvalleyaq.org,unknown,unknown,"The Central Valley Air Quality Coalition works on reducing emissions and improving air quality, which is closely tied to climate action.",Nonprofit / Grassroots,Regional,"['Businesses', 'Municipality', 'Residents']",['Environmental'],[],Policy,,Not Verified,merge_engine,2026-05-25T03:12:12Z
6fe09edd-e815-45bb-b958-6a8d6768f0cb,Humboldt County Climate Action Plan,Arcata,CA,825 5th St,95521,https://humboldtgov.org/climateactionplan,planningbuilding@co.humboldt.ca.us,707-445-7245,"The Humboldt County Climate Action Plan outlines strategies for emissions reduction and climate resilience, aiming to reduce greenhouse gas emissions across Humboldt County by addressing emissions from vehicle travel, electricity use, natural gas consumption, and other local sources.",Nonprofit / Grassroots,Regional,"['Businesses', 'Municipality', 'Residents']","['Energy Efficiency', 'Transportation', 'Waste Reduction', 'Environmental']",[],Policy,,Not Verified,merge_engine,2026-05-25T03:12:12Z
6ff3914c-2bb6-40bb-ab7e-85691ee47653,East Bridgewater Climate Action Committee,East Bridgewater,MA,175 Central St,02333,https://www.eastbridgewaterma.org/climate-action-committee,unknown,unknown,The East Bridgewater Climate Action Committee focuses on local climate initiatives and sustainability efforts.,Nonprofit / Grassroots,Town / City,"['Municipality', 'Residents']",['Unknown'],[],Unknown,,Not Verified,merge_engine,2026-05-25T03:12:12Z
70066f26-9013-4382-a499-3f9fc1fe9532,Green Inglewood,Inglewood,CA,"Inglewood, CA",90301,http://greeninglewood.org,unknown,unknown,Green Inglewood focuses on community-driven climate action initiatives and sustainability programs.,Nonprofit / Grassroots,Town / City,['Residents'],['Environmental'],[],Community Engagement,,Not Verified,merge_engine,2026-05-25T03:12:12Z
7006f019-a2e5-4678-a316-cbffe8a3d1ee,Cape Ann Climate Coalition,Gloucester,MA,100 N Garfield Ave,91101,https://www.pasadenaclimatecoalition.org/,unknown,unknown,The coalition works on local climate action initiatives and advocacy for policy changes.,Nonprofit / Grassroots,"[""Town / City"", ""State / National""]",['Residents'],"['Energy Efficiency', 'Transportation', 'Environmental', 'Waste Reduction']",[],Policy,,Verified,merge_engine,2026-05-25T00:27:17Z
70224001-4e1e-40e0-a9c8-637832a2169b,Encinitas Climate Action Committee,Solana Beach,MA,505 S Vulcan Ave,92024,https://concordma.gov/3324/Climate-Action-Committee,unknown,unknown,The Encinitas Climate Action Committee develops and implements local climate action plans.,Municipal / Government-affiliated,"[""Town / City""]","['Residents', 'Businesses']","['Energy Efficiency', 'Transportation', 'Environmental', 'Food & Food Waste', 'Waste Reduction']",[],Policy,,Verified,merge_engine,2026-05-25T00:27:17Z
702ef98d-815f-4050-a1ea-7cf6437f4a94,El Cajon Climate Action Committee,El Cajon,MA,2345 Civic Center Dr,92020,https://concordma.gov/3324/Climate-Action-Committee,unknown,unknown,Dedicated to implementing local climate action plans and policies.,Nonprofit / Grassroots,"[""Town / City""]","['Residents', 'Businesses']","['Energy Efficiency', 'Transportation', 'Environmental', 'Food & Food Waste', 'Waste Reduction']",[],Policy,,Verified,merge_engine,2026-05-25T00:27:17Z
704b5dec-c02e-4c88-87c5-df2a4a27865e,Coachella Valley Climate Coalition,Coachella,CA,"Coachella, CA",92236,http://www.cvclimatecoalition.org,unknown,unknown,The Coachella Valley Climate Coalition works on climate action initiatives and advocacy for local climate policies.,Nonprofit / Grassroots,Regional,"['Municipality', 'Residents']",['Environmental'],[],Community Engagement,,Not Verified,merge_engine,2026-05-25T03:12:12Z
706377aa-3d98-4cdc-a63f-fe9ef4e1819f,Climate Action Now!,Northampton,MA,PO Box 601,01060,https://climateactionnowma.org/,unknown,unknown,Climate Action Now! is focused on climate action and advocacy for policies to reduce greenhouse gas emissions.,Nonprofit / Grassroots,Regional,['Residents'],['Environmental'],[],Policy,,Not Verified,merge_engine,2026-05-25T03:12:12Z
706e4cf7-56b5-47a9-aa57-b2b28a4ceb1b,Los Angeles County Climate Action Plan,Rolling Hills,CA,"500 W Temple St, Room 365",90012,https://www.lacounty.gov/climate-action-plan,unknown,unknown,The Los Angeles County Climate Action Plan outlines strategies for reducing greenhouse gas emissions and adapting to climate change.,Municipal / Government-affiliated,Regional,"['Businesses', 'Municipality', 'Residents']",['Environmental'],[],Policy,,Not Verified,merge_engine,2026-05-25T03:12:12Z
70997a5e-ba2a-4b35-a397-77ccd28dd1c4,New Hampshire Climate Action Network,Concord,NH,2 Pillsbury Street,03301,https://www.nhclimateaction.org/,unknown,unknown,The network focuses on mobilizing communities for climate action and policy advocacy.,Nonprofit / Grassroots,State / National,"['Businesses', 'Municipality', 'Residents']",['Unknown'],[],Policy,,Not Verified,merge_engine,2026-05-25T03:12:12Z
70b9a2b8-b9e3-4e67-bfd3-cdb28e9d26e5,Riverside Green Action Team,Riverside,CA,3900 Main St,92501,https://www.riversideca.gov/greenaction,unknown,unknown,The Riverside Green Action Team works on initiatives that include climate action and sustainability efforts.,Municipal / Government-affiliated,unknown,['unknown'],['Unknown'],[],Unknown,,Not Verified,merge_engine,2026-05-25T03:12:12Z
710f92ba-52eb-4c72-92a2-04993e327437,Emeryville Community Services Department,Emeryville,CA,"Emeryville City Hall, 1333 Park Ave",94608,https://www.emeryville.org/,unknown,unknown,The Emeryville Community Services Department includes programs aimed at climate resilience and sustainability in community planning.,Nonprofit / Grassroots,Town / City,"['Municipality', 'Residents']","['Environmental', 'Waste Reduction', 'Energy Efficiency']",[],Community Engagement,,Not Verified,merge_engine,2026-05-25T03:12:12Z
71b335ec-e8ba-4a6a-a676-f8abad379f62,Montpelier Energy Advisory Committee,Montpelier,VT,"City Hall, 39 Main Street",05602,https://www.montpelier-vt.org/,unknown,802-223-9502,The Montpelier Energy Advisory Committee focuses on energy efficiency and renewable energy initiatives in Montpelier.,Nonprofit / Grassroots,Town / City,"['Municipality', 'Residents']",['Energy Efficiency'],[],Community Engagement,,Not Verified,merge_engine,2026-05-25T03:12:12Z
71c22763-f1cd-4eb6-a5ee-608619a46c5e,Seacoast Climate Collaborative,Kensington,NH,1 Junkins Ave,03801,https://seacoastclimate.org,unknown,unknown,The Seacoast Climate Collaborative is focused on climate action and resilience in the Seacoast region of New Hampshire.,Nonprofit / Grassroots,Regional,['Residents'],['Unknown'],[],Community Engagement,,Not Verified,merge_engine,2026-05-25T03:12:12Z
71f77ec0-2ec7-45b2-af71-cfe7fee78af0,Sustainable Montpelier Coalition,Barre,VT,PO Box 1033,05602,http://sustainablemontpelier.org/,unknown,unknown,The coalition promotes sustainability initiatives that include climate action and resilience planning.,Nonprofit / Grassroots,unknown,['unknown'],['Unknown'],[],Unknown,,Not Verified,merge_engine,2026-05-25T03:12:12Z
72171043-d690-47b0-ad6c-27295608e29b,Green Newton,newton,MA,"Weston, MA",02493,http://www.greenweston.org,unknown,unknown,Green Weston is focused on climate action and sustainability initiatives within the community.,Nonprofit / Grassroots,"[""Town / City""]","['Residents', 'Municipality', 'Businesses']","['Energy Efficiency', 'Transportation', 'Environmental', 'Food & Food Waste', 'Waste Reduction', 'Green Economics']",[],Community Engagement,,Verified,merge_engine,2026-05-25T00:27:17Z
7227279e-dc33-4c88-b1ed-f010b46e5c24,Granite State Climate Coalition,Manchester,NH,unknown,03101,https://www.granitestateclimate.org,unknown,unknown,The Granite State Climate Coalition works on climate action initiatives and policies to address climate change in New Hampshire.,Nonprofit / Grassroots,State / National,"['Businesses', 'Municipality', 'Residents']",['Unknown'],[],Policy,,Not Verified,merge_engine,2026-05-25T03:12:12Z
722e21d2-cbea-4654-894a-e1aaf41c5c05,Sustainable Epping,Epping,NH,"Epping, NH",03042,http://www.sustainableepping.org,unknown,unknown,Sustainable Epping focuses on local initiatives for sustainability and climate action.,Nonprofit / Grassroots,Town / City,['Residents'],['Unknown'],[],Community Engagement,,Not Verified,merge_engine,2026-05-25T03:12:12Z
72aff42f-a442-4364-9e28-ea10e46d5ba6,Pajaro Valley Climate Action Coalition,Watsonville,CA,PO Box 1234,95076,https://www.pajarovalleyclimateaction.org/,unknown,unknown,The Pajaro Valley Climate Action Coalition works on local climate action initiatives and community engagement.,Nonprofit / Grassroots,Town / City,['Residents'],['Environmental'],[],Community Engagement,,Not Verified,merge_engine,2026-05-25T03:12:12Z
72b46dd4-202a-449e-bea5-a514328ab5e7,Norwich Energy Committee,Norwich,VT,"Newport Town Hall, 15 Sunapee Street",03773,https://norwichenergycommittee.weebly.com/,unknown,unknown,"The Energy Committee focuses on energy efficiency and renewable energy initiatives in Newport, contributing to local climate action efforts.",Municipal / Government-affiliated,[],"['Municipality', 'Residents']",['Energy Efficiency'],[],Community Engagement,,Verified,merge_engine,2026-05-25T00:27:17Z
72b50e61-0c62-43c8-95cf-bf78bb3b96fe,Green Sherborn,Sherborn,MA,"Sherborn, MA",01770,http://greensherborn.org,unknown,unknown,Green Sherborn focuses on sustainability initiatives and climate action in the community.,Nonprofit / Grassroots,unknown,['unknown'],['Unknown'],[],Unknown,,Not Verified,merge_engine,2026-05-25T03:12:12Z
72c4dd97-ec54-4b5f-9239-6c4fdb84feb2,Climate Action Now Western Massachusetts,Bernardston,MA,PO Box 101,01002,https://climateactionnowma.org,unknown,unknown,Climate Action Now advocates for climate justice and policy changes to address climate change at local and state levels.,Nonprofit / Grassroots,State / National,['Residents'],['Environmental'],[],Policy,,Not Verified,merge_engine,2026-05-25T03:12:12Z
72d1b927-5183-489b-a582-17f26e43597b,Lowell Community Health Center,Lowell,MA,161 Jackson St,01852,http://www.lchc.org,unknown,unknown,Lowell Community Health Center addresses environmental justice and health impacts related to climate change.,Nonprofit / Grassroots,Town / City,['Residents'],['Unknown'],[],Community Engagement,,Not Verified,merge_engine,2026-05-25T03:12:12Z
72ef885d-8b8d-486f-9917-6a6be61c1a65,Sustainable Solvang,Solvang,CA,"Solvang, CA",93463,http://www.sustainablesolvang.org,unknown,unknown,Sustainable Solvang focuses on initiatives that promote sustainability and climate action in the community.,Nonprofit / Grassroots,unknown,['unknown'],['Unknown'],[],Unknown,,Not Verified,merge_engine,2026-05-25T03:12:12Z
7309ceef-0e07-4a51-87ff-9604882fb303,Ventura County Climate Coalition,Thousand Oaks,CA,"Thousand Oaks, CA",91360,http://www.venturacountyclimatecoalition.org,unknown,unknown,Works on climate action initiatives and policy advocacy in Ventura County.,Nonprofit / Grassroots,Regional,['Residents'],['Unknown'],[],Policy,,Not Verified,merge_engine,2026-05-25T03:12:12Z
732ffbb3-96fe-4ad2-8df4-ab548b093032,Humboldt Climate Action,Fortuna,CA,"Eureka, CA",95501,http://humboldtclimateaction.org,unknown,unknown,Humboldt Climate Action is focused on climate action and community resilience in Humboldt County.,Nonprofit / Grassroots,Regional,['Residents'],['Unknown'],[],Community Engagement,,Not Verified,merge_engine,2026-05-25T03:12:12Z
733b492f-aafb-40a3-ba6b-ce808bb89be4,San Mateo County Energy Watch,San Mateo,CA,"400 County Center, 3rd",94402,https://www.smcew.org,unknown,unknown,San Mateo County Energy Watch provides energy efficiency programs and resources to help reduce energy consumption and emissions.,Nonprofit / Grassroots,Regional,"['Businesses', 'Municipality', 'Residents']",['Energy Efficiency'],[],Community Engagement,,Not Verified,merge_engine,2026-05-25T03:12:12Z
738aabd2-3d7d-4693-9426-aa5b3787388b,City of Chicopee,Chicopee,MA,274 Front Street,01013,https://www.chicopeema.gov,unknown,413-594-1400,The City of Chicopee has a Climate Action Plan aimed at reducing greenhouse gas emissions and preparing for climate impacts.,Municipal / Government-affiliated,Town / City,"['Municipality', 'Residents']",['Environmental'],[],Policy,,Not Verified,merge_engine,2026-05-25T03:12:12Z
73a74e16-004f-4a5a-b387-92e81ffd6aef,Sustainable North Bay,Santa Rosa,CA,456 Greenway Dr.,95401,https://sustainablenorthbay.org,unknown,unknown,Sustainable North Bay focuses on climate action initiatives and community engagement for sustainability.,Nonprofit / Grassroots,Regional,['Residents'],['Environmental'],[],Community Engagement,,Not Verified,merge_engine,2026-05-25T03:12:12Z
73c084ec-03ac-4bb3-801f-ea0d7ecd8714,Central Valley Air Quality Coalition,Chowchilla,CA,1231 East Shaw Avenue,93721,http://www.cvaq.org,unknown,unknown,"The Central Valley Air Quality Coalition works on improving air quality and reducing emissions in the Central Valley, which includes climate action initiatives.",Nonprofit / Grassroots,Regional,"['Businesses', 'Municipality', 'Residents']",['Environmental'],[],Policy,,Not Verified,merge_engine,2026-05-25T03:12:12Z
73ccaeca-3296-416b-b9ce-646c364025a4,Green Signal Hill,Signal Hill,CA,"Signal Hill, CA",90755,http://greensignalhill.org,unknown,unknown,Focuses on sustainability initiatives and climate action in Signal Hill.,Nonprofit / Grassroots,Town / City,['Residents'],['Unknown'],[],Community Engagement,,Not Verified,merge_engine,2026-05-25T03:12:12Z
73dd6b29-e8ef-47c2-96c7-c43758a74998,Addison County Regional Planning Commission,Vergennes,VT,"14 Seminary St, Middlebury, VT 05753",05753,https://www.addisoncounty.org/,unknown,unknown,"The Addison County Regional Planning Commission works on climate action plans and energy efficiency initiatives for local municipalities, including Vergennes.",Nonprofit / Grassroots,Regional,['Municipality'],['Energy Efficiency'],[],Community Engagement,,Not Verified,merge_engine,2026-05-25T03:12:12Z
740ef32b-33a8-4de3-aa61-4066d6a10eaf,Vermont Youth Climate Coalition,Burlington,VT,123 College Street,05401,https://www.vtycc.org/,unknown,unknown,The Vermont Youth Climate Coalition engages youth in climate action and advocacy efforts across the state.,Nonprofit / Grassroots,State / National,['Residents'],['Environmental'],[],Community Engagement,,Not Verified,merge_engine,2026-05-25T03:12:12Z
7414a8b4-b774-4f0f-9b44-94996c497c49,Los Gatos Climate Action,Los Gatos,CA,110 E Main St,95030,http://www.losgatosca.gov/climateaction,unknown,unknown,Los Gatos Climate Action focuses on reducing greenhouse gas emissions and promoting sustainability initiatives in the community.,Municipal / Government-affiliated,Town / City,['Residents'],['Green Economics'],[],Community Engagement,,Not Verified,merge_engine,2026-05-25T03:12:12Z
742c59b9-fdf0-40ba-9fbc-4239e15db5af,Riverside Environmental Justice Coalition,Riverside,CA,4567 Riverside Ave,92501,https://www.rejc.org,unknown,unknown,The Riverside Environmental Justice Coalition addresses climate issues affecting marginalized communities.,Nonprofit / Grassroots,Regional,['Residents'],['Environmental'],[],Community Engagement,,Not Verified,merge_engine,2026-05-25T03:12:12Z
745fef2b-3e3a-4b85-bd43-3fc1b1c1e95c,North Country Climate Action,Littleton,NH,123 Main St,03561,http://www.northcountryclimateaction.org,unknown,unknown,Focus on local climate action initiatives and community engagement.,Nonprofit / Grassroots,Town / City,['Residents'],['Unknown'],[],Community Engagement,,Not Verified,merge_engine,2026-05-25T03:12:12Z
748a7589-603b-4053-98f9-ddc990318528,Tri-Valley Climate Action Network,Pleasanton,CA,"Pleasanton, CA",94566,http://www.trivalleycan.org,unknown,unknown,Tri-Valley Climate Action Network focuses on local climate action initiatives and advocacy for sustainability in the Tri-Valley area.,Nonprofit / Grassroots,Regional,['Residents'],['Unknown'],[],Community Engagement,,Not Verified,merge_engine,2026-05-25T03:12:12Z
748ead20-a4a6-49ff-9093-8a060c986915,The Nature Conservancy - Vermont Chapter,Manchester,VT,"Manchester, VT",05255,https://www.nature.org/en-us/about-us/where-we-work/states/vermont/,unknown,unknown,The Nature Conservancy in Vermont engages in climate resilience projects and conservation efforts that address climate change.,Nonprofit / Grassroots,State / National,['Residents'],['Environmental'],[],Conservation,,Not Verified,merge_engine,2026-05-25T03:12:12Z
74a36e07-ee96-468d-9577-76f6a0025152,South Pasadena Climate Action Committee,South Pasadena,CA,1414 Mission Street,91030,https://www.southpasadenaca.gov/government/departments/planning/climate-action-committee,unknown,unknown,The South Pasadena Climate Action Committee focuses on climate action and sustainability initiatives within the city.,Municipal / Government-affiliated,Town / City,"['Municipality', 'Residents']",['Environmental'],[],Community Engagement,,Not Verified,merge_engine,2026-05-25T03:12:12Z
74fb4c73-475a-4e62-b9d0-a7906ac74e64,Long Beach Community Action Partnership,Long Beach,CA,117 W. Victoria St,90805,https://www.lbcap.org,MSemense@lbcap.org,(562) 216-4600,"Long Beach Community Action Partnership (LBCAP) is a nonprofit organization committed to helping people build their future through essential services, youth development, local partnerships, and advocacy. They provide a wide variety of free services to residents of Long Beach living in low-income households.",Nonprofit / Grassroots,Regional,['Residents'],['Energy Efficiency'],[],Community Engagement,,Not Verified,merge_engine,2026-05-25T03:12:12Z
75034fc1-d191-4e77-b914-6a0b79f932b9,Concord Climate Action Committee,Concord,MA,600 East A Street,95620,https://concordma.gov/3324/Climate-Action-Committee,unknown,unknown,The Dixon Climate Action Committee focuses on local climate action initiatives and community engagement to reduce carbon emissions.,Nonprofit / Grassroots,"[""Town / City""]","['Residents', 'Businesses']","['Energy Efficiency', 'Transportation', 'Environmental', 'Food & Food Waste', 'Waste Reduction']",[],Community Engagement,,Verified,merge_engine,2026-05-25T00:27:17Z
75630132-009e-493d-a39f-f9491cbcb688,Davis Energy Group,Davis,CA,"Davis, CA",95616,https://www.davisenergygroup.com,unknown,unknown,Davis Energy Group focuses on energy efficiency and renewable energy solutions to reduce carbon emissions.,Business,Regional,"['Businesses', 'Residents']",['Energy Efficiency'],[],Conservation,,Not Verified,merge_engine,2026-05-25T03:12:12Z
75687e7e-56a4-4263-8b43-9893c9eb3c59,Tyngsborough Climate Committee,Tyngsborough,MA,25 Bryants Lane,01879,https://www.tyngsboroughma.gov/climate-committee,unknown,unknown,The Tyngsborough Climate Committee focuses on local climate action initiatives and sustainability efforts.,Municipal / Government-affiliated,Town / City,"['Municipality', 'Residents']",['Unknown'],[],Community Engagement,,Not Verified,merge_engine,2026-05-25T03:12:12Z
75723635-ff7d-4648-a197-a41141eca893,Essex County Greenbelt Association,Essex,MA,82 Eastern Avenue,01929,https://www.ecga.org/,info@ecga.org,978-768-7241,"The Essex County Greenbelt Association conserves farmland, wildlife habitat, and scenic landscapes throughout Essex County, Massachusetts, ensuring free access to nature for all.",Nonprofit / Grassroots,Regional,['Residents'],"['Environmental', 'Food & Food Waste']",[],Conservation,,Not Verified,merge_engine,2026-05-25T03:12:12Z
7580db2d-da0b-40d3-9d50-b2da8df88dc9,Central Vermont Regional Planning Commission,Barre,VT,29 Main St,05602,https://www.centralvtplanning.org/,cvrpc@cvregion.com,(802) 229-0389,"The Central Vermont Regional Planning Commission assists member municipalities in providing effective local government and addresses regional issues through various programs including energy planning, transportation, and watershed management.",Nonprofit / Grassroots,Regional,['Municipality'],"['Environmental', 'Energy Efficiency', 'Transportation']",[],Community Engagement,,Not Verified,merge_engine,2026-05-25T03:12:12Z
7588a0e1-458a-440e-b958-d5ead80761be,Los Gatos Sustainability Committee,Los Gatos,MA,110 E Main St,95030,https://www.westonma.gov/1296/Sustainability-Committee,unknown,unknown,"The Los Gatos Sustainability Committee focuses on local sustainability efforts, including climate action planning and community engagement.",Municipal / Government-affiliated,"[""Town / City""]","['Residents', 'Municipality']","['Energy Efficiency', 'Transportation', 'Food & Food Waste']",[],Community Engagement,,Verified,merge_engine,2026-05-25T00:27:17Z
7594ad25-cb6c-4164-bde2-3d6450fc300a,Worcester Climate Coalition,Worcester,MA,"Worcester, MA",01609,https://www.worcesterclimatecoalition.org,unknown,unknown,"The Worcester Climate Coalition is dedicated to climate action and advocacy in the Worcester area, focusing on emissions reduction and sustainability initiatives.",Nonprofit / Grassroots,Regional,['Residents'],['Unknown'],[],Unknown,,Not Verified,merge_engine,2026-05-25T03:12:12Z
75a15b4a-7748-4430-8402-ef9f9d17f4c6,Alhambra Climate Action Committee,Alhambra,MA,101 S. First St.,91801,https://concordma.gov/3324/Climate-Action-Committee,unknown,unknown,The Alhambra Climate Action Committee works on local climate initiatives and policy implementation.,Nonprofit / Grassroots,"[""Town / City""]","['Residents', 'Businesses']","['Energy Efficiency', 'Transportation', 'Environmental', 'Food & Food Waste', 'Waste Reduction']",[],Policy,,Verified,merge_engine,2026-05-25T00:27:17Z
75a5aad2-6fe8-40fa-a98f-f1cf59fddc2a,West Bridgewater Climate Committee,West Bridgewater,MA,65 E Center St,02379,http://www.westbridgewaterma.org/climate-committee,unknown,unknown,The West Bridgewater Climate Committee focuses on local climate action initiatives and sustainability efforts.,Nonprofit / Grassroots,Town / City,"['Municipality', 'Residents']",['Unknown'],[],Unknown,,Not Verified,merge_engine,2026-05-25T03:12:12Z
75bee7a9-89e1-4d51-810c-05fbcbffa26f,Sustainable Garden Grove,Garden Grove,CA,11222 Acacia Parkway,92840,http://www.sustainablegg.org,unknown,unknown,Sustainable Garden Grove focuses on climate action initiatives and community engagement to promote sustainability practices.,Nonprofit / Grassroots,Town / City,['Residents'],['Unknown'],[],Community Engagement,,Not Verified,merge_engine,2026-05-25T03:12:12Z
76055fd7-7938-466b-802e-f299cf64b9cc,Westfield Climate Action Committee,Westfield,MA,59 Court Street,01085,http://www.cityofwestfield.org/climateaction,unknown,unknown,The Westfield Climate Action Committee focuses on local climate initiatives and sustainability efforts.,Nonprofit / Grassroots,Town / City,"['Municipality', 'Residents']",['Environmental'],[],Community Engagement,,Not Verified,merge_engine,2026-05-25T03:12:12Z
764a28a2-c01b-49e2-9d5c-9353f53ae30d,Mill Valley City Council,Mill Valley,CA,"26 Corte Madera Ave, Mill Valley, CA 94941",94941,http://millvalley.org,unknown,unknown,The Mill Valley City Council has adopted a Climate Action Plan aimed at reducing greenhouse gas emissions and enhancing community resilience.,Nonprofit / Grassroots,Town / City,"['Municipality', 'Residents']",['Environmental'],[],Policy,,Not Verified,merge_engine,2026-05-25T03:12:12Z
767b9895-4288-4a23-8ec8-6d1f32c036fb,Green Energy Ontario,Ontario,CA,1718 Green Energy Dr,91761,http://www.greenenergyontario.org,unknown,unknown,Advocates for renewable energy and electrification.,Nonprofit / Grassroots,State / National,"['Businesses', 'Residents']",['Energy Efficiency'],[],Policy,,Not Verified,merge_engine,2026-05-25T03:12:12Z
7683f291-2246-462a-9baf-eabdc0f95a4c,North Country Climate Action Network,Lancaster,NH,unknown,03584,https://www.northcountryclimateaction.org,unknown,unknown,The North Country Climate Action Network focuses on climate action and community resilience in the North Country of New Hampshire.,Nonprofit / Grassroots,Regional,['Residents'],['Unknown'],[],Community Engagement,,Not Verified,merge_engine,2026-05-25T03:12:12Z
76af79b7-c5b1-4061-8c44-998809f66e1e,Upton Energy Committee,Upton,MA,"Upton Town Hall, 1 Main St",01568,https://www.uptonma.gov/energy-committee,unknown,unknown,"The Upton Energy Committee is focused on energy efficiency and sustainability initiatives in the town, which includes climate action.",Municipal / Government-affiliated,Town / City,"['Municipality', 'Residents']",['Energy Efficiency'],[],Community Engagement,,Not Verified,merge_engine,2026-05-25T03:12:12Z
771ab6ba-d807-4ac5-beaf-3db96942d0c5,Modesto Youth Climate Council,Modesto,CA,3456 Pine St,95354,http://www.modestoycc.org,unknown,unknown,Engages youth in climate education and advocacy efforts.,Nonprofit / Grassroots,Town / City,['Residents'],['Environmental'],[],Community Engagement,,Not Verified,merge_engine,2026-05-25T03:12:12Z
771d6c22-dc35-47f9-974f-52354b85599b,New Hampshire Climate Action Network,Unity,NH,2 Pillsbury St,03301,https://nhclimateaction.org,unknown,unknown,The New Hampshire Climate Action Network mobilizes residents to advocate for climate action and policy changes to reduce greenhouse gas emissions.,Nonprofit / Grassroots,State / National,['Residents'],['Environmental'],[],Policy,,Not Verified,merge_engine,2026-05-25T03:12:12Z
77723659-1d5c-46ab-8a70-769df6e2d09f,Modoc County Climate Action Committee,Concord,MA,204 S Main St,96101,https://concordma.gov/3324/Climate-Action-Committee,unknown,unknown,Modoc County Climate Action Committee focuses on local climate initiatives and resilience planning.,Municipality,"[""Town / City""]","['Residents', 'Businesses']","['Energy Efficiency', 'Transportation', 'Environmental', 'Food & Food Waste', 'Waste Reduction']",[],Community Engagement,,Verified,merge_engine,2026-05-25T00:27:17Z
778ddb67-bdce-4a31-b31a-07d539da591e,Middlebury College Environmental Council,Middlebury,VT,14 Old Chapel Road,05753,https://www.middlebury.edu/,unknown,unknown,The Environmental Council at Middlebury College works on sustainability initiatives and climate action programs on campus.,Academic,Town / City,"['Businesses', 'Municipality', 'Residents']","['Environmental', 'Energy Efficiency']",[],Community Engagement,,Not Verified,merge_engine,2026-05-25T03:12:12Z
7792e6c1-019f-4171-a58d-2e554bc06797,Sierra Club - Orange County Chapter,Santa Ana,CA,200 W Santa Ana Blvd,92701,https://www.sierraclub.org/california/orange-county,unknown,unknown,The Sierra Club's Orange County Chapter engages in climate advocacy and local climate action initiatives.,Nonprofit / Grassroots,Regional,['Residents'],['Environmental'],[],Community Engagement,,Not Verified,merge_engine,2026-05-25T03:12:12Z
77b817b6-56a6-4e7c-b10f-70842095ec4d,City of Watsonville - Climate Action Plan,Watsonville,CA,250 Main St,95076,https://www.watsonville.gov/,unknown,831-768-3455,"The City of Watsonville has developed a Climate Action Plan to reduce greenhouse gas emissions and promote sustainability through various initiatives including waste reduction, water conservation, and transportation improvements.",Municipal / Government-affiliated,Town / City,"['Municipality', 'Residents']","['Environmental', 'Waste Reduction', 'Transportation']",[],Policy,,Not Verified,merge_engine,2026-05-25T03:12:12Z
77cc0b87-6110-4b9b-a798-871619cab37c,Sustainable Pasadena,Pasadena,CA,100 N Garfield Ave,91101,https://www.cityofpasadena.net/sustainability/,unknown,unknown,"Sustainable Pasadena promotes initiatives for energy efficiency, waste reduction, and climate resilience.",Municipality,Town / City,"['Municipality', 'Residents']","['Energy Efficiency', 'Waste Reduction']",[],Community Engagement,,Not Verified,merge_engine,2026-05-25T03:12:12Z
77e1a39b-3690-4b1e-a045-daa82cf75a64,Chico State Institute for Sustainable Development,Chico,CA,"400 W 1st St, Chico, CA 95929",95929,https://www.csuchico.edu/sustainabledevelopment/,unknown,unknown,The Institute for Sustainable Development at Chico State focuses on research and education related to climate action and sustainability.,Academic,Regional,"['Businesses', 'Municipality', 'Residents']",['Environmental'],[],Community Engagement,,Not Verified,merge_engine,2026-05-25T03:12:12Z
77e6fb94-248a-4e5c-ba01-0090225082b6,Tyngsborough Sustainability Committee,Tyngsborough,MA,29 Middle Road,01719,http://www.boxborough-ma.gov/sustainability-committee,unknown,unknown,The committee works on sustainability initiatives including energy efficiency and climate resilience.,Municipal / Government-affiliated,"[""Town / City""]","['Residents', 'Municipality']","['Energy Efficiency', 'Environmental', 'Food & Food Waste', 'Waste Reduction']",[],Community Engagement,,Verified,merge_engine,2026-05-25T00:27:17Z
77f96392-113e-482e-864c-74250f692ef0,Marin County Sustainability Team,San Rafael,CA,3501 Civic Center Drive,94903,https://www.marincounty.org/depts/bs/sustainability,unknown,415-473-7331,The Marin County Sustainability Team works on climate action plans and sustainability initiatives to reduce emissions and promote resilience.,Nonprofit / Grassroots,Regional,"['Municipality', 'Residents']","['Environmental', 'Energy Efficiency']",[],Community Engagement,,Not Verified,merge_engine,2026-05-25T03:12:12Z
7805ab76-34ef-4d9d-919d-6479861e958e,Upland Energy Efficiency Program,Upland,CA,101 Maple Ave,91786,http://uplandenergyefficiency.org,unknown,unknown,The Upland Energy Efficiency Program focuses on reducing energy consumption and promoting electrification in Upland.,Nonprofit / Grassroots,Town / City,['Residents'],['Energy Efficiency'],[],Community Engagement,,Not Verified,merge_engine,2026-05-25T03:12:12Z
78098811-5c4f-47c4-b9e2-58cfef1fda15,North Country Climate Action Network,Sugar Hill,NH,"Littleton, NH",03561,http://www.northcountryclimateaction.org,unknown,unknown,North Country Climate Action Network focuses on climate action and community resilience in the North Country region of New Hampshire.,Nonprofit / Grassroots,Regional,['Residents'],['Unknown'],[],Community Engagement,,Not Verified,merge_engine,2026-05-25T03:12:12Z
781c1ba6-9fba-4467-8033-83effdc558e5,Riverside County Climate Action Plan,Riverside,CA,"4080 Lemon St, Riverside, CA 92501",92501,https://www.rivco.org/climateaction,unknown,unknown,"Riverside County's Climate Action Plan outlines strategies for emissions reduction and climate resilience in the region, including Moreno Valley.",Nonprofit / Grassroots,Regional,"['Municipality', 'Residents']",['Environmental'],[],Policy,,Not Verified,merge_engine,2026-05-25T03:12:12Z
78518e73-6984-4f4e-85e6-5a62adb50770,Laguna Beach Climate Coalition,Laguna Beach,CA,PO Box 2223,92651,http://www.lagunabeachclimatecoalition.org,unknown,unknown,The Laguna Beach Climate Coalition is dedicated to addressing climate change through local initiatives and community engagement.,Nonprofit / Grassroots,Town / City,['Residents'],['Environmental'],[],Community Engagement,,Not Verified,merge_engine,2026-05-25T03:12:12Z
7871264b-fb8d-4c87-ae9d-61195e3c7f5b,California Climate Action Network,San Leandro,CA,2100 Milvia St,94704,https://www.calcan.org/,unknown,unknown,The network focuses on statewide climate action initiatives and supports local efforts including those in San Leandro.,Nonprofit / Grassroots,State / National,['unknown'],['Unknown'],[],Unknown,,Not Verified,merge_engine,2026-05-25T03:12:12Z
78847d26-5d9b-4b4f-9fc5-0cc9091d81a1,Concord Climate Action Committee,Concord,MA,"29714 Haun Rd, Menifee, CA 92586",92584,https://concordma.gov/3324/Climate-Action-Committee,unknown,unknown,The Menifee Climate Action Committee focuses on local climate initiatives and community engagement to reduce carbon emissions.,Nonprofit / Grassroots,"[""Town / City""]","['Residents', 'Businesses']","['Energy Efficiency', 'Transportation', 'Environmental', 'Food & Food Waste', 'Waste Reduction']",[],Community Engagement,,Verified,merge_engine,2026-05-25T00:27:17Z
793ce3cd-634f-4092-b176-29b419839518,Concord Climate Action Committee,Concord,MA,"250 Main St, Rutland, MA 01543",01543,https://concordma.gov/3324/Climate-Action-Committee,unknown,unknown,The Rutland Climate Action Committee focuses on local climate initiatives and sustainability efforts.,Nonprofit / Grassroots,"[""Town / City""]","['Residents', 'Businesses']","['Energy Efficiency', 'Transportation', 'Environmental', 'Food & Food Waste', 'Waste Reduction']",[],Community Engagement,,Verified,merge_engine,2026-05-25T00:27:17Z
7953d6e3-56d4-4938-9bb1-affaf11a5c4a,Boston University Institute for Global Sustainability,Boston,MA,111 Cummington Mall,02215,https://www.bu.edu/igs/,igs@bu.edu,unknown,"The Boston University Institute for Global Sustainability pioneers research to advance a sustainable and equitable future, focusing on planetary and environmental health, climate governance, and energy systems.",Academic,State / National,"['Businesses', 'Municipality', 'Residents']","['Environmental', 'Energy Efficiency']",[],Community Engagement,,Not Verified,merge_engine,2026-05-25T03:12:12Z
7960c795-e6d2-4571-b600-38ca40e7a034,The Massachusetts Executive Office of Energy and Environmental Affairs,Marsh Corner,MA,100 Cambridge St,02108,https://www.mass.gov/orgs/executive-office-of-energy-and-environmental-affairs,unknown,unknown,The Massachusetts Executive Office of Energy and Environmental Affairs oversees climate adaptation and energy transition initiatives across the state.,Municipal / Government-affiliated,State / National,"['Businesses', 'Municipality', 'Residents']","['Energy Efficiency', 'Environmental']",[],Policy,,Not Verified,merge_engine,2026-05-25T03:12:12Z
7969312b-ee72-450c-98b0-09dc27954c30,Humboldt Bay Municipal Water District,Eureka,CA,828 Seventh Street,95501,http://www.hbmwd.com/,office@hbmwd.com,707-443-5018,Humboldt Bay Municipal Water District safeguards and sustainably delivers clean and reliable water to the community while protecting natural resources and providing a resilient water supply.,Municipality,Regional,"['Businesses', 'Municipality', 'Residents']",['Environmental'],[],Conservation,,Not Verified,merge_engine,2026-05-25T03:12:12Z
797e2397-e1ba-48ee-ae55-613a6dc1ba10,Green Carlsbad,Carlsbad,CA,"Carlsbad, CA",92008,https://www.greencarlsbad.org,unknown,unknown,Green Carlsbad focuses on sustainability initiatives and climate action in the community.,Nonprofit / Grassroots,Town / City,['Residents'],['Unknown'],[],Community Engagement,,Not Verified,merge_engine,2026-05-25T03:12:12Z
79bf7763-ea15-479d-9020-51cc8b0ad59c,Berkeley Energy Commission,Berkeley,CA,"City Hall, 2180 Milvia St, Berkeley, CA 94704",94704,https://www.cityofberkeley.info/Energy_Commission/,unknown,unknown,The Berkeley Energy Commission advises the city on energy efficiency and renewable energy initiatives.,Municipality,Town / City,['Municipality'],['Energy Efficiency'],[],Policy,,Not Verified,merge_engine,2026-05-25T03:12:12Z
79c937fe-df67-46f6-94be-efa8527689d5,Concord Climate Action Committee,Concord,MA,150 S Palm Ave,92376,https://concordma.gov/3324/Climate-Action-Committee,unknown,unknown,Rialto's Climate Action Committee focuses on reducing greenhouse gas emissions and promoting sustainability initiatives in the city.,Municipal / Government-affiliated,"[""Town / City""]","['Residents', 'Businesses']","['Energy Efficiency', 'Transportation', 'Environmental', 'Food & Food Waste', 'Waste Reduction']",[],Community Engagement,,Verified,merge_engine,2026-05-25T00:27:17Z
79dde1bf-89f5-4383-8561-142eb917a32a,Compton Environmental Justice Coalition,Compton,CA,9101 S Central Ave,90220,http://www.comptonjustice.org,unknown,unknown,Focus on environmental justice with a climate component.,Nonprofit / Grassroots,unknown,['unknown'],['Unknown'],[],Unknown,,Not Verified,merge_engine,2026-05-25T03:12:12Z
7a0bada1-3f91-492a-9e6a-5ee5424113a2,Sustainable Lakeville,Lakeville,MA,"Lakeville, MA",02347,http://www.sustainablelakeville.org,unknown,unknown,Sustainable Lakeville focuses on initiatives to reduce carbon emissions and promote renewable energy in the community.,Nonprofit / Grassroots,unknown,['unknown'],['Unknown'],[],Unknown,,Not Verified,merge_engine,2026-05-25T03:12:12Z
7a122454-88bf-40a4-9296-3e1f2fbca65a,Blythe City Council,Blythe,CA,235 N Broadway,92225,http://www.blythe.ca.gov,unknown,unknown,The Blythe City Council has initiated programs aimed at reducing greenhouse gas emissions and improving energy efficiency in municipal operations.,Municipal / Government-affiliated,Town / City,"['Municipality', 'Residents']",['Unknown'],[],Unknown,,Not Verified,merge_engine,2026-05-25T03:12:12Z
7a342e99-b1f9-4cb7-a7f1-cbc813157f0d,Concord Climate Action Committee,Doles Corner,MA,unknown,,https://concordma.gov/3324/Climate-Action-Committee,unknown,unknown,The Local Climate Action Committee works on municipal climate planning and implementation to enhance community resilience against climate impacts.,Nonprofit / Grassroots,"[""Town / City""]","['Residents', 'Businesses']","['Energy Efficiency', 'Transportation', 'Environmental', 'Food & Food Waste', 'Waste Reduction']",[],Community Engagement,,Verified,merge_engine,2026-05-25T00:27:17Z
7a434ad3-2c5c-418b-b383-6ff7de671997,Oceanside Public Works Department,Oceanside,CA,"300 N Coast Hwy, Oceanside, CA 92054",92054,https://www.oceansideca.org/gov/depts/pw/default.asp,unknown,unknown,The Public Works Department implements sustainability initiatives and climate resilience strategies for the city.,Nonprofit / Grassroots,Town / City,"['Municipality', 'Residents']",['Environmental'],[],Community Engagement,,Not Verified,merge_engine,2026-05-25T03:12:12Z
7a5fad7c-9135-47d8-98eb-26ed34f58022,San Francisco Climate Action Network,San Francisco,CA,101 Climate Ave,94103,https://sfcan.org,info@sfchildrennature.org,(415) 298-7532,A coalition of organizations working together to promote climate action in San Francisco.,Nonprofit / Grassroots,Town / City,['Residents'],['Environmental'],[],Community Engagement,,Not Verified,merge_engine,2026-05-25T03:12:12Z
7a6a79a9-af44-4437-abc6-20403fe26983,Sustainable Springfield,Springfield,VT,"Rock Street, San Francisco, California",05156,http://sustainablespringfield.org,yourmail@email.com,1987 123456,"Sustainable Springfield Inc. (SSI) is an environmental grassroots organization that promotes and inspires sustainable solutions by local governments, the business community, and Springfield area citizens through education, networking, and collaboration.",Nonprofit / Grassroots,Town / City,"['Businesses', 'Municipality', 'Residents']","['Environmental', 'Waste Reduction', 'Energy Efficiency']",[],Community Engagement,,Not Verified,merge_engine,2026-05-25T03:12:12Z
7a79bcd8-db3d-4777-a780-ffa58f1a88cc,New Hampshire Sustainable Energy Association,Farmington,NH,2 Pillsbury Street,03301,https://www.nhsea.org/,unknown,unknown,The New Hampshire Sustainable Energy Association advocates for clean energy policies and programs that reduce greenhouse gas emissions and promote energy efficiency.,Nonprofit / Grassroots,State / National,"['Businesses', 'Municipality', 'Residents']",['Energy Efficiency'],[],Unknown,,Not Verified,merge_engine,2026-05-25T03:12:12Z
7a92b2f6-4656-4c15-846f-d1fdfcbed670,North Country Climate Action,Stratford,NH,unknown,03590,https://www.northcountryclimateaction.org,unknown,unknown,North Country Climate Action works on local climate initiatives and advocacy for sustainable practices.,Nonprofit / Grassroots,Town / City,['Residents'],['Environmental'],[],Community Engagement,,Not Verified,merge_engine,2026-05-25T03:12:12Z
7ab91575-307e-410f-8d7f-21da92b2d55d,Shasta Environmental Alliance,Shasta Lake,CA,1234 Market St,96001,http://www.shastaenvironmentalalliance.org,unknown,unknown,Focus on climate action and sustainability initiatives in the Shasta region.,Nonprofit / Grassroots,Regional,['Residents'],['Unknown'],[],Community Engagement,,Not Verified,merge_engine,2026-05-25T03:12:12Z
7add120e-8582-473c-a391-5685f54263fc,New Hampshire Sustainable Energy Association (NHSEA),Dover,NH,PO Box 100,03820,https://www.nhsea.org/,unknown,unknown,NHSEA promotes sustainable energy solutions and policies that reduce carbon emissions across New Hampshire.,Nonprofit / Grassroots,State / National,"['Businesses', 'Municipality', 'Residents']",['Energy Efficiency'],[],Policy,,Not Verified,merge_engine,2026-05-25T03:12:12Z
7b06cc79-a211-4105-b00c-b2e1051079f0,Sustainable San Dimas,San Dimas,CA,"San Dimas City Hall, 245 E Bonita Ave",91773,http://www.sandimasca.gov/sustainability,unknown,unknown,The City of San Dimas has a sustainability program that focuses on reducing greenhouse gas emissions and promoting energy efficiency.,Municipal / Government-affiliated,Town / City,"['Municipality', 'Residents']",['Energy Efficiency'],[],Community Engagement,,Not Verified,merge_engine,2026-05-25T03:12:12Z
7b25a083-d044-48e1-9507-79b7b266f115,Fresno Climate Justice Coalition,Fresno,CA,4567 E Kings Canyon Rd,93721,https://www.fresnoclimatejustice.org/,unknown,unknown,The coalition works on environmental justice issues with a focus on climate impacts in underserved communities.,Nonprofit / Grassroots,Regional,['Residents'],['Environmental'],[],Community Engagement,,Not Verified,merge_engine,2026-05-25T03:12:12Z
7b25e06b-6f64-43a2-bacc-0307bdeb3b6e,Clean Energy NH,Manchester,NH,unknown,03101,https://www.cleanenergynh.org,hello@cleanenergynh.org,unknown,"Clean Energy NH is a nonprofit organization leading New Hampshire's clean energy transition through policy advocacy, education, and community engagement. They focus on renewable energy, energy efficiency, and beneficial electrification.",Nonprofit / Grassroots,State / National,"['Businesses', 'Municipality', 'Residents']","['Energy Efficiency', 'Transportation']",[],Policy,,Not Verified,merge_engine,2026-05-25T03:12:12Z
7b60f307-3ccd-4a69-928d-d6d4d310c3cc,Resilient Boston Harbor,Boston,MA,1 City Hall Square,02110,https://www.boston.gov/departments/environment/resilient-boston-harbor,digital@boston.gov,617-635-3850,"Resilient Boston Harbor focuses on climate adaptation strategies to protect the city from rising sea levels and flooding, enhancing Boston’s waterfront and neighborhoods.",Municipal / Government-affiliated,Town / City,"['Municipality', 'Residents']",['Environmental'],[],Conservation,,Not Verified,merge_engine,2026-05-25T03:12:12Z
7bcc1488-295f-4e3d-8a73-8f1e1ecf6707,East Bay Community Energy (EBCE),Albany,CA,1999 Harrison St,94612,https://ebce.org,unknown,unknown,"EBCE is focused on providing clean energy solutions and reducing carbon emissions in the East Bay, including Albany.",Nonprofit / Grassroots,Regional,"['Businesses', 'Municipality', 'Residents']","['Energy Efficiency', 'Transportation']",[],Community Engagement,,Not Verified,merge_engine,2026-05-25T03:12:12Z
7c1ab7a5-0ffa-4747-bd48-3191bd458bb4,Sebastopol Climate Coalition,Sebastopol,CA,unknown,95472,https://www.sebastopolclimatecoalition.org/,unknown,unknown,The coalition advocates for local climate action initiatives and policies to address climate change impacts.,Nonprofit / Grassroots,Town / City,['Residents'],['Environmental'],[],Community Engagement,,Not Verified,merge_engine,2026-05-25T03:12:12Z
7c20b0c7-57dc-4fb8-b2e5-f584e9b5ff2f,San Diego Climate Collaborative,San Diego,CA,"1100 11th Ave, San Diego, CA 92101",92101,https://sdclimatecollaborative.org/,unknown,unknown,The San Diego Climate Collaborative focuses on community resilience and adaptation strategies to address climate impacts.,Nonprofit / Grassroots,Regional,"['Businesses', 'Municipality', 'Residents']",['Environmental'],[],Community Engagement,,Not Verified,merge_engine,2026-05-25T03:12:12Z
7c3fd2b1-9231-4168-91de-4b488ba8ae55,Saugus Environmental Committee,Saugus,MA,"Saugus Town Hall, 298 Central St",01906,http://www.saugus-ma.gov/environmental-committee,unknown,unknown,The Saugus Environmental Committee works on initiatives related to climate resilience and sustainability in local planning.,Municipal / Government-affiliated,Town / City,"['Municipality', 'Residents']",['Unknown'],[],Unknown,,Not Verified,merge_engine,2026-05-25T03:12:12Z
7c5e7970-058e-4630-9c94-78eeb1cecb64,Wilbraham Climate Action Committee,Wilbraham,MA,"Wilbraham Town Hall, 240 Springfield St",01095,http://www.wilbraham-ma.gov/,unknown,413-596-2800,The Wilbraham Climate Action Committee focuses on local climate initiatives and sustainability efforts in the community.,Municipal / Government-affiliated,Town / City,"['Municipality', 'Residents']",['Environmental'],[],Community Engagement,,Not Verified,merge_engine,2026-05-25T03:12:12Z
7c61c091-300e-4f25-a4f7-41ce35ac06f4,Fresno State Climate Action,Fresno,CA,5241 N Maple Ave,93740,https://www.fresnostate.edu/,canvas@mail.fresnostate.edu,559.278.4240,Fresno State Climate Action is part of Fresno State's commitment to climate action through various sustainability initiatives.,Academic,Regional,"['Businesses', 'Municipality', 'Residents']",['Environmental'],[],Community Engagement,,Not Verified,merge_engine,2026-05-25T03:12:12Z
7c950648-2637-4ba6-9aaa-f945f93f8492,Raddin Station Climate Justice Alliance,Raddin Station,MA,unknown,,https://www.raddinstationclimatejustice.org/,unknown,unknown,The alliance focuses on addressing climate change impacts on marginalized communities and promoting environmental justice.,Nonprofit / Grassroots,unknown,['Residents'],['Environmental'],[],Community Engagement,,Not Verified,merge_engine,2026-05-25T03:12:12Z
7cc0e8a6-3d1f-4b93-ac24-21ad96e37b8c,Sustainable Oakland,Oakland,CA,1234 10th St,94612,https://www.sustainableoakland.org,unknown,unknown,Sustainable Oakland focuses on initiatives that promote energy efficiency and reduce carbon emissions in the community.,Nonprofit / Grassroots,Town / City,['Residents'],['Energy Efficiency'],[],Community Engagement,,Not Verified,merge_engine,2026-05-25T03:12:12Z
7cc5211c-3a97-4a16-ba6c-845ea7173292,California Climate and Agriculture Network (CalCAN),Burlingame,CA,1100 11th Street,95814,https://calclimateag.org/,unknown,unknown,"CalCAN is a statewide network of farmers, ranchers, agricultural experts, researchers, and non-profit partners focused on advancing climate-smart agriculture practices to mitigate climate change.",Nonprofit / Grassroots,State / National,"['Businesses', 'Municipality', 'Residents']","['Environmental', 'Food & Food Waste']",[],Policy,,Not Verified,merge_engine,2026-05-25T03:12:12Z
7cde4902-b862-4630-9f1e-cd151675b725,Upper Valley Adaptation Workgroup,Grantham,NH,1 Mascoma St,03766,https://www.uvadaptation.org/,unknown,unknown,"The Upper Valley Adaptation Workgroup focuses on climate adaptation strategies in the Upper Valley region, including Grantham.",Nonprofit / Grassroots,Regional,"['Businesses', 'Municipality', 'Residents']",['Unknown'],[],Community Engagement,,Not Verified,merge_engine,2026-05-25T03:12:12Z
7cecf35f-649c-48dd-bda2-1e0667fb8015,Sustainable Morgan Hill,Morgan Hill,CA,"Morgan Hill, CA",95037,http://sustainablemorganhill.org,unknown,unknown,Sustainable Morgan Hill focuses on sustainability initiatives and climate action in the community.,Nonprofit / Grassroots,Town / City,['Residents'],['Unknown'],[],Community Engagement,,Not Verified,merge_engine,2026-05-25T03:12:12Z
7cf37e46-e695-44e9-8f2a-6229e2d10c20,Sustainable Montpelier Coalition,Waterbury,VT,PO Box 1034,05602,http://sustainablemontpelier.org/,unknown,unknown,The coalition promotes sustainability initiatives including climate action in Montpelier.,Nonprofit / Grassroots,Town / City,['unknown'],['Unknown'],[],Unknown,,Not Verified,merge_engine,2026-05-25T03:12:12Z
7d0dce92-eb1f-4313-be9e-03c5e2fed388,Bay Area Regional Collaborative (BARC),Oakland,CA,"101 8th St, Oakland, CA 94607",94607,http://www.bayareacollaborative.org,unknown,unknown,"BARC works on regional climate resilience and adaptation strategies, collaborating with local governments and organizations.",Nonprofit / Grassroots,Regional,"['Municipality', 'Residents']",['Environmental'],[],Community Engagement,,Not Verified,merge_engine,2026-05-25T03:12:12Z
7d1339fa-14b6-4df3-9d36-d4a4a3d94fc5,Oceanside Green Business Program,Oceanside,CA,"Oceanside, CA",92054,https://www.oceansideca.org/gov/depts/ed/green_business.asp,unknown,unknown,The Oceanside Green Business Program helps local businesses implement sustainable practices that reduce their environmental impact.,Nonprofit / Grassroots,Town / City,['Businesses'],['Green Economics'],[],Community Engagement,,Not Verified,merge_engine,2026-05-25T03:12:12Z
7d1e981d-cdf2-4f8e-bf84-d07de7d1c211,San Joaquin Valley Clean Energy Organization,Fresno,CA,7890 N Blackstone Ave,93721,https://www.sjvceo.com,info@sjvceo.com,877-748-0841,"The San Joaquin Valley Clean Energy Organization promotes clean energy solutions and electrification in the San Joaquin Valley, contributing to emissions reduction and community engagement.",Nonprofit / Grassroots,Regional,"['Businesses', 'Municipality', 'Residents']",['Energy Efficiency'],[],Community Engagement,,Not Verified,merge_engine,2026-05-25T03:12:12Z
7d2533a1-6df7-4218-b644-e36a138edf4c,Sustainable Merrimack Valley,Newbury Old Town,MA,"Merrimac, MA",01860,http://sustainablemv.org,unknown,unknown,Sustainable Merrimack Valley is focused on promoting sustainability and climate action in the Merrimack Valley region.,Nonprofit / Grassroots,Regional,['Residents'],['Environmental'],[],Community Engagement,,Not Verified,merge_engine,2026-05-25T03:12:12Z
7d43dccd-d58d-4d0a-a749-0e4f6f9c1bc7,MIT Environmental Solutions Initiative,Cambridge,MA,"77 Massachusetts Ave, Cambridge, MA",02139,https://environmentalsolutions.mit.edu,unknown,unknown,The initiative focuses on research and education related to climate change and sustainability solutions.,Academic,State / National,"['Businesses', 'Municipality', 'Residents']",['Environmental'],[],Policy,,Not Verified,merge_engine,2026-05-25T03:12:12Z
7d4a6958-ead5-41fb-b909-8a5551f494c0,Concord Climate Action Committee,Concord,MA,unknown,90270,https://concordma.gov/3324/Climate-Action-Committee,unknown,unknown,The Maywood Climate Action Committee works on local climate initiatives and policies to address climate change impacts in the community.,Nonprofit / Grassroots,"[""Town / City""]","['Residents', 'Businesses']","['Energy Efficiency', 'Transportation', 'Environmental', 'Food & Food Waste', 'Waste Reduction']",[],Community Engagement,,Verified,merge_engine,2026-05-25T00:27:17Z
7d7dbece-37c2-4267-806e-662fa75afc71,Marston Corners Climate Action Group,Marston Corners,MA,123 Climate St.,01234,http://www.marstoncornersclimateaction.org,unknown,unknown,Our mission is to reduce local carbon emissions and promote renewable energy initiatives.,Nonprofit / Grassroots,Town / City,['Residents'],['Energy Efficiency'],[],Community Engagement,,Not Verified,merge_engine,2026-05-25T03:12:12Z
7da98e39-b9f6-4cab-8e40-68fd741afd03,Sustainable Seacoast,Newmarket,NH,PO Box 124,03857,https://sustainableseacoast.org/,unknown,unknown,Sustainable Seacoast focuses on promoting sustainable practices and climate action initiatives in the Seacoast region of New Hampshire.,Nonprofit / Grassroots,Regional,['Residents'],['Unknown'],[],Community Engagement,,Not Verified,merge_engine,2026-05-25T03:12:12Z
7de05191-ef9e-4ea5-bdb9-75e518a051bf,Los Angeles County Department of Public Health - Climate Change Program,Santa Monica,CA,313 N Figueroa St,90012,http://publichealth.lacounty.gov/,unknown,(833) 540-0473,The Los Angeles County Department of Public Health's Climate Change Program addresses public health impacts of climate change and promotes climate resilience strategies.,Municipal / Government-affiliated,Regional,"['Municipality', 'Residents']",['Environmental'],[],Community Engagement,,Not Verified,merge_engine,2026-05-25T03:12:12Z
7dff5cbf-851d-474b-b221-3c8db86b29a3,Desert Climate Coalition,La Quinta,CA,1234 E Palm Canyon Dr,92262,http://www.desertclimatecoalition.org,unknown,unknown,The Desert Climate Coalition focuses on climate action and sustainability initiatives in the Coachella Valley.,Nonprofit / Grassroots,Regional,['Residents'],['Environmental'],[],Community Engagement,,Not Verified,merge_engine,2026-05-25T03:12:12Z
7e286176-7532-488e-9878-b755860ffeef,Sustainable Coachella Valley,La Quinta,CA,45678 Indio Blvd,92201,http://www.sustainablecv.org,unknown,unknown,Sustainable Coachella Valley works on projects aimed at reducing carbon emissions and promoting renewable energy.,Nonprofit / Grassroots,unknown,['unknown'],['Energy Efficiency'],[],Unknown,,Not Verified,merge_engine,2026-05-25T03:12:12Z
7e465eff-e1ea-42da-8284-0c3fa52e6d73,Palo Alto Climate and Energy Action Plan,Palo Alto,CA,250 Hamilton Avenue,94301,https://www.cityofpaloalto.org/gov/depts/pln/climate.asp,unknown,unknown,The City of Palo Alto has developed a Climate and Energy Action Plan to reduce greenhouse gas emissions and promote sustainability.,Nonprofit / Grassroots,Town / City,"['Municipality', 'Residents']",['Energy Efficiency'],[],Policy,,Not Verified,merge_engine,2026-05-25T03:12:12Z
7e4b01c4-a533-464c-b778-0014b98ef956,"California State University, Long Beach - Institute for Sustainable Energy",Long Beach,CA,1250 Bellflower Blvd,90840,https://www.csulb.edu/ise,unknown,unknown,The Institute conducts research and education on sustainable energy solutions and climate change mitigation.,Academic,State / National,"['Businesses', 'Municipality', 'Residents']",['Energy Efficiency'],[],Policy,,Not Verified,merge_engine,2026-05-25T03:12:12Z
7e595967-ce15-43b6-b264-3f44f119b577,Woodstock Climate Action Network,Woodstock,VT,unknown,05091,http://www.woodstockclimateaction.org,unknown,unknown,The Woodstock Climate Action Network is dedicated to reducing greenhouse gas emissions and promoting climate resilience in the community.,Nonprofit / Grassroots,Town / City,['Residents'],['Environmental'],[],Community Engagement,,Not Verified,merge_engine,2026-05-25T03:12:12Z
7e79196d-d306-4f45-9d69-24082aab69be,California Climate Action Network,Corona,CA,unknown,92880,http://www.calcan.org,unknown,unknown,California Climate Action Network works on state-wide climate initiatives and local implementations.,Nonprofit / Grassroots,State / National,"['Businesses', 'Municipality', 'Residents']",['Unknown'],[],Policy,,Not Verified,merge_engine,2026-05-25T03:12:12Z
7e803aad-c5c8-4acf-944b-cf6c9cc8d7b2,New Hampshire Climate Action Network,Loudon,NH,2 Pillsbury St,03301,https://nhclimateaction.org,unknown,unknown,The New Hampshire Climate Action Network advocates for policies that reduce greenhouse gas emissions and promote renewable energy in New Hampshire.,Nonprofit / Grassroots,State / National,"['Businesses', 'Municipality', 'Residents']",['Energy Efficiency'],[],Policy,,Not Verified,merge_engine,2026-05-25T03:12:12Z
7eafd3a0-65fb-4b78-9b2b-068b3aaeed82,Green Artesia,Artesia,CA,"11630 South St, Artesia, CA 90701",90701,http://www.greenartesia.org,unknown,unknown,Green Artesia focuses on sustainability initiatives and climate action programs in the community.,Nonprofit / Grassroots,Town / City,['Residents'],['Unknown'],[],Community Engagement,,Not Verified,merge_engine,2026-05-25T03:12:12Z
7eca8440-ea7d-4566-b0c9-b7135e238457,North Coast Climate Action,Trinidad,CA,PO Box 1343,95521,https://www.northcoastclimateaction.org/,NCCA@dot.ca.gov,unknown,"North Coast Climate Action focuses on climate action and advocacy in the North Coast region of California, addressing climate change adaptation strategies for vulnerable areas.",Nonprofit / Grassroots,Regional,"['Municipality', 'Residents']",['Environmental'],[],Community Engagement,,Not Verified,merge_engine,2026-05-25T03:12:12Z
7ed3c3e8-cb42-44b5-83f6-5122bc472722,EcoSacramento,Citrus Heights,CA,1231 I Street,95814,https://ecosacramento.org/,unknown,unknown,EcoSacramento focuses on local climate action and sustainability initiatives to reduce carbon footprints in the community.,Nonprofit / Grassroots,Town / City,['Residents'],['Environmental'],[],Community Engagement,,Not Verified,merge_engine,2026-05-25T03:12:12Z
7f0236f4-cfdc-4a18-99a8-712a33d01f6d,Yuba City Climate Action Committee,Yuba City,CA,"Yuba City Hall, 1201 Civic Center Blvd",95991,http://www.yubacity.net/climateaction,unknown,unknown,The Yuba City Climate Action Committee focuses on local climate initiatives and strategies to reduce greenhouse gas emissions.,Municipality,Town / City,"['Municipality', 'Residents']",['Energy Efficiency'],[],Community Engagement,,Not Verified,merge_engine,2026-05-25T03:12:12Z
7f07d495-e9e6-4d1d-8fb1-32591291a2d5,Brisbane City Council,Brisbane,CA,"50 Park Place, Brisbane, CA 94005",94005,https://www.brisbaneca.gov,unknown,(415) 508-2100,"The Brisbane City Council is responsible for governing the city of Brisbane, CA, with a focus on sustainability and reducing greenhouse gas emissions through various initiatives and policies.",Nonprofit / Grassroots,Town / City,"['Municipality', 'Residents']","['Environmental', 'Energy Efficiency']",[],Community Engagement,,Not Verified,merge_engine,2026-05-25T03:12:12Z
7f3a03c1-f4ef-4dae-a56c-8cc68eb07054,SLO Climate Coalition,San Luis Obispo,CA,unknown,93401,https://www.sloclimate.org,unknown,unknown,The SLO Climate Coalition aims to mobilize the community to take action on climate change.,Nonprofit / Grassroots,Town / City,['Residents'],['Unknown'],[],Community Engagement,,Not Verified,merge_engine,2026-05-25T03:12:12Z
7f5f3061-ab31-4a64-8147-b717d69ac836,Fitchburg State University Sustainability Committee,Fitchburg,MA,160 Pearl St,01420,https://www.fitchburgstate.edu/,admissions@fitchburgstate.edu,800.705.9692,The Sustainability Committee at Fitchburg State University works on initiatives related to sustainability and climate education.,Academic,Town / City,"['Businesses', 'Municipality', 'Residents']",['Environmental'],[],Community Engagement,,Not Verified,merge_engine,2026-05-25T03:12:12Z
7f649068-84c6-4a1b-ae63-35134275859c,Concord Climate Action Committee,Concord,MA,"Melrose, MA",02176,https://www.cityofmelrose.org/climate-action-committee,unknown,unknown,The Melrose Climate Action Committee works on local climate initiatives and policies to reduce greenhouse gas emissions.,Nonprofit / Grassroots,"[""Town / City""]","['Residents', 'Businesses']","['Energy Efficiency', 'Transportation', 'Environmental', 'Food & Food Waste', 'Waste Reduction']",[],Policy,,Verified,merge_engine,2026-05-25T00:27:17Z
7f73adff-5b23-4b6b-80d0-3bbcd10fb77a,New Hampshire Climate Action Network,Bristol,NH,unknown,03222,https://www.nhclimateaction.org/,unknown,unknown,"The New Hampshire Climate Action Network focuses on climate advocacy and action across the state, including Bristol.",Nonprofit / Grassroots,State / National,['Residents'],['Unknown'],[],Community Engagement,,Not Verified,merge_engine,2026-05-25T03:12:12Z
7f884069-93a2-4e36-8c44-bbaec29cb351,Marin Climate & Energy Partnership,San Rafael,CA,555 Northgate Dr.,94903,https://www.marinclimate.org,marinclimateenergy@gmail.com,unknown,"The Marin Climate & Energy Partnership is a coalition of Marin County cities, towns, and public agencies working collaboratively to reduce greenhouse gas emissions and promote sustainability through various programs and initiatives.",Nonprofit / Grassroots,Regional,"['Municipality', 'Residents']","['Environmental', 'Energy Efficiency', 'Transportation', 'Waste Reduction']",[],Community Engagement,,Not Verified,merge_engine,2026-05-25T03:12:12Z
7fb4b9a0-be47-4fd6-8838-004aae60dd16,Monterey Bay Community Power,Monterey,CA,70 Garden Court,93940,https://www.mbcommunitypower.org/,,1-888-909-6227,"Monterey Bay Community Power provides locally-controlled, carbon-free electricity to residents and businesses in Monterey, San Benito, and Santa Cruz Counties through the Community Choice Energy model.",Nonprofit / Grassroots,Regional,"['Businesses', 'Residents']",['Energy Efficiency'],[],Community Engagement,,Not Verified,merge_engine,2026-05-25T03:12:12Z
7fd35c56-89ed-4d8e-ae65-2f4c16239077,San Diego County Climate Action Plan,Oceanside,CA,"Oceanside, CA",92054,https://www.sandiegocounty.gov/content/sdc/pds/ClimateActionPlan.html,unknown,unknown,The San Diego County Climate Action Plan outlines strategies for reducing greenhouse gas emissions and adapting to climate change impacts.,Municipal / Government-affiliated,Regional,"['Municipality', 'Residents']",['Environmental'],[],Policy,,Not Verified,merge_engine,2026-05-25T03:12:12Z
7fefaffd-c366-4b4f-8101-4b1563ae085d,Sustainable Lebanon,Lebanon,NH,"Taunton, MA",02780,https://sustainablelebanon/wordpress.com,unknown,unknown,Sustainable Taunton focuses on local sustainability initiatives and climate action programs.,Nonprofit / Grassroots,"[""Town / City""]","['Residents', 'Municipality', 'Businesses']","['Energy Efficiency', 'Transportation', 'Environmental', 'Food & Food Waste', 'Waste Reduction']",[],Community Engagement,,Verified,merge_engine,2026-05-25T00:27:17Z
7ff7a718-ebf1-41c3-8ec6-17ac3d68aae5,Sustainable Orange County,Placentia,CA,300 N Flower St,92701,https://www.sustainableoc.org/,unknown,unknown,Sustainable Orange County works on initiatives to promote sustainability and reduce carbon emissions across the region.,Nonprofit / Grassroots,Regional,['unknown'],['Unknown'],[],Unknown,,Not Verified,merge_engine,2026-05-25T03:12:12Z
80366b10-5d6a-4cad-9402-94d2588b2e78,Stockton Climate Action Plan,Stockton,CA,"345 N El Dorado St, Stockton, CA 95202",95202,https://www.stocktonca.gov/government/departments/planning/climateActionPlan.html,unknown,unknown,The City of Stockton's Climate Action Plan outlines strategies for reducing greenhouse gas emissions and adapting to climate change.,Municipal / Government-affiliated,Town / City,"['Municipality', 'Residents']",['Environmental'],[],Policy,,Not Verified,merge_engine,2026-05-25T03:12:12Z
804c345d-d65b-466b-b62f-dcdcb22f35c7,New Hampshire Climate Action Network,Milton,NH,unknown,03851,https://nhclimateaction.org/,unknown,unknown,The New Hampshire Climate Action Network focuses on climate action and policy advocacy to address climate change in New Hampshire.,Nonprofit / Grassroots,State / National,"['Businesses', 'Municipality', 'Residents']",['Unknown'],[],Policy,,Not Verified,merge_engine,2026-05-25T03:12:12Z
804c643f-692d-4ace-9c1a-73928a59d951,Sustainable Ludlow,Ludlow,VT,"Ludlow, VT",05149,http://www.sustainableludlow.org,unknown,unknown,Sustainable Ludlow focuses on promoting sustainable practices and climate action in the community.,Nonprofit / Grassroots,Town / City,['Residents'],['Environmental'],[],Community Engagement,,Not Verified,merge_engine,2026-05-25T03:12:12Z
80722cd2-3801-4029-8f87-52eeeea02771,City of Goleta Sustainability Division,Goleta,CA,"130 Cremona Dr, Goleta, CA 93117",93117,https://www.cityofgoleta.org/services/sustainability,unknown,unknown,The City of Goleta's Sustainability Division implements programs aimed at reducing greenhouse gas emissions and promoting sustainability in the community.,Nonprofit / Grassroots,Town / City,"['Municipality', 'Residents']","['Environmental', 'Energy Efficiency']",[],Community Engagement,,Not Verified,merge_engine,2026-05-25T03:12:12Z
80a734ed-6d87-4f54-bff1-0b1c00afea5d,"California State University, Fullerton - Center for Sustainability",Placentia,CA,800 N State College Blvd,92831,https://sustainability.fullerton.edu/,sustainability@fullerton.edu,unknown,"The Center for Sustainability at CSUF is a hub for research, education, and community outreach regarding sustainability. It supports and coordinates sustainability-related activities across the campus and engages the community through internships, service-learning, and other high impact experiences.",Academic,Regional,"['Businesses', 'Municipality', 'Residents']","['Environmental', 'Waste Reduction', 'Energy Efficiency', 'Food & Food Waste']",[],Community Engagement,,Not Verified,merge_engine,2026-05-25T03:12:12Z
80b70740-1bb7-46fd-a482-218d816ed359,Brigadoon Climate Action Network,,MA,123 Climate St,12345,http://www.brigadoonclimateaction.org,unknown,unknown,Focus on local climate action initiatives and community resilience programs.,Nonprofit / Grassroots,Town / City,['Residents'],['Unknown'],[],Community Engagement,,Not Verified,merge_engine,2026-05-25T03:12:12Z
80b9e296-a3b2-4082-9894-daa883d4a0e4,Siskiyou County Climate Action Network,Yreka,CA,1512 S. Oregon St.,96097,http://www.siskiyouclimate.org,,(530) 842-1638,"The Siskiyou County Climate Action Network focuses on building resilient communities in Siskiyou County through collaboration with local leaders and organizations. They work on climate resilience projects, provide technical assistance, and develop plans to enhance the county's sustainability.",Nonprofit / Grassroots,Regional,"['Businesses', 'Municipality', 'Residents']","['Environmental', 'Energy Efficiency']",[],Community Engagement,,Not Verified,merge_engine,2026-05-25T03:12:12Z
80d5f25e-91b8-48d0-8442-5f8d16dac584,Youth Climate Action Network,Boston,MA,1 University Rd,02115,https://www.youthclimateaction.org/,unknown,unknown,The Youth Climate Action Network engages young people in climate education and advocacy efforts.,Nonprofit / Grassroots,State / National,['Residents'],['Unknown'],[],Community Engagement,,Not Verified,merge_engine,2026-05-25T03:12:12Z
80ea0a2a-16bb-4b81-be7b-2fed5a5941db,Worcester Climate Action Network,Worcester,MA,"Worcester, MA",01609,https://www.worcesterclimateaction.org/,unknown,unknown,The Worcester Climate Action Network focuses on local climate action initiatives and community engagement to address climate change.,Nonprofit / Grassroots,Town / City,['Residents'],['Environmental'],[],Community Engagement,,Not Verified,merge_engine,2026-05-25T03:12:12Z
80eea96d-5dc5-4034-90aa-fa0d2b88a13d,Berkshire Environmental Action Team,Otis,MA,20 Bank Row,01201,https://www.beatnb.org/,unknown,unknown,"Berkshire Environmental Action Team works on climate change issues, advocating for policies that reduce greenhouse gas emissions and promote renewable energy.",Nonprofit / Grassroots,Regional,['Residents'],['Energy Efficiency'],[],Policy,,Not Verified,merge_engine,2026-05-25T03:12:12Z
8118e633-b06e-4f18-a4b5-3fe4304c66e0,New Hampshire Sustainable Energy Association,Bow,NH,2 Pillsbury St,03301,https://www.nhsea.org,unknown,unknown,The New Hampshire Sustainable Energy Association works to promote sustainable energy solutions and policies that reduce greenhouse gas emissions.,Nonprofit / Grassroots,State / National,"['Businesses', 'Municipality', 'Residents']",['Energy Efficiency'],[],Policy,,Not Verified,merge_engine,2026-05-25T03:12:12Z
8138ac2e-eaf2-4502-81a3-172e3139a45d,Inglewood Climate Action Committee,Inglewood,MA,"Inglewood, CA",90301,https://concordma.gov/3324/Climate-Action-Committee,unknown,unknown,The Inglewood Climate Action Committee works on local climate planning and implementation strategies.,Nonprofit / Grassroots,"[""Town / City""]","['Residents', 'Businesses']","['Energy Efficiency', 'Transportation', 'Environmental', 'Food & Food Waste', 'Waste Reduction']",[],Community Engagement,,Verified,merge_engine,2026-05-25T00:27:17Z
81dff645-ef3d-4c01-946f-6197d5728eff,Pittsfield Energy Committee,Pittsfield,NH,"Pittsfield Town Hall, 85 Main St",03263,http://www.pittsfieldnh.gov/energy-committee,unknown,unknown,"The Pittsfield Energy Committee focuses on energy efficiency and renewable energy initiatives in the community, contributing to emissions reduction and sustainability efforts.",Municipal / Government-affiliated,Town / City,"['Municipality', 'Residents']",['Energy Efficiency'],[],Community Engagement,,Not Verified,merge_engine,2026-05-25T03:12:12Z
8258a4c3-2161-42c9-a375-a86158dd78c5,Sustainable Energy Outreach Network,Ashfield,MA,PO Box 601,01060,https://seon.org,unknown,unknown,SEON promotes energy efficiency and renewable energy solutions to combat climate change.,Nonprofit / Grassroots,Regional,"['Businesses', 'Residents']",['Energy Efficiency'],[],Community Engagement,,Not Verified,merge_engine,2026-05-25T03:12:12Z
8314536f-c0e8-46b7-9cde-7fafb3e6f950,Costa Mesa Climate Committee,Costa Mesa,CA,"City Hall, 77 Fair Drive",92626,https://www.costamesaca.gov,unknown,unknown,The Costa Mesa Climate Committee works on local climate action plans and sustainability initiatives.,Municipal / Government-affiliated,Town / City,"['Municipality', 'Residents']",['Environmental'],[],Community Engagement,,Not Verified,merge_engine,2026-05-25T03:12:12Z
831e3aef-5b9f-4dbb-826f-f9b93f77ca90,New Hampshire Climate Action Network,Albany,NH,2 Pillsbury St,03301,https://www.nhclimateaction.org/,unknown,unknown,The New Hampshire Climate Action Network works to promote climate action and policies that reduce greenhouse gas emissions.,Nonprofit / Grassroots,State / National,"['Businesses', 'Municipality', 'Residents']",['Environmental'],[],Policy,,Not Verified,merge_engine,2026-05-25T03:12:12Z
833d3afc-8c7a-449f-a689-9414e63f617d,Sustainable Ventura,Ventura,CA,789 Pine St,93001,http://www.sustainableventura.org,info@sustainableventura.org,unknown,"Sustainable Ventura promotes programs aimed at reducing greenhouse gas emissions and enhancing community resilience, focusing on environmental justice and sustainability.",Nonprofit / Grassroots,Town / City,['Residents'],"['Environmental', 'Waste Reduction']",[],Community Engagement,,Not Verified,merge_engine,2026-05-25T03:12:12Z
833d5a20-ff87-49b9-8c8b-3e9bd09e1a70,Sustainable Redding,Redding,CA,1234 Market St,96001,http://www.sustainableredding.org,unknown,unknown,Focuses on local sustainability initiatives and climate action programs.,Nonprofit / Grassroots,Town / City,['Residents'],['Unknown'],[],Community Engagement,,Not Verified,merge_engine,2026-05-25T03:12:12Z
836306de-ec3e-4eeb-881c-74ae77f4fe96,Green Barstow,Barstow,CA,"123 Main St, Barstow, CA 92311",92311,http://greenbarstow.org,unknown,unknown,Focus on local climate action initiatives and community engagement in sustainability practices.,Nonprofit / Grassroots,Town / City,['Residents'],['Unknown'],[],Community Engagement,,Not Verified,merge_engine,2026-05-25T03:12:12Z
836ce096-3da1-4417-9c15-c24fd941ba66,Green North Andover,North Andover,MA,"North Andover, MA",01845,http://www.greennorthandover.org,unknown,unknown,Focus on local climate initiatives and sustainability programs.,Nonprofit / Grassroots,Town / City,['Residents'],['Unknown'],[],Community Engagement,,Not Verified,merge_engine,2026-05-25T03:12:12Z
83a673ae-d7ce-439f-a236-d6bcfcb0c9e1,Malibu Climate Action Coalition,Malibu,CA,"Malibu City Hall, 23825 Stuart Ranch Rd",90265,https://www.malibucity.org/climateaction,unknown,unknown,The Malibu Climate Action Coalition focuses on climate action and resilience planning for the city.,Nonprofit / Grassroots,Town / City,"['Municipality', 'Residents']",['Environmental'],[],Community Engagement,,Not Verified,merge_engine,2026-05-25T03:12:12Z
83e720f2-518b-4754-befb-3cc386552088,Sustainable Exeter,Exeter,NH,"Exeter, NH",03833,http://sustainableexeter.org,unknown,unknown,Sustainable Exeter focuses on local initiatives to reduce carbon emissions and promote sustainability in the community.,Nonprofit / Grassroots,Town / City,['Residents'],"['Green Economics', 'Energy Efficiency']",[],Community Engagement,,Not Verified,merge_engine,2026-05-25T03:12:12Z
8427fefb-fcf1-4740-8d44-e6dd19e817da,Torrance Unified School District - Environmental Education,Torrance,CA,2335 Plaza Del Amo,90501,https://www.tusd.org/,unknown,310.972.6500,Torrance Unified School District focuses on climate education and sustainability practices in schools.,Nonprofit / Grassroots,Town / City,['Residents'],['Environmental'],[],Community Engagement,,Not Verified,merge_engine,2026-05-25T03:12:12Z
842d3434-37a6-4645-94c8-84ca56b5d539,Beaumont Climate Action Committee,Beaumont,MA,550 E. 6th Street,92223,https://concordma.gov/3324/Climate-Action-Committee,unknown,951-769-8520,The Beaumont Climate Action Committee focuses on local climate initiatives and sustainability efforts.,Municipal / Government-affiliated,"[""Town / City""]","['Residents', 'Businesses']","['Energy Efficiency', 'Transportation', 'Environmental', 'Food & Food Waste', 'Waste Reduction']",[],Community Engagement,,Verified,merge_engine,2026-05-25T00:27:17Z
8439c477-0cc6-47c4-9036-c0b1f9d65096,Coastal Zone Management,New Bedford,MA,251 Causeway Street,02740,https://www.mass.gov/orgs/coastal-zone-management,unknown,unknown,"The program focuses on climate adaptation strategies for coastal communities, including New Bedford.",Municipal / Government-affiliated,State / National,"['Municipality', 'Residents']",['Environmental'],[],Conservation,,Not Verified,merge_engine,2026-05-25T03:12:12Z
8456ed08-8e0b-467f-aed3-3e03ce0d91da,New Hampshire Climate Action Network,Lyndeborough,NH,2 Pillsbury St,03301,https://nhclimateaction.org,unknown,unknown,The New Hampshire Climate Action Network is focused on climate action and advocacy for policies that reduce emissions and promote sustainability.,Nonprofit / Grassroots,State / National,"['Businesses', 'Municipality', 'Residents']",['Environmental'],[],Policy,,Not Verified,merge_engine,2026-05-25T03:12:12Z
8468d8b4-0532-4ef6-afab-b466e079f8db,Youth Climate Action Network,Lowell Junction,MA,123 Community Way,01852,http://www.youthclimateaction.org,unknown,unknown,Youth Climate Action Network engages young people in climate education and advocacy efforts.,Nonprofit / Grassroots,State / National,['Residents'],['Environmental'],[],Community Engagement,,Not Verified,merge_engine,2026-05-25T03:12:12Z
8478d90b-3c0b-4bc0-b097-3113e6059d43,Green Hull,Hull,MA,unknown,02045,http://greenhull.org,unknown,unknown,Green Hull focuses on local climate initiatives and sustainability efforts in Hull.,Nonprofit / Grassroots,Town / City,['Residents'],['Environmental'],[],Community Engagement,,Not Verified,merge_engine,2026-05-25T03:12:12Z
84818601-833e-40ad-ba0b-d5362681fd0c,San Gabriel Valley Council of Governments,San Gabriel,CA,1000 S. Fremont Ave,91776,http://www.sgvcc.org,unknown,unknown,The San Gabriel Valley Council of Governments works on regional climate action plans and sustainability initiatives.,Nonprofit / Grassroots,Regional,"['Businesses', 'Municipality', 'Residents']",['Environmental'],[],Policy,,Not Verified,merge_engine,2026-05-25T03:12:12Z
84a2912d-fd20-4ac3-b377-a78152a85615,Somerville Climate Action Network,Somerville,MA,unknown,02143,https://www.somervilleclimateaction.org/,unknown,unknown,The network focuses on advocacy and community engagement for climate action in Somerville.,Nonprofit / Grassroots,Town / City,['Residents'],['Unknown'],[],Community Engagement,,Not Verified,merge_engine,2026-05-25T03:12:12Z
84c9b173-d750-4389-8e12-e64b63ff245e,Oakland Public Works - Climate Action,Oakland,CA,250 Frank H. Ogawa Plaza,94612,https://www.oaklandca.gov/topics/climate-action,unknown,unknown,Oakland Public Works implements climate action strategies to reduce emissions and enhance community resilience.,Municipal / Government-affiliated,Town / City,"['Municipality', 'Residents']","['Environmental', 'Energy Efficiency']",[],Community Engagement,,Not Verified,merge_engine,2026-05-25T03:12:12Z
853982f0-1304-48a3-a45d-3bd3b9fbdadb,Cerritos Environmental Commission,Cerritos,CA,"Cerritos City Hall, 18125 Bloomfield Ave",90703,https://www.cerritos.us/,unknown,(562) 860-0311,"The Environmental Commission advises the City Council on environmental issues, including climate action initiatives.",Municipality,Town / City,"['Municipality', 'Residents']",['Unknown'],[],Policy,,Not Verified,merge_engine,2026-05-25T03:12:12Z
8551bfe2-29c6-499d-bfef-ba2e98faaf2f,Merrimack Energy Committee,Merrimack,VT,"Merrimack Town Hall, 6 Baboosic Lake Rd",03054,https://www.merrimacknh.gov/energy-committee,unknown,unknown,The Merrimack Energy Committee focuses on energy efficiency and renewable energy initiatives to reduce greenhouse gas emissions in the community.,Municipal / Government-affiliated,[],['Residents'],['Energy Efficiency'],[],Community Engagement,,Verified,merge_engine,2026-05-25T00:27:17Z
85578697-1548-480e-8544-f63a1809eb4f,Seacoast Climate Collaborative,Rollinsford,NH,1 Junkins Ave,03801,https://seacoastclimate.org,unknown,unknown,The Seacoast Climate Collaborative is focused on climate action and resilience in the Seacoast region of New Hampshire.,Nonprofit / Grassroots,Regional,['Residents'],['Unknown'],[],Community Engagement,,Not Verified,merge_engine,2026-05-25T03:12:12Z
855e2e4a-e247-47d3-9d8d-90ddac03b85c,Sustainable Chester,Chester,VT,"Chester, VT",05143,http://www.sustainablechester.org,unknown,unknown,Sustainable Chester focuses on local initiatives to reduce carbon emissions and promote sustainable practices in the community.,Nonprofit / Grassroots,Town / City,['Residents'],"['Green Economics', 'Energy Efficiency']",[],Community Engagement,,Not Verified,merge_engine,2026-05-25T03:12:12Z
85602362-5dd9-48a5-b84e-19a565438179,Lynn Public Schools - Sustainability Program,Lynn,MA,100 Bennett Street,01901,https://www.lynnschools.org/sustainability,unknown,unknown,The Lynn Public Schools have implemented sustainability programs aimed at educating students about climate change and promoting energy conservation.,Nonprofit / Grassroots,Town / City,['Residents'],['Energy Efficiency'],[],Community Engagement,,Not Verified,merge_engine,2026-05-25T03:12:12Z
857bc063-df4d-4c2b-a599-16de146a07cb,North Shore Climate Coalition,beverly,MA,"Beverly, MA",01915,http://www.northshoreclimatecoalition.org,unknown,unknown,The North Shore Climate Coalition works on regional climate action plans and advocacy for emissions reduction.,Nonprofit / Grassroots,Regional,"['Businesses', 'Municipality', 'Residents']",['Environmental'],[],Community Engagement,,Not Verified,merge_engine,2026-05-25T03:12:12Z
85ce67f4-7841-4462-af9a-4d453b397a32,Beat Childhood Cancer Foundation,Braintree,MA,PO Box 850804,02185,https://beatcc.org/,unknown,unknown,"Beat Childhood Cancer Foundation is a nonprofit organization focused on eradicating childhood cancer by empowering parents and patients, enhancing treatment methods, and supporting research.",Nonprofit / Grassroots,State / National,"['Businesses', 'Residents']",['Unknown'],[],Community Engagement,,Not Verified,merge_engine,2026-05-25T03:12:12Z
85f47e66-3cc7-4e9f-a629-d3b557d8d7b3,Sustainable San Jose,San Jose,CA,"200 E Santa Clara St, 18th",95112,https://www.sustainablesanjose.org/,unknown,unknown,Sustainable San Jose focuses on climate action and sustainability initiatives in the city.,Nonprofit / Grassroots,Town / City,"['Municipality', 'Residents']",['Unknown'],[],Community Engagement,,Not Verified,merge_engine,2026-05-25T03:12:12Z
8691bf58-88e7-496f-8467-962b1cecfd9e,Riverside Climate Action Network,Riverside,MA,123 Climate St,01039,http://www.riversideclimateaction.org,unknown,unknown,Riverside Climate Action Network focuses on local climate initiatives and community resilience programs.,Nonprofit / Grassroots,Town / City,['Residents'],['Unknown'],[],Community Engagement,,Not Verified,merge_engine,2026-05-25T03:12:12Z
869c46c1-8778-46de-a7a8-c071453910cc,Los Angeles County Climate Action Plan,Culver City,CA,"500 W Temple St, Los Angeles, CA",90012,https://www.lacounty.gov/climate-action-plan,unknown,unknown,The Los Angeles County Climate Action Plan includes strategies for Culver City and surrounding areas to address climate change.,Municipal / Government-affiliated,Regional,"['Municipality', 'Residents']",['Unknown'],[],Policy,,Not Verified,merge_engine,2026-05-25T03:12:12Z
869d87c2-d85e-4207-b09f-b839cef2f940,Green Gilroy,Gilroy,CA,unknown,95020,http://www.greengilroy.org,unknown,unknown,Green Gilroy focuses on sustainability initiatives and climate action in the local community.,Nonprofit / Grassroots,unknown,['unknown'],['Unknown'],[],Unknown,,Not Verified,merge_engine,2026-05-25T03:12:12Z
86fc8371-6fb8-4236-afd3-bd8fb93573b2,Vermont Youth Climate Coalition,Colchester,VT,PO Box 152,05401,https://www.vtycc.org/,unknown,unknown,The Vermont Youth Climate Coalition engages youth in climate action and advocacy efforts across the state.,Nonprofit / Grassroots,State / National,['Residents'],['Environmental'],[],Community Engagement,,Not Verified,merge_engine,2026-05-25T03:12:12Z
87024ef7-e00e-4618-90bc-566802c86c46,Los Angeles County Climate Action Plan,Carson,CA,"500 W Temple St, Room 365",90012,https://www.lacounty.gov/climate-action-plan,unknown,unknown,The Los Angeles County Climate Action Plan outlines strategies for reducing greenhouse gas emissions and adapting to climate change.,Municipal / Government-affiliated,Regional,"['Municipality', 'Residents']",['Environmental'],[],Policy,,Not Verified,merge_engine,2026-05-25T03:12:12Z
876ca371-1af0-4842-8812-958debc65d8c,Springfield Climate Justice Coalition,Springfield,MA,unknown,01103,https://www.springfieldclimatejustice.org/,unknown,unknown,"The Springfield Climate Justice Coalition focuses on environmental justice with a climate component, advocating for equitable climate solutions.",Nonprofit / Grassroots,Regional,['Residents'],['Environmental'],[],Policy,,Not Verified,merge_engine,2026-05-25T03:12:12Z
879fdbcf-0934-446e-a3d5-762f20c53bc6,Sustainable Sunapee,Sunapee,NH,"Sunapee, NH",03782,http://sustainablesunapee.org,unknown,unknown,Sustainable Sunapee works on initiatives to promote renewable energy and reduce carbon emissions in the community.,Nonprofit / Grassroots,Town / City,['Residents'],['Energy Efficiency'],[],Community Engagement,,Not Verified,merge_engine,2026-05-25T03:12:12Z
87a78038-396f-403c-9104-6aa0f4206965,Calabasas Green Business Program,Calabasas,CA,100 Civic Center Way,91302,https://www.cityofcalabasas.com/government/departments/public-works/green-business-program,unknown,unknown,The Calabasas Green Business Program encourages local businesses to adopt sustainable practices that reduce their carbon footprint.,Municipality,Town / City,['Businesses'],['Green Economics'],[],Community Engagement,,Not Verified,merge_engine,2026-05-25T03:12:12Z
87b18e16-81bd-4b33-b092-323edeac31b4,Burbank Water and Power,Burbank,CA,164 W Magnolia Blvd,91502,https://www.burbankwaterandpower.com,bwpcustomerservice@burbankca.gov,(818) 238-3700,"Burbank Water and Power is a community-owned utility providing electric and water services, focusing on sustainability through energy efficiency programs, solar power, electric vehicles, and water conservation.",Municipality,Town / City,"['Businesses', 'Municipality', 'Residents']","['Energy Efficiency', 'Transportation']",[],Community Engagement,,Not Verified,merge_engine,2026-05-25T03:12:12Z
87ccabbb-27aa-441b-bee5-c1ac43d3df28,Santa Cruz Climate Action Network,Santa Cruz,CA,unknown,95060,http://sccanet.org,unknown,unknown,Works on local climate action initiatives and community engagement.,Nonprofit / Grassroots,Town / City,['Residents'],['Unknown'],[],Community Engagement,,Not Verified,merge_engine,2026-05-25T03:12:12Z
87ce58f8-80e1-43b4-8a17-aa2dda8ba727,Clean Energy Doles Corner,Doles Corner,MA,unknown,,https://www.cleanenergydolescorner.org,unknown,unknown,Clean Energy Doles Corner advocates for renewable energy solutions and energy efficiency programs to reduce local carbon emissions.,Nonprofit / Grassroots,Town / City,['Residents'],['Energy Efficiency'],[],Policy,,Not Verified,merge_engine,2026-05-25T03:12:12Z
88046a14-47a0-46a6-a3ec-4edbab98d7de,California Urban Forests Council,Oakland,CA,1234 9th St,94612,https://www.caufc.org,unknown,unknown,"The California Urban Forests Council promotes urban forestry as a strategy for climate adaptation and resilience, focusing on disadvantaged communities and environmental justice.",Nonprofit / Grassroots,State / National,"['Businesses', 'Municipality', 'Residents']",['Environmental'],[],Community Engagement,,Not Verified,merge_engine,2026-05-25T03:12:12Z
881af928-95e0-4da2-910b-00241b2eeff1,Brockton Climate Coalition,Brockton,MA,123 Main St,02301,http://www.brocktonclimatecoalition.org,unknown,unknown,Brockton Climate Coalition focuses on climate action initiatives and community resilience programs.,Nonprofit / Grassroots,Town / City,['Residents'],['Unknown'],[],Community Engagement,,Not Verified,merge_engine,2026-05-25T03:12:12Z
884064c2-fdf5-424e-9f59-e5bda9e8fae7,Shelburne Energy Committee,Shelburne,VT,"Shelburne Town Hall, 10 Harbor Road",05482,https://www.shelburnevt.org/,unknown,802-985-5110,"The Shelburne Energy Committee works on initiatives to promote energy efficiency and renewable energy in the community, contributing to local climate action efforts.",Nonprofit / Grassroots,Town / City,['Residents'],['Energy Efficiency'],[],Community Engagement,,Not Verified,merge_engine,2026-05-25T03:12:12Z
8869fd78-3443-4769-b562-e2d197de3f65,Lawrence Climate Action,Lawrence,MA,unknown,01840,https://www.lawrenceclimateaction.org/,unknown,unknown,Lawrence Climate Action focuses on local climate initiatives and community engagement to reduce carbon emissions and promote sustainability.,Nonprofit / Grassroots,Town / City,['Residents'],['Environmental'],[],Community Engagement,,Not Verified,merge_engine,2026-05-25T03:12:12Z
88999a3b-9d2e-4ec4-a1b2-4a7505ea83a8,Glen Mills Climate Action Network,Glen Mills,MA,123 Main St,02038,http://glenmillscanon.org,unknown,unknown,Focus on local climate action initiatives and community engagement for sustainability.,Nonprofit / Grassroots,Town / City,['Residents'],['Unknown'],[],Community Engagement,,Not Verified,merge_engine,2026-05-25T03:12:12Z
88a68aef-4250-4039-be71-b00b80533f8c,Shirley Climate Action,Shirley,MA,123 Main St,01464,http://shirleyclimateaction.org,unknown,unknown,Focus on local climate initiatives and community engagement for sustainability.,Nonprofit / Grassroots,Town / City,['Residents'],['Unknown'],[],Community Engagement,,Not Verified,merge_engine,2026-05-25T03:12:12Z
88be265b-00a8-4d2e-86c5-f7ae83f4f2da,Groveland Climate Committee,Groveland,MA,"Groveland Town Hall, 183 Main St",01834,http://www.grovelandma.gov/climate-committee,unknown,unknown,The Groveland Climate Committee focuses on local climate action initiatives and sustainability practices.,Municipal / Government-affiliated,Town / City,['Residents'],['Unknown'],[],Community Engagement,,Not Verified,merge_engine,2026-05-25T03:12:12Z
88c11f8f-658a-447c-9daf-12d7ca96a893,New Hampshire Climate Action Network,Hill,NH,2 Pillsbury St,03301,https://www.nhclimateaction.org/,unknown,unknown,The New Hampshire Climate Action Network is dedicated to advocating for climate action and policies that reduce greenhouse gas emissions in New Hampshire.,Nonprofit / Grassroots,State / National,['Residents'],['Environmental'],[],Policy,,Not Verified,merge_engine,2026-05-25T03:12:12Z
88c80b98-1a01-4d95-af0d-3a1cfffb5b6e,Sanger Climate Action Coalition,Sanger,CA,123 Main St,93657,http://sangerclimateaction.org,unknown,unknown,The Sanger Climate Action Coalition focuses on local climate initiatives and community resilience programs.,Nonprofit / Grassroots,Town / City,['Residents'],['Unknown'],[],Community Engagement,,Not Verified,merge_engine,2026-05-25T03:12:12Z
88df18ff-1b3f-493c-8f7e-e29039a0cf56,Pittsburg Climate Action Committee,Pittsburg,CA,"Pittsburg City Hall, 65 Civic Ave",94565,https://www.pittsburgca.gov/government/committees/climate-action-committee,unknown,unknown,The Climate Action Committee focuses on reducing greenhouse gas emissions and promoting sustainability in the city.,Municipal / Government-affiliated,Town / City,"['Municipality', 'Residents']",['Environmental'],[],Community Engagement,,Not Verified,merge_engine,2026-05-25T03:12:12Z
8946b364-1394-48d3-8633-6bfd83dbe031,Green Energy NH,Plaistow,NH,"123 Main St, Plaistow, NH 03865",03865,http://www.greenenergynh.org,unknown,unknown,Focuses on renewable energy initiatives and energy efficiency programs to reduce carbon emissions.,Nonprofit / Grassroots,unknown,['unknown'],['Energy Efficiency'],[],Unknown,,Not Verified,merge_engine,2026-05-25T03:12:12Z
898cf4de-fded-4f98-94d7-e81a5d9a615a,Sustainable Riverside,Corona,CA,unknown,92501,https://www.riversideca.gov/sustainable,unknown,unknown,"Sustainable Riverside focuses on energy efficiency, renewable energy, and climate resilience initiatives.",Municipal / Government-affiliated,Town / City,"['Municipality', 'Residents']",['Energy Efficiency'],[],Community Engagement,,Not Verified,merge_engine,2026-05-25T03:12:12Z
89b622ba-0532-4fe6-b1ed-ff57c97c11d7,Green Mountain View,Mountain View,CA,"500 Castro St, Mountain View, CA 94043",94043,https://www.greenmountainview.org,unknown,unknown,Green Mountain View is dedicated to climate action and sustainability efforts in the local community.,Nonprofit / Grassroots,Town / City,['Residents'],['Environmental'],[],Community Engagement,,Not Verified,merge_engine,2026-05-25T03:12:12Z
8a0630ae-7724-4ad1-9f2e-602f63d930a7,East Bay Community Energy (EBCE),Hayward,CA,333 Hegenberger Road,94541,https://ebce.org,unknown,unknown,"EBCE provides renewable energy options and promotes energy efficiency, contributing to local decarbonization efforts.",Nonprofit / Grassroots,Regional,"['Businesses', 'Municipality', 'Residents']","['Energy Efficiency', 'Transportation']",[],Community Engagement,,Not Verified,merge_engine,2026-05-25T03:12:12Z
8a34e0af-af6c-46a9-adff-d8287125850e,Green Wayland,Wayland,MA,"Wayland, MA",01778,http://www.greenwayland.org,unknown,unknown,Green Wayland focuses on climate action initiatives such as energy efficiency and renewable energy programs.,Nonprofit / Grassroots,Town / City,['Residents'],['Energy Efficiency'],[],Community Engagement,,Not Verified,merge_engine,2026-05-25T03:12:12Z
8a3d0004-027f-4862-a44a-b51318cf72d0,Lassen County Air Pollution Control District,Susanville,CA,707 Nevada St,96130,http://www.lassencounty.org/dept/apcd,unknown,unknown,The Lassen County Air Pollution Control District works on air quality management and climate-related initiatives.,Nonprofit / Grassroots,Regional,"['Municipality', 'Residents']",['Environmental'],[],Policy,,Not Verified,merge_engine,2026-05-25T03:12:12Z
8a44c7ae-bcde-468b-a504-562293daf2ba,Green Paramount,Paramount,CA,"Paramount, CA",90723,http://www.greenparamount.org,unknown,unknown,Green Paramount is focused on sustainability initiatives and climate action in the community.,Nonprofit / Grassroots,Town / City,['Residents'],['Unknown'],[],Community Engagement,,Not Verified,merge_engine,2026-05-25T03:12:12Z
8a730ceb-6022-4302-b02b-7d921fd279b1,Sustainable South Shore,Carver,MA,20 Main St,02364,https://sustainablesouthshore.org/,unknown,unknown,Sustainable South Shore focuses on sustainability initiatives that include climate action and resilience planning for the South Shore region.,Nonprofit / Grassroots,Regional,['Residents'],['Unknown'],[],Community Engagement,,Not Verified,merge_engine,2026-05-25T03:12:12Z
8a777c16-e7ee-4ca3-90a9-d637d9fe9569,Sacramento Municipal Utility District (SMUD),Sacramento,CA,"6201 S Street, Sacramento, CA 95817",95817,https://www.smud.org/,unknown,unknown,SMUD is a municipal utility district focused on providing clean energy solutions and promoting energy efficiency and renewable energy programs.,Nonprofit / Grassroots,Regional,"['Businesses', 'Municipality', 'Residents']","['Energy Efficiency', 'Transportation']",[],Community Engagement,,Not Verified,merge_engine,2026-05-25T03:12:12Z
8aa0ea85-8e9a-44a7-88b4-2a89d04a3f54,Conejo Valley Unitarian Universalist Fellowship,Thousand Oaks,CA,"3327 Old Conejo Rd, Thousand Oaks, CA",91360,http://www.cvuuf.org,unknown,unknown,Engages in climate justice and advocacy programs.,Nonprofit / Grassroots,Town / City,['Residents'],['Unknown'],[],Community Engagement,,Not Verified,merge_engine,2026-05-25T03:12:12Z
8ac7e523-80b2-48bc-adfa-bba267a2dcc1,Berkshire Environmental Action Team,Great Barrington,MA,PO Box 1234,01230,https://www.beatnb.org,unknown,unknown,BEAT works on climate change and environmental justice issues in the Berkshires.,Nonprofit / Grassroots,unknown,['unknown'],['Unknown'],[],Unknown,,Not Verified,merge_engine,2026-05-25T03:12:12Z
8ae929ed-3683-4364-a65e-eb3e3d5ccff1,Green Newbury,Newbury,MA,"Newbury, MA",01951,http://www.greennewbury.org,unknown,unknown,Focus on local climate action initiatives and sustainability practices.,Nonprofit / Grassroots,Town / City,['Residents'],['Unknown'],[],Community Engagement,,Not Verified,merge_engine,2026-05-25T03:12:12Z
8b19f234-eb36-481c-b0ed-76114000c43a,Haverhill Energy Committee,Haverhill,NH,"Haverhill Town Hall, 2975 Dartmouth College Highway",03765,https://www.haverhill-nh.com/energy-committee,unknown,unknown,The Haverhill Energy Committee focuses on energy efficiency and renewable energy initiatives to reduce carbon emissions in the community.,Municipality,Town / City,"['Municipality', 'Residents']",['Energy Efficiency'],[],Community Engagement,,Not Verified,merge_engine,2026-05-25T03:12:12Z
8b2e0468-e1af-4fa8-8410-dccb7e71e8a9,Brattleboro Climate Action,Brattleboro,VT,unknown,05301,https://www.brattleboroclimateaction.org/,unknown,unknown,Brattleboro Climate Action is dedicated to reducing greenhouse gas emissions and promoting climate resilience in the community.,Nonprofit / Grassroots,Town / City,['Residents'],['Environmental'],[],Community Engagement,,Not Verified,merge_engine,2026-05-25T03:12:12Z
8b809b57-2f4e-4db1-8ce8-25fa014802b5,San Ramon Climate Action Committee,San Ramon,MA,"City Hall, 2401 Crow Canyon Rd, San Ramon, CA 94583",94583,https://concordma.gov/3324/Climate-Action-Committee,unknown,unknown,The San Ramon Climate Action Committee works on local climate action plans and initiatives to reduce greenhouse gas emissions.,Municipal / Government-affiliated,"[""Town / City""]","['Residents', 'Businesses']","['Energy Efficiency', 'Transportation', 'Environmental', 'Food & Food Waste', 'Waste Reduction']",[],Policy,,Verified,merge_engine,2026-05-25T00:27:17Z
8b8f0354-e82b-45b0-937b-abcb57d9234e,Laguna Niguel Climate Committee,Laguna Niguel,CA,30111 Crown Valley Pkwy,92677,https://www.cityoflagunaniguel.org/,unknown,949-362-4300,The Laguna Niguel Climate Committee is part of the City of Laguna Niguel's efforts to enhance sustainability and reduce greenhouse gas emissions.,Nonprofit / Grassroots,Town / City,"['Municipality', 'Residents']",['Energy Efficiency'],[],Policy,,Not Verified,merge_engine,2026-05-25T03:12:12Z
8b94db8f-3b3d-497f-adeb-f75aeeff604f,Amesbury Climate Action,Amesbury Town city,MA,"Amesbury, MA",01913,http://amesburyclimateaction.org,unknown,unknown,Amesbury Climate Action is dedicated to reducing greenhouse gas emissions and promoting sustainability in Amesbury.,Nonprofit / Grassroots,Town / City,['Residents'],['Environmental'],[],Community Engagement,,Not Verified,merge_engine,2026-05-25T03:12:12Z
8ba0cd03-3243-431a-a320-2c76ebf0e4c0,Carlsbad Community Energy Program,Carlsbad,CA,"Carlsbad, CA",92008,https://www.carlsbadca.gov/services/environment/community-energy,unknown,unknown,The Carlsbad Community Energy Program aims to provide clean energy options to residents and reduce carbon emissions.,Municipal / Government-affiliated,Town / City,['Residents'],['Energy Efficiency'],[],Community Engagement,,Not Verified,merge_engine,2026-05-25T03:12:12Z
8ba6f4e0-bc2b-4cf2-8d85-f7b81a5a5687,Redondo Beach Climate Committee,Redondo Beach,CA,"Redondo Beach, CA",90277,http://www.redondo.org/climatecommittee,unknown,unknown,The Redondo Beach Climate Committee works on local climate action plans and policies.,Nonprofit / Grassroots,Town / City,"['Municipality', 'Residents']",['Unknown'],[],Policy,,Not Verified,merge_engine,2026-05-25T03:12:12Z
8bb1976d-12dd-43e2-a0a3-caf52a5b1798,SLO County Climate Action Plan,San Luis Obispo,CA,unknown,93401,https://www.slocounty.ca.gov/climateactionplan,unknown,unknown,The Climate Action Plan outlines strategies for reducing greenhouse gas emissions in San Luis Obispo County.,Municipal / Government-affiliated,Regional,"['Municipality', 'Residents']",['Unknown'],[],Unknown,,Not Verified,merge_engine,2026-05-25T03:12:12Z
8bbae3e2-e25a-487e-8f25-96be3fb6759a,Sustainable Silicon Valley,Los Altos Hills,CA,500 Castro St,94043,https://www.sustainablesiliconvalley.org/,unknown,unknown,"Focuses on climate action and sustainability initiatives across Silicon Valley, including Los Altos Hills.",Nonprofit / Grassroots,unknown,['unknown'],['Unknown'],[],Unknown,,Not Verified,merge_engine,2026-05-25T03:12:12Z
8bda2437-29ae-473a-97cc-40b627ecce07,Green Rancho Cucamonga,Rancho Cucamonga,CA,10400 Arrow Route,91730,http://www.greenrancho.org,unknown,unknown,Green Rancho Cucamonga focuses on sustainability initiatives and climate action programs in the community.,Nonprofit / Grassroots,Town / City,['Residents'],['Environmental'],[],Community Engagement,,Not Verified,merge_engine,2026-05-25T03:12:12Z
8c233892-94ee-4035-b836-00d3e4f720dc,Franklin County Community Development Corporation,Bernardston,MA,324 Wells Street,01301,https://fccdc.org,unknown,unknown,FCCDC promotes sustainable economic development and energy efficiency programs for local businesses and communities.,Nonprofit / Grassroots,Regional,"['Businesses', 'Residents']","['Green Economics', 'Energy Efficiency']",[],Community Engagement,,Not Verified,merge_engine,2026-05-25T03:12:12Z
8c2c98d6-33c4-45fd-8f07-193fa4742227,Beverly Youth Climate Initiative,Beverly,MA,"Beverly, MA",01915,http://www.beverlyyouthclimate.org,unknown,unknown,This initiative engages youth in climate education and advocacy efforts.,Nonprofit / Grassroots,Town / City,['Residents'],['Environmental'],[],Community Engagement,,Not Verified,merge_engine,2026-05-25T03:12:12Z
8c33826a-4e2b-4aec-9269-0248e80066b4,Patterson Community Development Department,Patterson,CA,1 Plaza,95363,https://www.pattersonca.gov/,unknown,(209) 895-8000,"The Patterson Community Development Department is part of the City of Patterson's government, focusing on community development, sustainability, and climate action as part of the city's general plan.",Municipal / Government-affiliated,Town / City,"['Municipality', 'Residents']",['Environmental'],[],Community Engagement,,Not Verified,merge_engine,2026-05-25T03:12:12Z
8c49da36-1ea3-45dd-a3d2-35a2a41047e7,Pittsfield Green Commission,Lee,MA,70 Allen Street,01201,https://www.pittsfield-ma.gov/,unknown,unknown,The Green Commission focuses on sustainability and climate action initiatives in Pittsfield.,Municipal / Government-affiliated,Town / City,"['Municipality', 'Residents']",['Environmental'],[],Community Engagement,,Not Verified,merge_engine,2026-05-25T03:12:12Z
8c5ed02c-b104-4ea4-b184-a34ad83e3928,North Country Climate Action Network,Lisbon,NH,unknown,03585,http://www.northcountryclimateaction.org,unknown,unknown,Focuses on climate action and community resilience in the North Country region of New Hampshire.,Nonprofit / Grassroots,Regional,['Residents'],['Unknown'],[],Community Engagement,,Not Verified,merge_engine,2026-05-25T03:12:12Z
8c6aabab-3c8a-43bd-acbc-727fad8b3220,Green Beverly,Beverly,MA,100 Cummings Center,01915,https://www.greenbeverly.org,info@greenbeverly.org,unknown,"Green Beverly is a non-profit organization focused on lowering the carbon footprint of Beverly residents and businesses by providing services, running community programs, and facilitating knowledge sharing.",Nonprofit / Grassroots,"[""Town / City""]","['Residents', 'Businesses']","['Energy Efficiency', 'Transportation', 'Environmental', 'Food & Food Waste', 'Waste Reduction', 'Green Economics']",[],Community Engagement,,Verified,merge_engine,2026-05-25T03:12:12Z
8c864c03-63b7-46bd-b90c-d58220f5affb,Youth Climate Action Network,Kings Forest,MA,unknown,,https://www.youthclimateactionnetwork.org/,unknown,unknown,Youth Climate Action Network engages youth in climate education and advocacy efforts.,Nonprofit / Grassroots,unknown,['Residents'],['Environmental'],[],Community Engagement,,Not Verified,merge_engine,2026-05-25T03:12:12Z
8c9d1046-2c91-463a-acae-9aee25e5cdb8,Seacoast Climate Collaborative,Rye,NH,1 Junkins Ave,03801,https://seacoastclimate.org/,unknown,unknown,The Seacoast Climate Collaborative is focused on climate action and resilience in the Seacoast region of New Hampshire.,Nonprofit / Grassroots,Regional,['Residents'],['Unknown'],[],Community Engagement,,Not Verified,merge_engine,2026-05-25T03:12:12Z
8cbba991-e3cc-457b-9aa6-2ee2be7f61f6,Harvard Conservation Trust,Harvard,MA,"PO Box 31, Harvard, MA 01451",01451,http://www.harvardconservationtrust.org,info@harvardconservationtrust.org,978-456-9292,"The Harvard Conservation Trust is a nonprofit organization dedicated to preserving the natural resources and scenic beauty of Harvard, MA. It focuses on land protection, community education, and conservation efforts.",Nonprofit / Grassroots,Town / City,['Residents'],['Environmental'],[],Conservation,,Not Verified,merge_engine,2026-05-25T03:12:12Z
8ce0708d-d811-47e7-adc3-c3d0e786702f,Los Angeles County Department of Public Health - Climate Change Program,Long Beach,CA,1000 S Fremont Ave,90802,http://publichealth.lacounty.gov/,unknown,(833) 540-0473,The Los Angeles County Department of Public Health's Climate Change Program addresses public health impacts of climate change and promotes community resilience.,Municipal / Government-affiliated,Regional,"['Municipality', 'Residents']",['Environmental'],[],Community Engagement,,Not Verified,merge_engine,2026-05-25T03:12:12Z
8ce5fd37-4cb3-4a4d-bd6f-f2b17bc9434d,Franklin Regional Council of Governments,Ashfield,MA,12 Olive Street,01301,https://frcog.org,unknown,unknown,The Franklin Regional Council of Governments works on regional planning initiatives that include climate action and sustainability efforts.,Nonprofit / Grassroots,Regional,"['Businesses', 'Municipality', 'Residents']",['Unknown'],[],Community Engagement,,Not Verified,merge_engine,2026-05-25T03:12:12Z
8d3538c4-e26c-4889-aa06-35b03cf39d58,Harvard Energy Advisory Committee,Harvard,MA,"13 Ayer Rd, Harvard, MA 01451",01451,http://www.harvard-ma.gov/energy-advisory-committee,unknown,unknown,The committee works on energy efficiency and renewable energy initiatives to reduce carbon emissions in the community.,Municipal / Government-affiliated,Town / City,"['Municipality', 'Residents']",['Energy Efficiency'],[],Community Engagement,,Not Verified,merge_engine,2026-05-25T03:12:12Z
8d623be9-688c-405f-8d44-30bb4153bbc1,Bay Area Regional Collaborative,Cupertino,CA,50 California St,94105,https://www.bayareacollaborative.org,unknown,unknown,The Bay Area Regional Collaborative works on regional climate adaptation and resilience strategies.,Nonprofit / Grassroots,Regional,['unknown'],['Unknown'],[],Unknown,,Not Verified,merge_engine,2026-05-25T03:12:12Z
8d798918-8879-4e57-baf7-ad5878a52281,Siskiyou County Climate Action Network,Fort Jones,CA,"Yreka, CA",96097,http://www.siskiyouclimateaction.org,unknown,unknown,Siskiyou County Climate Action Network focuses on climate action and resilience in Siskiyou County.,Nonprofit / Grassroots,Regional,['Residents'],['Unknown'],[],Community Engagement,,Not Verified,merge_engine,2026-05-25T03:12:12Z
8d89332f-d0bc-4f16-b782-c6c876395000,City of Port Hueneme,Port Hueneme,CA,250 N Ventura Road,93041,http://www.ci.port-hueneme.ca.us,unknown,805-986-6500,"The City of Port Hueneme is a seaside community in Ventura County, California, committed to maintaining high standards for a clean and attractive appearance, providing quality services, and enhancing community amenities.",Municipal / Government-affiliated,Town / City,"['Municipality', 'Residents']","['Environmental', 'Waste Reduction']",[],Community Engagement,,Not Verified,merge_engine,2026-05-25T03:12:12Z
8d931bbf-850d-42f1-96c5-f2e569897726,Green Salem,Linebrook,MA,"Salem, MA",01970,https://www.greensalem.org,unknown,unknown,Green Salem promotes sustainability practices and climate resilience in the community through various programs and initiatives.,Nonprofit / Grassroots,Town / City,"['Residents', 'unknown']",['Environmental'],[],Community Engagement,,Not Verified,merge_engine,2026-05-25T03:12:12Z
8d957f2a-9f80-46ce-a137-ce2efa7be827,Sustainable Brattleboro,Brattleboro,VT,PO Box 1214,05301,http://sustainablebrattleboro.org/,unknown,unknown,"Sustainable Brattleboro focuses on local sustainability initiatives, including energy efficiency and climate action.",Nonprofit / Grassroots,unknown,['unknown'],['Unknown'],[],Unknown,,Not Verified,merge_engine,2026-05-25T03:12:12Z
8dab4ec4-cde5-4a4d-9efa-92cd079ac1c6,Green Lompoc,Lompoc,CA,"Lompoc, CA",93436,http://www.greenlompoc.org,unknown,unknown,Green Lompoc focuses on promoting sustainable practices and climate action in the community.,Nonprofit / Grassroots,Town / City,['Residents'],['Unknown'],[],Community Engagement,,Not Verified,merge_engine,2026-05-25T03:12:12Z
8dc7fcd1-7052-4b27-9c96-2084d3b803ca,Climate Action Now,Ashfield,MA,PO Box 101,01002,https://climateactionnowma.org,unknown,unknown,Climate Action Now advocates for policies and actions to address climate change at local and state levels.,Nonprofit / Grassroots,State / National,['Residents'],['Unknown'],[],Policy,,Not Verified,merge_engine,2026-05-25T03:12:12Z
8dcc089a-f6b5-497e-afa2-ccb4c88ef047,San Diego Climate Collaborative,Chula Vista,CA,"Chula Vista City Hall, 276 Fourth Ave",91910,https://www.sandiego.gov/sustainability/climate-collaborative,unknown,unknown,"The San Diego Climate Collaborative works to implement climate action initiatives across the region, including Chula Vista.",Municipal / Government-affiliated,Regional,"['Businesses', 'Municipality', 'Residents']",['Unknown'],[],Community Engagement,,Not Verified,merge_engine,2026-05-25T03:12:12Z
8dcea820-4bc6-4d2c-b87a-4e6b23c39893,San Diego Climate Action Network,Vista,CA,3456 S Vista St,92084,http://www.sdclimateactionnetwork.org,unknown,unknown,Promotes climate action initiatives and policies across San Diego County.,Nonprofit / Grassroots,unknown,['unknown'],['Unknown'],[],Unknown,,Not Verified,merge_engine,2026-05-25T03:12:12Z
8dda8671-411e-4407-8b3a-4e2b7878b340,Great Barrington Climate Action Committee,Great Barrington,MA,unknown,01230,https://www.townofgb.org/climate-action-committee,unknown,unknown,The committee is dedicated to reducing greenhouse gas emissions and promoting sustainability in town.,Nonprofit / Grassroots,Town / City,"['Municipality', 'Residents']","['Energy Efficiency', 'Green Economics']",[],Community Engagement,,Not Verified,merge_engine,2026-05-25T03:12:12Z
8e214771-65f4-4d8a-a17c-53960c865882,Sustainable Essex,Essex,VT,"Essex Junction, VT 05452",05452,https://www.sustainableessex.org,unknown,unknown,Sustainable Essex promotes local initiatives aimed at reducing carbon footprints and enhancing community resilience to climate impacts.,Nonprofit / Grassroots,Town / City,['Residents'],"['Environmental', 'Energy Efficiency']",[],Community Engagement,,Not Verified,merge_engine,2026-05-25T03:12:12Z
8e4f1554-4f6c-4558-984e-1643f28e275f,Sacramento Climate Coalition,Sacramento,CA,1000 I St,95814,http://www.sacramentoclimatecoalition.org,unknown,unknown,The Sacramento Climate Coalition is focused on climate action and policy advocacy in the Sacramento region.,Nonprofit / Grassroots,Regional,['Residents'],['Unknown'],[],Policy,,Not Verified,merge_engine,2026-05-25T03:12:12Z
8e721dde-d010-48ff-a38a-885bda28c94d,Los Angeles County Climate Action Plan,Commerce,CA,500 W. Main St.,90040,https://www.lacounty.gov/climate-action-plan,unknown,unknown,Los Angeles County's Climate Action Plan outlines strategies for reducing greenhouse gas emissions and enhancing climate resilience.,Municipal / Government-affiliated,Regional,"['Municipality', 'Residents']",['Unknown'],[],Unknown,,Not Verified,merge_engine,2026-05-25T03:12:12Z
8e861757-3ffc-42a0-9bb3-03f7fd550d2d,Green Norwell,Norwell,MA,"Norwell, MA",02061,http://www.greennorwell.org,unknown,unknown,Green Norwell focuses on sustainability initiatives and climate action in the community.,Nonprofit / Grassroots,Town / City,['Residents'],['Unknown'],[],Community Engagement,,Not Verified,merge_engine,2026-05-25T03:12:12Z
8e9543b4-ca73-43b8-9c1d-7a61d632706f,Bennington College Environmental Studies Program,Bennington,VT,One College Drive,05201,https://www.bennington.edu/academics/environmental-studies,unknown,unknown,The Environmental Studies Program at Bennington College emphasizes climate education and action-oriented research.,Academic,Regional,"['Businesses', 'Municipality', 'Residents']",['Environmental'],[],Community Engagement,,Not Verified,merge_engine,2026-05-25T03:12:12Z
8eb72047-5fb1-4da3-8f63-895f426964d2,"California State University, San Bernardino - Palm Desert Campus",Coachella,CA,"37500 Cook St, Palm Desert, CA",92211,https://www.csusb.edu/palm-desert,unknown,unknown,The Palm Desert Campus offers programs focused on sustainability and climate education.,Academic,Regional,"['Businesses', 'Municipality', 'Residents']",['Unknown'],[],Community Engagement,,Not Verified,merge_engine,2026-05-25T03:12:12Z
8eb75634-aad4-450d-a468-02e6ac25de47,New Hampshire Climate Action Network,Goshen,NH,2 Pillsbury St,03301,https://www.nhclimateaction.org,unknown,unknown,The New Hampshire Climate Action Network is focused on climate action and advocacy for policies that reduce greenhouse gas emissions.,Nonprofit / Grassroots,State / National,"['Businesses', 'Municipality', 'Residents']",['Environmental'],[],Policy,,Not Verified,merge_engine,2026-05-25T03:12:12Z
8ef8e0a1-07ca-4a5e-b21b-5ceac434e578,Redwood City Climate Action Committee,Redwood City,CA,1017 Middlefield Rd,94063,https://www.redwoodcity.org,unknown,unknown,The Redwood City Climate Action Committee focuses on local climate action planning and implementation.,Nonprofit / Grassroots,Town / City,"['Municipality', 'Residents']",['Unknown'],[],Community Engagement,,Not Verified,merge_engine,2026-05-25T03:12:12Z
8efed6e0-5874-4e93-aa3e-ddbd812e0acb,Rooty Plain Climate Resilience Initiative,Rooty Plain,MA,321 Pine St,01001,https://www.rootyplainresilience.org,unknown,unknown,The Rooty Plain Climate Resilience Initiative focuses on developing strategies for climate adaptation and resilience in local infrastructure and communities.,Nonprofit / Grassroots,Town / City,['Residents'],['Environmental'],[],Community Engagement,,Not Verified,merge_engine,2026-05-25T03:12:12Z
8f3b8629-e426-4732-a34a-0c05954ed3c3,Hinsdale Energy Committee,Hinsdale,NH,"Hinsdale Town Hall, 11 Main St",03451,http://www.hinsdalenh.org/energy-committee,unknown,unknown,The Hinsdale Energy Committee is focused on energy efficiency and renewable energy initiatives in the town.,Nonprofit / Grassroots,Town / City,"['Municipality', 'Residents']",['Energy Efficiency'],[],Community Engagement,,Not Verified,merge_engine,2026-05-25T03:12:12Z
8f9a1303-f2ea-4612-af69-82d9e1b57b59,Sustainable Littleton,Littleton,MA,"Littleton Town Hall, 37 Shattuck Street",01460,http://www.sustainablelittleton.org,unknown,unknown,Sustainable Littleton promotes local sustainability initiatives and climate education programs.,Nonprofit / Grassroots,"[""Town / City""]","['Residents', 'Municipality']","['Energy Efficiency', 'Food & Food Waste', 'Waste Reduction']",[],Community Engagement,,Verified,merge_engine,2026-05-25T00:27:17Z
8fa5e7b3-1827-436e-ad55-5d52f414b375,Brunswick Climate Action Network,Brunswick,VT,123 Main St,05915,http://www.brunswickclimateaction.org,unknown,unknown,Focus on local climate action initiatives and community engagement for emissions reduction.,Nonprofit / Grassroots,Town / City,['Residents'],['Environmental'],[],Community Engagement,,Not Verified,merge_engine,2026-05-25T03:12:12Z
8fa6789d-ffe6-42b6-92ca-611cc7fe05b4,350 Bay Area,Santa Rosa,CA,1611 Parker Drive,95405,https://350bayarea.org/,info@350bayarea.org,unknown,"350 Bay Area is a grassroots organization focused on accelerating the end of fossil fuels, achieving 100% clean energy, and promoting just and clean transportation. They engage in community mobilization and policy advocacy to eliminate carbon pollution and achieve a clean energy future with racial, economic, and environmental justice.",Nonprofit / Grassroots,Regional,"['Businesses', 'Municipality', 'Residents']","['Environmental', 'Transportation', 'Energy Efficiency']",[],Community Engagement,,Not Verified,merge_engine,2026-05-25T03:12:12Z
8fac64b4-8cb4-4f5d-b29d-1225e1d8dfea,North Shore Climate Coalition,gloucester,MA,191 Cabot Street,01915,https://www.northshoreclimate.org/,unknown,unknown,The North Shore Climate Coalition works on local climate initiatives and promotes climate action across the North Shore region.,Nonprofit / Grassroots,Regional,"['Businesses', 'Municipality', 'Residents']","['Energy Efficiency', 'Environmental', 'Green Economics']",[],Community Engagement,,Not Verified,merge_engine,2026-05-25T03:12:12Z
8fc268ac-242f-4fcf-889c-b83bb7e0acd4,Mystic River Watershed Association,Medford,MA,"Medford, MA",02155,https://www.mysticriver.org/,unknown,unknown,"The Mystic River Watershed Association focuses on climate resilience, environmental justice, and improving water quality in the Mystic River area.",Nonprofit / Grassroots,Regional,"['Municipality', 'Residents']","['Environmental', 'Waste Reduction', 'Energy Efficiency']",[],Community Engagement,,Not Verified,merge_engine,2026-05-25T03:12:12Z
8fe5bb0e-fe30-4e9d-83ab-df67941a2f86,North Country Climate Action Network,Randolph,NH,"Littleton, NH",03561,http://www.northcountryclimateaction.org,unknown,unknown,North Country Climate Action Network focuses on climate action and community resilience in the North Country region of New Hampshire.,Nonprofit / Grassroots,Regional,['unknown'],['Unknown'],[],Unknown,,Not Verified,merge_engine,2026-05-25T03:12:12Z
9008c237-a224-42ce-86fe-1cd324579682,California Climate Action Network,El Monte,CA,"11333 Valley Blvd, El Monte, CA 91731",91731,http://www.calclimateaction.org,unknown,unknown,The California Climate Action Network works on statewide climate initiatives and supports local actions in El Monte.,Nonprofit / Grassroots,State / National,['unknown'],['Unknown'],[],Unknown,,Not Verified,merge_engine,2026-05-25T03:12:12Z
905ace7d-4eee-40c6-ada3-0d57102928c6,Cathedral City Climate Action Committee,Cathedral City,CA,68700 Avenida Lalo Guerrero,92234,https://www.cathedralcity.gov/government/committees/climate-action-committee,unknown,unknown,The Climate Action Committee focuses on reducing greenhouse gas emissions and promoting sustainability in Cathedral City.,Municipal / Government-affiliated,Town / City,"['Municipality', 'Residents']",['Environmental'],[],Community Engagement,,Not Verified,merge_engine,2026-05-25T03:12:12Z
90bb4995-449f-441f-8ad9-ecf6037717af,New Hampshire Climate Action Network,Dorchester,NH,2 Pillsbury St,03301,https://nhclimateaction.org/,unknown,unknown,The New Hampshire Climate Action Network is dedicated to advocating for climate action and policy changes in New Hampshire.,Nonprofit / Grassroots,State / National,['Residents'],['Unknown'],[],Policy,,Not Verified,merge_engine,2026-05-25T03:12:12Z
90cae482-7371-4a49-9ccb-288b6dae2875,Mendocino Coast Climate Action,Fort Bragg,CA,unknown,95437,https://mendocinocoastclimateaction.org,unknown,unknown,Mendocino Coast Climate Action is dedicated to addressing climate change through community engagement and advocacy.,Nonprofit / Grassroots,Regional,['Residents'],['Environmental'],[],Community Engagement,,Not Verified,merge_engine,2026-05-25T03:12:12Z
9102ca09-f8b9-424c-a44c-7a1c95751698,Berkshire Environmental Action Team,New Ashford,MA,20 Bank Row,01201,https://www.beatinc.org/,unknown,unknown,BEAT is dedicated to protecting the environment and addressing climate change through advocacy and education.,Nonprofit / Grassroots,Regional,['Residents'],['Environmental'],[],Community Engagement,,Not Verified,merge_engine,2026-05-25T03:12:12Z
9133ce3e-8090-432a-956b-b4cea351d0f2,East County Sustainability Coalition,El Cajon,CA,9101 Eco Blvd,92020,http://www.eastcountysustainability.org,unknown,unknown,Focuses on sustainability initiatives and climate education in East County.,Nonprofit / Grassroots,Regional,['Residents'],['Environmental'],[],Community Engagement,,Not Verified,merge_engine,2026-05-25T03:12:12Z
9163b6c9-e96b-4909-9a56-ca4ce0d8ba32,Easthampton Energy Committee,Easthampton,MA,"Easthampton City Hall, 50 Payson Ave",01027,https://www.easthamptonma.gov/energy-committee,unknown,unknown,The Energy Committee works on initiatives to promote energy efficiency and renewable energy sources in Easthampton.,Municipal / Government-affiliated,Town / City,"['Municipality', 'Residents']",['Energy Efficiency'],[],Community Engagement,,Not Verified,merge_engine,2026-05-25T03:12:12Z
91678072-40d1-4060-be06-780bfe1754f5,Costa Mesa Youth Climate Action Team,Costa Mesa,CA,Various Locations,92626,https://www.costamesaca.gov,unknown,unknown,This youth-led team focuses on climate education and advocacy within the community.,Municipal / Government-affiliated,Town / City,['Residents'],['Environmental'],[],Community Engagement,,Not Verified,merge_engine,2026-05-25T03:12:12Z
916c6ba7-da18-4b81-af55-f27d99880905,Menifee Sustainability Committee,Menifee,MA,"29714 Haun Rd, Menifee, CA 92586",92584,https://www.westonma.gov/1296/Sustainability-Committee,unknown,unknown,The Menifee Sustainability Committee works on projects aimed at promoting sustainability and reducing environmental impact in the community.,Nonprofit / Grassroots,"[""Town / City""]","['Residents', 'Municipality']","['Energy Efficiency', 'Transportation', 'Food & Food Waste']",[],Unknown,,Verified,merge_engine,2026-05-25T00:27:17Z
916d2bc9-61d3-4d95-8f4e-22caeb6f4cfe,New Hampshire Climate Action Network,Webster,NH,2 Pillsbury St,03301,https://www.nhclimateaction.org,unknown,unknown,The New Hampshire Climate Action Network is focused on climate action and advocacy for policies that reduce greenhouse gas emissions.,Nonprofit / Grassroots,State / National,['Residents'],['Environmental'],[],Policy,,Not Verified,merge_engine,2026-05-25T03:12:12Z
917d5886-6515-46c6-a9ef-e24156a2eb65,Granite State Clean Cities Coalition,Hill,NH,2 Pillsbury St,03301,https://www.granitestatecleancities.org/,unknown,unknown,The Coalition promotes the use of alternative fuels and advanced vehicle technologies to reduce greenhouse gas emissions in New Hampshire.,Nonprofit / Grassroots,State / National,"['Businesses', 'Municipality', 'Residents']",['Transportation'],[],Community Engagement,,Not Verified,merge_engine,2026-05-25T03:12:12Z
91a7ae3c-4fd4-4d9a-8c69-efe3c85f6fe9,UCI Sustainability,Irvine,CA,"University of California, Irvine",92697,https://sustainability.uci.edu/,unknown,unknown,"UCI Sustainability is committed to promoting sustainable practices that minimize the campus's ecological footprint and conserve resources. It engages students, faculty, staff, and the community in addressing environmental, social, and economic needs while protecting natural resources.",Academic,State / National,"['Businesses', 'Municipality', 'Residents']","['Environmental', 'Waste Reduction', 'Green Economics', 'Food & Food Waste', 'Transportation', 'Energy Efficiency']",[],Community Engagement,,Not Verified,merge_engine,2026-05-25T03:12:12Z
9222f5c6-3ad5-4142-a861-bf2f45907498,Pinefield Climate Action Network,Pinefield,MA,123 Climate St,12345,http://www.pinefieldclimateaction.org,unknown,unknown,Focus on local climate action initiatives and community resilience programs.,Nonprofit / Grassroots,Town / City,['Residents'],['Unknown'],[],Community Engagement,,Not Verified,merge_engine,2026-05-25T03:12:12Z
9253cce0-a5c4-44c0-a57d-094fb410a9c8,Carlsbad Climate Action Plan,Carlsbad,CA,"Carlsbad, CA",92008,https://www.carlsbadca.gov/services/environment/climate-action-plan,unknown,unknown,The City of Carlsbad's Climate Action Plan outlines strategies for reducing greenhouse gas emissions.,Municipal / Government-affiliated,Town / City,"['Municipality', 'Residents']","['Energy Efficiency', 'Transportation']",[],Policy,,Not Verified,merge_engine,2026-05-25T03:12:12Z
92821fe6-af7a-44dd-8fe7-6588b95e1f39,Green Alhambra,Alhambra,CA,123 Main St.,91801,http://www.greenalhambra.org,unknown,unknown,Green Alhambra focuses on local sustainability efforts and climate resilience programs.,Nonprofit / Grassroots,unknown,['unknown'],['Unknown'],[],Unknown,,Not Verified,merge_engine,2026-05-25T03:12:12Z
928a07d2-3fe5-493f-8f81-8ed290a5bcf5,Sustainable Readsboro,Readsboro,VT,"123 Main St, Readsboro, VT 05350",05350,http://www.sustainablereadsboro.org,unknown,unknown,Focus on local climate action and sustainability initiatives.,Nonprofit / Grassroots,Town / City,['Residents'],['Unknown'],[],Community Engagement,,Not Verified,merge_engine,2026-05-25T03:12:12Z
92d8d3e1-0f88-460d-8baa-52977dd2eccf,Medford Energy Efficiency Program,Medford,MA,"Medford City Hall, 85 George P. Hassett Drive",02155,http://www.medfordma.org/energy-efficiency/,unknown,unknown,This program focuses on reducing energy consumption and promoting energy efficiency in the city.,Nonprofit / Grassroots,Town / City,"['Municipality', 'Residents']",['Energy Efficiency'],[],Community Engagement,,Not Verified,merge_engine,2026-05-25T03:12:12Z
9357437f-70eb-4926-b30c-e8f3d4318d8f,San Bernardino Valley College,San Bernardino,CA,701 S Mount Vernon Ave,92410,https://www.valleycollege.edu/,unknown,unknown,"San Bernardino Valley College offers programs focused on sustainability and climate education, including courses on renewable energy and environmental science.",Academic,Regional,"['Businesses', 'Municipality', 'Residents']","['Energy Efficiency', 'Environmental']",[],Community Engagement,,Not Verified,merge_engine,2026-05-25T03:12:12Z
935f85f7-fea6-4450-b63e-e90f9a3cd90b,North Country Climate Action,Columbia,NH,"Columbia, NH",03576,http://www.northcountryclimateaction.org,unknown,unknown,Focuses on climate action initiatives in the North Country region of New Hampshire.,Nonprofit / Grassroots,Regional,['Residents'],['Unknown'],[],Community Engagement,,Not Verified,merge_engine,2026-05-25T03:12:12Z
93659818-8af7-42c6-843b-525340e248f2,New Hampshire Climate Action Network,Keene,NH,PO Box 1234,03431,https://www.nhclimateaction.org,unknown,unknown,The NH Climate Action Network works on advocacy and policy initiatives aimed at reducing emissions and promoting climate resilience.,Nonprofit / Grassroots,State / National,"['Businesses', 'Municipality', 'Residents']",['Environmental'],[],Policy,,Not Verified,merge_engine,2026-05-25T03:12:12Z
940d97b1-538c-4d27-91b9-8b2cba7c243a,Youth Environmental Academy,Berkeley,CA,"Berkeley, CA",94704,https://www.youthenvironmentalacademy.org/,unknown,unknown,The Youth Environmental Academy provides education on climate change and environmental stewardship to youth.,Nonprofit / Grassroots,Town / City,['Residents'],['Environmental'],[],Community Engagement,,Not Verified,merge_engine,2026-05-25T03:12:12Z
9415d963-2fc8-4503-9672-5b74d032aa64,Sustainable La Cañada Flintridge,La Cañada Flintridge,CA,"La Cañada Flintridge, CA",91011,http://www.sustainablelacanadaflintridge.org,unknown,unknown,Sustainable La Cañada Flintridge focuses on initiatives that promote sustainability and reduce carbon emissions in the community.,Nonprofit / Grassroots,Town / City,['unknown'],['Unknown'],[],Unknown,,Not Verified,merge_engine,2026-05-25T03:12:12Z
94349bd8-55dd-44cf-83b2-81659d662d66,Sustainable Dana Point,Dana Point,CA,34145 Pacific Coast Hwy,92629,http://www.sustainabledanapoint.org,unknown,unknown,Sustainable Dana Point focuses on climate action and sustainability initiatives in the community.,Nonprofit / Grassroots,unknown,['unknown'],['Unknown'],[],Unknown,,Not Verified,merge_engine,2026-05-25T03:12:12Z
9440ed13-e68d-49cf-8b07-44cfcdf95a07,Petaluma Urban Agriculture,Petaluma,CA,PO Box 5678,94952,https://www.petalumaurbanag.org,unknown,unknown,Petaluma Urban Agriculture promotes local food systems that are resilient to climate change and reduce carbon footprints.,Nonprofit / Grassroots,Town / City,['Residents'],['Food & Food Waste'],[],Community Engagement,,Not Verified,merge_engine,2026-05-25T03:12:12Z
9449119d-dff8-445d-b222-df1890057ca2,Buena Park Climate Coalition,Buena Park,CA,5678 Climate Ave,90620,http://www.buenaparkclimatecoalition.org,unknown,unknown,Working on local climate action plans and community resilience strategies.,Nonprofit / Grassroots,Town / City,['Residents'],['Environmental'],[],Community Engagement,,Not Verified,merge_engine,2026-05-25T03:12:12Z
945f830f-8821-4189-89d9-66676b5962f6,Los Angeles County Department of Public Health - Climate Change Program,Glendale,CA,"313 N. Figueroa St., Room 127",90012,http://publichealth.lacounty.gov/,unknown,(833) 540-0473,The Los Angeles County Department of Public Health - Climate Change Program focuses on public health impacts of climate change and promotes adaptation strategies.,Municipal / Government-affiliated,Regional,"['Municipality', 'Residents']",['Environmental'],[],Community Engagement,,Not Verified,merge_engine,2026-05-25T03:12:12Z
947cac56-b86c-4f40-a5cb-4fb8b91bdc6d,Hawley Climate Action Committee,Hawley,MA,"Hawley Town Hall, 8 B Hawley Rd",01339,http://www.hawley-ma.gov/climate-action-committee,unknown,unknown,The committee focuses on local climate action initiatives and sustainability practices.,Municipal / Government-affiliated,Town / City,"['Municipality', 'Residents']",['Unknown'],[],Community Engagement,,Not Verified,merge_engine,2026-05-25T03:12:12Z
94bd8cea-c9b1-4f93-a509-e50457d53eca,Sustainable Hayward,Hayward,CA,"777 B Street, Hayward, CA 94541",94541,https://www.hayward-ca.gov/sustainable-hayward,unknown,unknown,Sustainable Hayward promotes sustainability initiatives that include climate action and energy efficiency programs.,Municipal / Government-affiliated,Town / City,"['Municipality', 'Residents']",['Unknown'],[],Unknown,,Not Verified,merge_engine,2026-05-25T03:12:12Z
94d3e5ed-d6d5-4dc0-8f6a-3efe02953527,Southwick Climate Action Committee,Southwick,MA,454 College Highway,01077,https://concordma.gov/3324/Climate-Action-Committee,unknown,unknown,The Southwick Climate Action Committee focuses on local climate initiatives and sustainability efforts.,Nonprofit / Grassroots,"[""Town / City""]","['Residents', 'Businesses']","['Energy Efficiency', 'Transportation', 'Environmental', 'Food & Food Waste', 'Waste Reduction']",[],Community Engagement,,Verified,merge_engine,2026-05-25T00:27:17Z
94db3dec-9457-4a0b-b768-2ddc990ad684,Haverhill Public Schools - Green Team,Haverhill,MA,4 Summer Street,01830,http://www.haverhill-ps.org,,(978) 374-3400,The Green Team promotes climate education and sustainability practices within the school system.,Nonprofit / Grassroots,Town / City,['Residents'],['Environmental'],[],Community Engagement,,Not Verified,merge_engine,2026-05-25T03:12:12Z
952988d3-0676-4c24-a2e2-6b84d8f352ac,City of Marina Climate Action Committee,Marina,CA,211 Hillcrest Avenue,93933,https://www.cityofmarina.org/,unknown,831-884-1278,The City of Marina has established a Climate Action Committee to address climate change and implement sustainability measures in the community.,Nonprofit / Grassroots,Town / City,"['Municipality', 'Residents']",['Environmental'],[],Community Engagement,,Not Verified,merge_engine,2026-05-25T03:12:12Z
952dd23a-a965-4a35-8f8c-215e9cd2d2b8,Wayland Sustainability Committee,Wayland,MA,"Wayland, MA",01778,https://www.westonma.gov/1296/Sustainability-Committee,unknown,unknown,The Sustainability Committee works on initiatives to promote energy efficiency and sustainability practices in Wayland.,Municipal / Government-affiliated,"[""Town / City""]","['Residents', 'Municipality']","['Energy Efficiency', 'Transportation', 'Food & Food Waste']",[],Community Engagement,,Verified,merge_engine,2026-05-25T00:27:17Z
954b7599-065f-4027-bc6b-7fceca17aecf,SLO Climate Coalition,Arroyo Grande,CA,"San Luis Obispo, CA",93401,https://www.sloclimatestrategy.org/,unknown,unknown,The SLO Climate Coalition works on climate action and resilience strategies for the region.,Nonprofit / Grassroots,Regional,['unknown'],['Unknown'],[],Unknown,,Not Verified,merge_engine,2026-05-25T03:12:12Z
95996a5d-43f5-4ed1-9540-54cb86f76294,Shawsheen Village Climate Action Committee,Shawsheen Village,MA,123 Main St,01810,http://shawsheenvillageclimateaction.org,unknown,unknown,Focus on local climate initiatives and community resilience programs.,Nonprofit / Grassroots,Town / City,['Residents'],['Unknown'],[],Community Engagement,,Not Verified,merge_engine,2026-05-25T03:12:12Z
960debbe-8f40-4012-bbe0-743ad93f5d76,Worcester Climate Action Network,Leicester,MA,"Worcester, MA",01609,https://www.worcesterclimateaction.org/,unknown,unknown,"The Worcester Climate Action Network is focused on climate action and advocacy in the Worcester area, which includes Leicester.",Nonprofit / Grassroots,Regional,['Residents'],['Unknown'],[],Community Engagement,,Not Verified,merge_engine,2026-05-25T03:12:12Z
96342c00-21f4-477e-b3da-043c306e4110,Youth United for Community Action (YUCA),East Palo Alto,CA,2135 Clarke Ave,94303,http://www.youthunited.net,info@youthunited.net,(650) 322-9165,"Youth United for Community Action (YUCA) is a grassroots community organization led by young people of color, focusing on environmental and social justice issues to establish systemic change through community organizing.",Nonprofit / Grassroots,Regional,['Residents'],"['Environmental', 'Waste Reduction']",[],Community Engagement,,Not Verified,merge_engine,2026-05-25T03:12:12Z
96ad16b8-7fc5-44bf-87ba-0c6234921653,Vermont Youth Conservation Corps (VYCC),Richmond,VT,1949 East Main Street,05477,https://www.vycc.org/,info@vycc.org,802-434-3969 x200,"Vermont Youth Conservation Corps (VYCC) is a nonprofit organization that provides paid, outdoor service experiences for youth and young adults, focusing on conservation, agriculture, and leadership to improve Vermont's natural resources and community health.",Nonprofit / Grassroots,State / National,['Residents'],"['Environmental', 'Food & Food Waste']",[],Community Engagement,,Not Verified,merge_engine,2026-05-25T03:12:12Z
96b00d90-970f-45f7-a680-7ebad84ca317,New Hampshire Climate Action Network,Sandwich,NH,2 Pillsbury St,03301,https://www.nhclimateaction.org/,unknown,unknown,The New Hampshire Climate Action Network is focused on climate action and advocacy for policies that reduce greenhouse gas emissions.,Nonprofit / Grassroots,State / National,"['Businesses', 'Municipality', 'Residents']",['Environmental'],[],Policy,,Not Verified,merge_engine,2026-05-25T03:12:12Z
96bec6fc-51d5-4514-b26a-deda8ea75425,Sonoma County Climate Action,Rohnert Park,CA,"575 Administration Drive, Room 104A",95404,https://sonomacounty.ca.gov/climate-action,unknown,unknown,Sonoma County's Climate Action Plan aims to reduce greenhouse gas emissions and promote sustainability.,Municipal / Government-affiliated,Regional,"['Businesses', 'Municipality', 'Residents']",['Unknown'],[],Unknown,,Not Verified,merge_engine,2026-05-25T03:12:12Z
96c849df-6772-4b4a-8ac1-dc49c11fda20,Los Angeles County Department of Public Health - Climate Change Program,Maywood,CA,600 S Commonwealth Ave,90012,http://publichealth.lacounty.gov,unknown,(833) 540-0473,The Los Angeles County Department of Public Health's Climate Change Program addresses public health impacts of climate change and promotes community resilience strategies.,Municipal / Government-affiliated,Regional,['Residents'],['Environmental'],[],Community Engagement,,Not Verified,merge_engine,2026-05-25T03:12:12Z
97120ae4-9f53-4a03-8dc5-24e26e5c9f6e,Ventura County Climate Collaborative,Ventura,CA,456 Oak St,93003,http://www.vccollaborative.org,unknown,unknown,The Ventura County Climate Collaborative works on regional climate planning and implementation strategies.,Nonprofit / Grassroots,Regional,"['Businesses', 'Municipality', 'Residents']",['Environmental'],[],Policy,,Not Verified,merge_engine,2026-05-25T03:12:12Z
9718192b-832d-475c-ba86-08d142fe08f1,North Country Climate Collaborative,Berlin,NH,"45 Main St, Berlin, NH 03570",03570,http://www.northcountryclimatecollaborative.org,unknown,unknown,The North Country Climate Collaborative focuses on climate action and resilience strategies for the North Country region of New Hampshire.,Nonprofit / Grassroots,Regional,['Residents'],['Environmental'],[],Community Engagement,,Not Verified,merge_engine,2026-05-25T03:12:12Z
97219e27-a8c2-47ef-b42a-0b0f6617caf7,Claremont Colleges Sustainability Committee,Claremont,CA,"Claremont, CA",91711,http://www.claremontcolleges.edu/sustainability,unknown,unknown,The committee focuses on sustainability initiatives and climate education across the Claremont Colleges.,Academic,Regional,"['Businesses', 'Municipality', 'Residents']",['Environmental'],[],Community Engagement,,Not Verified,merge_engine,2026-05-25T03:12:12Z
9730c81b-e6ce-4f6d-a9ae-537eea326453,Los Alamitos City Council,Los Alamitos,CA,3191 Katella Ave,90720,https://www.cityoflosalamitos.org/,,562-431-3538,"The Los Alamitos City Council is the legislative body of the City of Los Alamitos, responsible for creating policies and overseeing city operations.",Nonprofit / Grassroots,Town / City,"['Municipality', 'Residents']",['Unknown'],[],Policy,,Not Verified,merge_engine,2026-05-25T03:12:12Z
97352134-7ee2-46ec-b26e-66bdaaac1265,Green Rowley,Rowley,MA,"Rowley, MA",01969,http://www.greenrowley.org,unknown,unknown,Green Rowley is focused on sustainability initiatives and climate action in the community.,Nonprofit / Grassroots,Town / City,['Residents'],['Unknown'],[],Community Engagement,,Not Verified,merge_engine,2026-05-25T03:12:12Z
973dbcfa-e797-418d-96f4-ece43685e77a,Vermont Natural Resources Council,Montpelier,VT,11 Baldwin Street,05602,https://vnrc.org,jmiller@vnrc.org,802-223-2328,"The Vermont Natural Resources Council (VNRC) is dedicated to protecting Vermont's environment and promoting sustainable communities through policy advocacy, community engagement, and conservation efforts.",Nonprofit / Grassroots,State / National,"['Businesses', 'Municipality', 'Residents']","['Environmental', 'Energy Efficiency', 'Transportation']",[],Community Engagement,,Not Verified,merge_engine,2026-05-25T03:12:12Z
975476bf-feb6-4585-8f7a-14cdb6eb8e9d,Danvers Climate Action,Danversport,MA,"Danvers Town Hall, 1 Sylvan St",01923,https://www.danversma.gov/climate-action,unknown,unknown,The Danvers Climate Action Committee focuses on reducing greenhouse gas emissions and promoting sustainability initiatives in the community.,Municipal / Government-affiliated,Town / City,"['Municipality', 'Residents']","['Green Economics', 'Energy Efficiency']",[],Community Engagement,,Not Verified,merge_engine,2026-05-25T03:12:12Z
977e510a-32e2-4d49-b14e-d7301a6a3ddb,New Hampshire Climate Action Network,Acworth,NH,"Keene, NH",03431,https://nhclimateaction.org,unknown,unknown,The New Hampshire Climate Action Network is focused on advocacy and policy related to climate change and energy transition in New Hampshire.,Nonprofit / Grassroots,State / National,"['Businesses', 'Municipality', 'Residents']",['Unknown'],[],Policy,,Not Verified,merge_engine,2026-05-25T03:12:12Z
97913433-f615-4d9c-bb69-98ddb1127c06,Green Futures,Fall River,MA,123 Green St,02720,http://greenfuturesfallriver.org,unknown,unknown,Focus on climate action and sustainability initiatives in Fall River.,Nonprofit / Grassroots,unknown,['unknown'],['Unknown'],[],Unknown,,Not Verified,merge_engine,2026-05-25T03:12:12Z
97abe1c6-d3e6-49b7-bb64-bca980dfd3cd,MetroWest Climate Solutions,Framingham,MA,"Framingham, MA",01701,https://www.metrowestclimatesolutions.org,metrowestclimate@gmail.com,unknown,"MetroWest Climate Solutions aims to inspire healthy, sustainable communities by hosting programs that provide knowledge and tools for climate crisis solutions, focusing on local actions.",Nonprofit / Grassroots,Regional,"['Businesses', 'Municipality', 'Residents']","['Environmental', 'Waste Reduction', 'Food & Food Waste', 'Transportation', 'Energy Efficiency']",[],Community Engagement,,Not Verified,merge_engine,2026-05-25T03:12:12Z
97cc20ec-982e-4c99-9586-f9e79f799c98,Los Angeles County Climate Action Network,Montebello,CA,"County Office, 500 W. Temple St",90640,http://www.lacountycan.org,unknown,unknown,Works on regional climate action and policy initiatives.,Nonprofit / Grassroots,Regional,['unknown'],['Unknown'],[],Policy,,Not Verified,merge_engine,2026-05-25T03:12:12Z
97cf07a6-424e-4bba-b9ee-d820c856b590,Inland Empire Climate Collaborative,Rancho Cucamonga,CA,12345 Main St,91730,http://www.ieclimate.org,unknown,unknown,The Inland Empire Climate Collaborative works on regional climate initiatives and policy advocacy to address climate change impacts.,Nonprofit / Grassroots,Regional,"['Businesses', 'Municipality', 'Residents']",['Unknown'],[],Policy,,Not Verified,merge_engine,2026-05-25T03:12:12Z
97e8a1ca-8ee1-46e5-b188-45ab07b1273a,Sonoma County Energy Independence Program,Sonoma,CA,2300 County Center Drive,95403,https://sonomacountyenergy.org/,unknown,unknown,The Sonoma County Energy Independence Program helps residents and businesses reduce energy consumption and transition to renewable energy sources.,Nonprofit / Grassroots,Regional,"['Businesses', 'Residents']",['Energy Efficiency'],[],Community Engagement,,Not Verified,merge_engine,2026-05-25T03:12:12Z
9844a331-669e-431f-9ece-26c4042b52b2,Sustainable El Monte,El Monte,CA,"11333 Valley Blvd, El Monte, CA 91731",91731,http://www.sustainableelmonte.org,unknown,unknown,unknown,Nonprofit / Grassroots,unknown,['unknown'],['Unknown'],[],Unknown,,Not Verified,merge_engine,2026-05-25T03:12:12Z
985d670c-2cfa-495a-8df1-7f530923c5c1,Pasadena Climate Action Plan,San Gabriel,CA,100 N Garfield Ave,91101,http://www.cityofpasadena.net/climateaction,unknown,unknown,The Pasadena Climate Action Plan outlines strategies for reducing greenhouse gas emissions and enhancing community resilience.,Municipality,Town / City,"['Municipality', 'Residents']",['Environmental'],[],Policy,,Not Verified,merge_engine,2026-05-25T03:12:12Z
986c7459-fc5c-4273-b786-cbb2991b6592,Londonderry Energy Committee,Londonderry,NH,268 B Mammoth Rd,03053,https://www.londonderrynh.org/energy-committee,unknown,unknown,"The Londonderry Energy Committee works on energy efficiency and renewable energy initiatives in the community, contributing to emissions reduction and sustainability efforts.",Nonprofit / Grassroots,Town / City,"['Municipality', 'Residents']",['Energy Efficiency'],[],Community Engagement,,Not Verified,merge_engine,2026-05-25T03:12:12Z
993148a5-9e27-4cb1-b275-63f6629616c9,Vergennes City Council,Vergennes,VT,"PO Box 35, 120 Main Street",05491,https://vergennes.org/city-council,unknown,(802) 877-2841,The Vergennes City Council focuses on energy efficiency and sustainability in municipal operations.,Nonprofit / Grassroots,Town / City,"['Municipality', 'Residents']",['Energy Efficiency'],[],Community Engagement,,Not Verified,merge_engine,2026-05-25T03:12:12Z
994dbf3d-aa44-4b19-998d-64e006063fba,Goleta Climate Action Network,Goleta,CA,"Goleta, CA",93117,https://www.goletaclimateaction.org,unknown,unknown,The Goleta Climate Action Network focuses on local climate action initiatives and community engagement to reduce greenhouse gas emissions.,Nonprofit / Grassroots,Town / City,['Residents'],['Environmental'],[],Community Engagement,,Not Verified,merge_engine,2026-05-25T03:12:12Z
99a106e5-4dda-4862-a134-bcd97284c3dd,Concord Climate Action Committee,Concord,MA,"101 N D St, Perris, CA 92570",92570,https://concordma.gov/3324/Climate-Action-Committee,unknown,unknown,The City of Perris has established a Climate Action Committee to address climate change and promote sustainability initiatives.,Nonprofit / Grassroots,"[""Town / City""]","['Residents', 'Businesses']","['Energy Efficiency', 'Transportation', 'Environmental', 'Food & Food Waste', 'Waste Reduction']",[],Community Engagement,,Verified,merge_engine,2026-05-25T00:27:17Z
99d120e1-9740-4c54-bf9c-3cd97b810867,Pasadena Climate Action Plan,Pasadena,CA,100 N Garfield Ave,91101,https://www.cityofpasadena.net/planning/pasadena-climate-action-plan/,unknown,unknown,The Pasadena Climate Action Plan outlines strategies for reducing greenhouse gas emissions and increasing resilience to climate impacts.,Municipality,Town / City,"['Municipality', 'Residents']","['Environmental', 'Energy Efficiency']",[],Policy,,Not Verified,merge_engine,2026-05-25T03:12:12Z
99eb12ec-2b30-4d4f-8f08-3107699c6390,Knights Crossing Climate Education Center,Knights Crossing,MA,303 Education Ln,01060,http://www.kcclimateeducation.org,unknown,unknown,The Center provides educational resources and programs focused on climate change and sustainability.,Nonprofit / Grassroots,Town / City,['Residents'],['Environmental'],[],Community Engagement,,Not Verified,merge_engine,2026-05-25T03:12:12Z
99f643e1-3ccd-42c0-9f12-20651e956eeb,Laguna Woods Village,Laguna Woods,CA,24351 El Toro Rd,92637,https://www.lagunawoodsvillage.com/,[email protected],(949) 597-4600,"Laguna Woods Village is a premier private community in Orange County, California, for 55+ active adults, offering resort-style amenities and focusing on energy efficiency and sustainability in community planning.",Municipality,Town / City,['Residents'],['Energy Efficiency'],[],Community Engagement,,Not Verified,merge_engine,2026-05-25T03:12:12Z
9a21ada0-4d4c-4256-8ea2-2ac5a39aa16d,Green Energy Initiative of Westminster,Westminster,CA,4567 Westminster Ave,92683,http://www.greenenergywestminster.org,unknown,unknown,The Green Energy Initiative promotes electrification and energy efficiency programs to reduce greenhouse gas emissions.,Nonprofit / Grassroots,Town / City,['Residents'],['Energy Efficiency'],[],Community Engagement,,Not Verified,merge_engine,2026-05-25T03:12:12Z
9a2949be-4dc4-464a-b50f-187ff63c08d1,Culver City Environmental Programs,Culver City,CA,"Culver City, CA",90232,https://www.culvercity.org/,unknown,unknown,The city offers various environmental programs aimed at reducing emissions and promoting sustainability.,Nonprofit / Grassroots,Town / City,"['Municipality', 'Residents']",['Unknown'],[],Unknown,,Not Verified,merge_engine,2026-05-25T03:12:12Z
9a52e4fe-9802-4778-821d-aa53b2626e07,Amador County Climate Action Committee,Sutter Creek,CA,810 Court Street,95642,http://www.amadorgov.org/climateaction,unknown,unknown,Amador County Climate Action Committee focuses on climate action and sustainability initiatives in the region.,Nonprofit / Grassroots,Regional,['unknown'],['Unknown'],[],Unknown,,Not Verified,merge_engine,2026-05-25T03:12:12Z
9a5857c5-4045-4ff2-9420-6a425e10ff2c,California Climate Action Network,Westmorland,CA,123 Climate St,92281,http://www.calclimateaction.org,unknown,unknown,Focus on climate action and decarbonization initiatives in California.,Nonprofit / Grassroots,unknown,['unknown'],['Unknown'],[],Unknown,,Not Verified,merge_engine,2026-05-25T03:12:12Z
9ab635ed-b871-401b-ac1a-6066bdf3b2cf,New Hampshire Climate Action Network,Bow,NH,PO Box 100,03301,https://www.nhclimateaction.org,unknown,unknown,The network advocates for policies and actions to address climate change in New Hampshire.,Nonprofit / Grassroots,State / National,"['Businesses', 'Municipality', 'Residents']",['Unknown'],[],Policy,,Not Verified,merge_engine,2026-05-25T03:12:12Z
9b1ca664-4a0f-4de0-b486-6844a1a2d636,Hinesburg Energy Committee,Hinesburg,VT,"Hinesburg Town Hall, 10632 Route 116",05461,https://www.hinesburg.org/energy-committee,unknown,unknown,"The Hinesburg Energy Committee works on energy efficiency, renewable energy, and reducing greenhouse gas emissions in the community.",Nonprofit / Grassroots,Town / City,['Residents'],['Energy Efficiency'],[],Community Engagement,,Not Verified,merge_engine,2026-05-25T03:12:12Z
9b7f8afa-7a76-42c0-ae87-d0aecf07780b,Doles Corner Environmental Justice Group,Doles Corner,MA,unknown,,https://www.dolescornerejgroup.org,unknown,unknown,The Doles Corner Environmental Justice Group addresses climate justice issues and promotes equitable climate solutions for marginalized communities.,Nonprofit / Grassroots,Town / City,['Residents'],['Environmental'],[],Community Engagement,,Not Verified,merge_engine,2026-05-25T03:12:12Z
9b8c110c-1176-4473-b463-6668077e15ae,New Hampshire Climate Action Network,Candia,NH,2 Pillsbury St,03301,https://nhclimateaction.org,unknown,unknown,The New Hampshire Climate Action Network works to promote climate action and policy changes in New Hampshire.,Nonprofit / Grassroots,State / National,"['Businesses', 'Municipality', 'Residents']",['Unknown'],[],Policy,,Not Verified,merge_engine,2026-05-25T03:12:12Z
9b8c4cad-f1fb-4949-af58-9519fddd957c,Sustainable Lafayette,Lafayette,CA,PO Box 1234,94549,http://www.sustainablelafayette.org,unknown,unknown,Sustainable Lafayette focuses on local climate action initiatives and community engagement to reduce carbon emissions.,Nonprofit / Grassroots,Town / City,['Residents'],['Environmental'],[],Community Engagement,,Not Verified,merge_engine,2026-05-25T03:12:12Z
9b902916-f51e-47a7-92ff-62ebb66ff3ba,Vista Energy Action Team,Vista,CA,2345 N Greenway Dr,92084,http://www.vistaenergyaction.org,unknown,unknown,Focuses on energy efficiency and renewable energy initiatives in Vista.,Nonprofit / Grassroots,Town / City,['Residents'],['Energy Efficiency'],[],Community Engagement,,Not Verified,merge_engine,2026-05-25T03:12:12Z
9b96045b-55db-4a7b-af98-931a70ea347e,North Bay Climate Action Network,Petaluma,CA,PO Box 1234,94952,https://www.northbayclimateaction.org,unknown,unknown,The North Bay Climate Action Network focuses on collaborative efforts to address climate change through advocacy and community engagement.,Nonprofit / Grassroots,Regional,['Residents'],['Environmental'],[],Community Engagement,,Not Verified,merge_engine,2026-05-25T03:12:12Z
9bada8d2-c56c-4700-bff4-55a00922d512,San Jacinto Climate Action Committee,San Jacinto,MA,"San Jacinto City Hall, 595 S. San Jacinto Ave",92583,https://concordma.gov/3324/Climate-Action-Committee,unknown,unknown,The San Jacinto Climate Action Committee focuses on reducing greenhouse gas emissions and promoting sustainability initiatives in the city.,Nonprofit / Grassroots,"[""Town / City""]","['Residents', 'Businesses']","['Energy Efficiency', 'Transportation', 'Environmental', 'Food & Food Waste', 'Waste Reduction']",[],Community Engagement,,Verified,merge_engine,2026-05-25T00:27:17Z
9bedeb88-cd1e-4cba-938b-3cfd1c94b009,New Hampshire Sustainable Energy Association,Sanbornton,NH,2 Pillsbury St,03301,https://www.nhsea.org/,unknown,unknown,NHSEA advocates for clean energy policies and programs that reduce greenhouse gas emissions and promote sustainable energy solutions.,Nonprofit / Grassroots,State / National,"['Businesses', 'Municipality', 'Residents']",['Energy Efficiency'],[],Policy,,Not Verified,merge_engine,2026-05-25T03:12:12Z
9c5a5bf5-3712-42b3-8ba8-066637051687,Springfield Climate Action Committee,Springfield,MA,unknown,01103,N/A,unknown,unknown,The committee is involved in local climate action planning and initiatives.,Municipality,Town / City,"['Municipality', 'Residents']",['Unknown'],[],Community Engagement,,Not Verified,merge_engine,2026-05-25T03:12:12Z
9c7bf9fa-3afe-4afe-8457-96098eb5f6fb,California Institute for Climate Solutions,San Francisco,CA,456 Climate St,94107,https://climatesolutions.org,kimberly.larson@climatesolutions.org,unknown,"Dedicated to advancing climate solutions through research and education, focusing on clean energy, transportation, and policy advocacy.",Nonprofit / Grassroots,Regional,"['Businesses', 'Municipality', 'Residents']","['Energy Efficiency', 'Transportation', 'Environmental']",[],Policy,,Not Verified,merge_engine,2026-05-25T03:12:12Z
9ce7ebeb-6c21-44b6-9977-9e3faff2b183,Laguna Hills City Council,Laguna Hills,CA,24035 El Toro Rd,92653,https://www.lagunahillsca.gov/,unknown,949-707-2600,"The Laguna Hills City Council is responsible for governing the city of Laguna Hills, CA. It implements policies and strategies, including a Climate Action Plan aimed at reducing greenhouse gas emissions and promoting sustainability.",Municipal / Government-affiliated,Town / City,"['Municipality', 'Residents']","['Environmental', 'Waste Reduction']",[],Policy,,Not Verified,merge_engine,2026-05-25T03:12:12Z
9d001ffa-71ab-48ae-bb0d-8f2563a5a6c5,Green Effingham,Effingham,NH,"Effingham, NH",03882,http://www.greeneffingham.org,unknown,unknown,Green Effingham focuses on sustainability initiatives and climate action in the local community.,Nonprofit / Grassroots,Town / City,['Residents'],['Unknown'],[],Community Engagement,,Not Verified,merge_engine,2026-05-25T03:12:12Z
9d0ad449-735b-42c1-9779-6d79e0ae4234,Somerville Climate Forward,Somerville,MA,"Somerville City Hall, 93 Washington St",02143,https://www.somervillema.gov/climateforward,ada@somervillema.gov,(617) 625-6600,"Somerville Climate Forward is dedicated to implementing climate action plans and policies to create a strong, healthy community while reducing climate pollution and dependence on fossil fuels.",Municipal / Government-affiliated,Town / City,"['Municipality', 'Residents']","['Environmental', 'Energy Efficiency', 'Waste Reduction', 'Transportation']",[],Community Engagement,,Not Verified,merge_engine,2026-05-25T03:12:12Z
9d775cac-c9db-4b9c-bfd7-ecc2f179acbc,Imperial Valley College,Imperial,CA,380 E Aten Rd,92251,https://www.imperial.edu/,unknown,+1(760) 352-8320,"Imperial Valley College is an educational institution that offers programs focused on sustainability and climate education, including courses on renewable energy and environmental science.",Academic,Regional,['Residents'],['Environmental'],[],Community Engagement,,Not Verified,merge_engine,2026-05-25T03:12:12Z
9da41755-248a-4c87-ac2c-7386345783d7,Buena Park Energy Efficiency Program,Buena Park,CA,9101 Efficiency Blvd,90620,http://www.buenaparkenergy.org,unknown,unknown,Promotes energy efficiency and electrification in residential buildings.,Nonprofit / Grassroots,Town / City,['Residents'],['Energy Efficiency'],[],Community Engagement,,Not Verified,merge_engine,2026-05-25T03:12:12Z
9da6f03e-e20b-4b2a-b2f9-eee1c9fda76f,Sustainable Cambridge,Cambridge,MA,"Cambridge, MA",02139,http://www.sustainablecambridge.org,unknown,unknown,Sustainable Cambridge promotes local climate action and sustainability initiatives to reduce carbon footprints.,Nonprofit / Grassroots,Town / City,['Residents'],['Environmental'],[],Community Engagement,,Not Verified,merge_engine,2026-05-25T03:12:12Z
9dd868cc-8d1a-41b3-ad3d-7d05f3f9624a,"California State University, Northridge - Institute for Sustainability",Northridge,CA,18111 Nordhoff St,91330,https://www.csun.edu/sustainability,unknown,unknown,"The Institute for Sustainability at California State University, Northridge promotes sustainability and climate education through research and community engagement, focusing on operations, infrastructure, outreach, education, and research.",Academic,Regional,"['Businesses', 'Municipality', 'Residents']","['Environmental', 'Waste Reduction', 'Energy Efficiency']",[],Community Engagement,,Not Verified,merge_engine,2026-05-25T03:12:12Z
9ddfc700-4b93-4283-a4b5-2468731eeef1,Youth Climate Action Network,Santa Barbara,CA,unknown,93101,https://www.youthclimateactionnetwork.org,unknown,unknown,This network empowers youth to engage in climate action and advocacy efforts.,Nonprofit / Grassroots,Regional,['Residents'],['Environmental'],[],Community Engagement,,Not Verified,merge_engine,2026-05-25T03:12:12Z
9e358b75-e03e-4166-9ac1-20c135fbb0b1,North Country Climate Action Network,Benton,NH,"Littleton, NH",03561,https://www.northcountryclimateaction.org,unknown,unknown,The North Country Climate Action Network is focused on climate action and advocacy in the North Country region of New Hampshire.,Nonprofit / Grassroots,Regional,['Residents'],['Unknown'],[],Community Engagement,,Not Verified,merge_engine,2026-05-25T03:12:12Z
9eda53a5-86ba-4df9-abdb-a00ed2b7128f,Acterra,Palo Alto,CA,3921 East Bayshore Road,94303,https://www.acterra.org/,unknown,650.962.9876,"Acterra is a nonprofit organization based in Palo Alto, CA, focused on creating local solutions for a healthy planet through community engagement, education, and advocacy. Their programs address climate change by promoting electrification, sustainable food systems, and environmental education.",Nonprofit / Grassroots,Regional,"['Businesses', 'Municipality', 'Residents']","['Environmental', 'Food & Food Waste', 'Transportation', 'Energy Efficiency']",[],Community Engagement,,Not Verified,merge_engine,2026-05-25T03:12:12Z
9ee3fdca-97a9-48dc-a3bf-f406b3b90b7c,Sustainable Greenfield,Greenfield,MA,14 Court Square,01301,https://sustainablegreenfield.org,unknown,unknown,Sustainable Greenfield focuses on initiatives that promote sustainability and climate action in the community.,Nonprofit / Grassroots,Town / City,['Residents'],['Environmental'],[],Community Engagement,,Not Verified,merge_engine,2026-05-25T03:12:12Z
9f9e299a-69ab-41ee-8529-787448918192,Walpole Energy Committee,Walpole,NH,"Walpole Town Hall, 2nd",03608,http://www.walpole-nh.com/energy-committee,unknown,unknown,The Walpole Energy Committee focuses on energy efficiency and renewable energy initiatives to reduce carbon emissions in the community.,Municipality,Town / City,['Residents'],['Energy Efficiency'],[],Community Engagement,,Not Verified,merge_engine,2026-05-25T03:12:12Z
9fa9f7d1-110a-4231-b668-1b9c6ec4dc13,Sonoma County Climate Action,Cotati,CA,575 Administration Drive,95403,https://sonomacounty.ca.gov/climate-action,unknown,unknown,The Sonoma County Climate Action Plan outlines strategies for reducing greenhouse gas emissions and adapting to climate change.,Municipal / Government-affiliated,Regional,"['Municipality', 'Residents']",['Unknown'],[],Unknown,,Not Verified,merge_engine,2026-05-25T03:12:12Z
9fb025fc-83a8-4e6e-8ce9-97aa41126a78,Provincetown Public Library,Provincetown,MA,356 Commercial St,02657,https://www.provincetownlibrary.org,ncinnater@clamsnet.org,508-487-7094,"Provincetown Public Library offers materials, resources, programming, and history for the community, including climate education programs and workshops.",Nonprofit / Grassroots,Town / City,['Residents'],"['Environmental', 'Food & Food Waste']",[],Community Engagement,,Not Verified,merge_engine,2026-05-25T03:12:12Z
9fb58f62-7208-4fe7-a10a-23eb1d0ad316,Barnstable Clean Water Coalition,Barnstable,MA,PO Box 307,02630,https://www.barnstablecleanwater.org/,unknown,unknown,The Barnstable Clean Water Coalition focuses on improving water quality and resilience against climate impacts in Barnstable.,Nonprofit / Grassroots,Town / City,['Residents'],['Environmental'],[],Conservation,,Not Verified,merge_engine,2026-05-25T03:12:12Z
9fba4880-ca99-4440-9ce6-2f266d062d12,California Climate Action Network,Inglewood,CA,"Los Angeles, CA",90012,http://calclimateaction.org,unknown,unknown,"This network focuses on collaborative climate action efforts across California, including Inglewood.",Nonprofit / Grassroots,State / National,"['Businesses', 'Municipality', 'Residents']",['Unknown'],[],Community Engagement,,Not Verified,merge_engine,2026-05-25T03:12:12Z
9fc6b893-45e2-4c76-91e4-c868e214ff44,Temecula Green Energy Initiative,Temecula,CA,"789 Energy Way, Temecula, CA 92592",92592,http://temeculagreenenergy.org,unknown,unknown,Promoting electrification and renewable energy solutions in the community.,Nonprofit / Grassroots,Town / City,['Residents'],['Energy Efficiency'],[],Community Engagement,,Not Verified,merge_engine,2026-05-25T03:12:12Z
9fd6e961-7cb4-4e4f-9e95-473a1b529872,Shaftsbury Energy Committee,Shaftsbury,VT,"Shaftsbury Town Hall, 61 Buck Hill Rd",05262,http://shaftsbury.net/energy-committee/,unknown,unknown,The Energy Committee works on energy efficiency and renewable energy initiatives to reduce carbon emissions in the community.,Municipality,Town / City,['Residents'],['Energy Efficiency'],[],Community Engagement,,Not Verified,merge_engine,2026-05-25T03:12:12Z
9fe70771-8599-45bc-a49a-5323ea53d8ad,Sustainable Healdsburg,Healdsburg,CA,"Healdsburg City Hall, 401 Grove St",95448,https://www.sustainablehealdsburg.org,unknown,unknown,Sustainable Healdsburg promotes initiatives for reducing carbon emissions and enhancing community resilience to climate change.,Nonprofit / Grassroots,unknown,['unknown'],['Unknown'],[],Unknown,,Not Verified,merge_engine,2026-05-25T03:12:12Z
9fe77e18-9b92-43b2-aa35-7c1eba763cd5,Bradford Climate Action Committee,Bradford,MA,1 Parker Road,01835,https://concordma.gov/3324/Climate-Action-Committee,unknown,unknown,The Bradford Climate Action Committee focuses on local climate initiatives and resilience planning.,Municipal / Government-affiliated,"[""Town / City""]","['Residents', 'Businesses']","['Energy Efficiency', 'Transportation', 'Environmental', 'Food & Food Waste', 'Waste Reduction']",[],Community Engagement,,Verified,merge_engine,2026-05-25T00:27:17Z
9ffa6746-11c2-40c4-8015-f663e80c0e96,Fall River Climate Coalition,Fall River,MA,456 Climate Ave,02721,http://fallriverclimatecoalition.org,unknown,unknown,Working on local climate action plans and community resilience.,Nonprofit / Grassroots,Town / City,['Residents'],['Unknown'],[],Community Engagement,,Not Verified,merge_engine,2026-05-25T03:12:12Z
9ffa6d5c-9c3d-47e2-9812-4b8a9526be70,Green Camarillo,Camarillo,CA,"Camarillo City Hall, 601 Carmen Dr",93010,https://www.camarillo.gov/green-camarillo,unknown,unknown,Green Camarillo focuses on local sustainability efforts and climate action initiatives.,Municipal / Government-affiliated,Town / City,"['Municipality', 'Residents']",['Environmental'],[],Community Engagement,,Not Verified,merge_engine,2026-05-25T03:12:12Z
a007baac-47db-4524-9510-2400239b0db1,Sustainable Cotati,Cotati,CA,201 West Sierra Avenue,94931,http://www.sustainablecotati.org,unknown,unknown,Sustainable Cotati works on local climate action initiatives and promotes sustainability practices in the community.,Nonprofit / Grassroots,Town / City,['Residents'],['Environmental'],[],Community Engagement,,Not Verified,merge_engine,2026-05-25T03:12:12Z
a02af997-4d4d-4215-a816-0dff36580519,Castleton University,Castleton,VT,"Castleton, VT 05735",05735,https://www.castleton.edu/,info@castleton.edu,(800) 639-8521,"Castleton University, now part of Vermont State University, offers programs focused on sustainability and climate education, including courses and initiatives aimed at reducing carbon footprints.",Academic,State / National,"['Businesses', 'Municipality', 'Residents']",['Environmental'],[],Community Engagement,,Not Verified,merge_engine,2026-05-25T03:12:12Z
a0454c88-ae47-4207-8f5d-a08255334a39,Anaheim Public Utilities,Anaheim,CA,201 S Anaheim Blvd,92805,https://www.anaheim.net/Utilities,,(714) 765-3300,Anaheim Public Utilities is committed to energy efficiency and renewable energy programs that support emissions reduction and sustainability.,Municipality,Town / City,"['Businesses', 'Municipality', 'Residents']","['Energy Efficiency', 'Environmental']",[],Community Engagement,,Not Verified,merge_engine,2026-05-25T03:12:12Z
a04ad6af-4d78-423c-b4e8-353c0d91f964,Redwood Coast Energy Authority,Eureka,CA,633 3rd St,95501,https://www.redwoodenergy.org,info@redwoodenergy.org,707-269-1700,"Redwood Coast Energy Authority is a local government agency providing clean, reliable electricity and energy programs for Humboldt County residents and businesses, focusing on sustainability and community well-being.",Nonprofit / Grassroots,Regional,"['Businesses', 'Residents']","['Energy Efficiency', 'Transportation']",[],Community Engagement,,Not Verified,merge_engine,2026-05-25T03:12:12Z
a06ee2ab-74a0-4d2c-b46e-e95bf6d0527b,Rutland Regional Planning Commission,Rutland,VT,67 Merchants Row,05701,https://www.rutlandrpc.org/,[email protected],802-775-0871,"The Rutland Regional Planning Commission provides resources and guidance for community development, land use, economic development, energy, transportation, and emergency management in Rutland County.",Nonprofit / Grassroots,Regional,"['Businesses', 'Municipality', 'Residents']","['Environmental', 'Energy Efficiency']",[],Community Engagement,,Not Verified,merge_engine,2026-05-25T03:12:12Z
a094d420-078f-4125-bf88-79d09c888678,Seacoast Climate Collaborative,New Castle,NH,1 Junkins Ave,03801,https://www.seacoastclimate.org,unknown,unknown,The Seacoast Climate Collaborative is focused on climate action and resilience in the Seacoast region of New Hampshire.,Nonprofit / Grassroots,Regional,['Residents'],['Unknown'],[],Community Engagement,,Not Verified,merge_engine,2026-05-25T03:12:12Z
a0a7f7d9-6ab2-468f-8687-221321ddf9ef,Albany Unified School District,Albany,CA,1051 Monroe St,94706,https://www.ausdk12.org,unknown,unknown,Albany Unified School District focuses on climate education and sustainability initiatives for students.,Nonprofit / Grassroots,Town / City,['Residents'],['Unknown'],[],Community Engagement,,Not Verified,merge_engine,2026-05-25T03:12:12Z
a0bc357a-e468-4c27-a463-4dfe2636b0d9,Sustainable Arcata,Arcata,CA,736 F St,95521,https://www.cityofarcata.org/sustainablearcata,unknown,unknown,Sustainable Arcata focuses on sustainability initiatives that include climate action and resilience planning.,Nonprofit / Grassroots,Town / City,"['Municipality', 'Residents']",['Unknown'],[],Unknown,,Not Verified,merge_engine,2026-05-25T03:12:12Z
a0ec2de3-2eb3-4cc7-8bf1-335b2d346cbc,North Central Massachusetts Chamber of Commerce,Leominster,MA,"Leominster, MA",01453,http://www.northcentralmasschamber.org,unknown,unknown,The Chamber promotes sustainable business practices and energy efficiency initiatives.,Nonprofit / Grassroots,Regional,['Businesses'],"['Green Economics', 'Energy Efficiency']",[],Community Engagement,,Not Verified,merge_engine,2026-05-25T03:12:12Z
a0f7ab71-8a8f-4cba-a91d-522356820ed3,New Hampshire Climate Action Network,Durham,NH,"Durham, NH",03824,https://nhclimateaction.org,unknown,unknown,The New Hampshire Climate Action Network focuses on advocacy for climate policies and community engagement.,Nonprofit / Grassroots,State / National,['Residents'],['Unknown'],[],Community Engagement,,Not Verified,merge_engine,2026-05-25T03:12:12Z
a103c50e-3f8c-4f80-ac59-871c02b68466,Sustainable Cape Cod,Barnstable,MA,PO Box 123,02630,https://www.sustainablecapecod.org/,unknown,unknown,Sustainable Cape Cod promotes sustainable practices and climate action initiatives across the Cape.,Nonprofit / Grassroots,Regional,['Residents'],['Unknown'],[],Community Engagement,,Not Verified,merge_engine,2026-05-25T03:12:12Z
a15d9f3a-df85-46a4-afbc-f0fbbf5599ef,North Country Climate Action Network,Stewartstown,NH,"Littleton, NH",03561,http://www.northcountryclimateaction.org,unknown,unknown,North Country Climate Action Network is focused on climate action and community resilience in the North Country of New Hampshire.,Nonprofit / Grassroots,Regional,['Residents'],['Unknown'],[],Community Engagement,,Not Verified,merge_engine,2026-05-25T03:12:12Z
a161824e-a3c8-4737-8835-389f3bfc698e,"California State University, San Bernardino - Sustainability Program",San Bernardino,CA,5500 University Parkway,92407,https://www.csusb.edu/sustainability,Resilient@csusb.edu,(909) 537-4425,CSUSB's Sustainability Program includes initiatives aimed at reducing the university's carbon footprint and promoting climate education.,Academic,Regional,"['Businesses', 'Municipality', 'Residents']","['Environmental', 'Waste Reduction', 'Energy Efficiency', 'Transportation', 'Food & Food Waste']",[],Community Engagement,,Not Verified,merge_engine,2026-05-25T03:12:12Z
a17ad9cf-c8f2-4c29-8c70-9c960266dfe0,Morro Bay Community Power,Morro Bay,CA,"Morro Bay, CA",93442,https://www.morrobaycommunitypower.org,unknown,unknown,Morro Bay Community Power aims to provide clean energy and promote renewable energy sources in the community.,Nonprofit / Grassroots,unknown,['unknown'],['Energy Efficiency'],[],Unknown,,Not Verified,merge_engine,2026-05-25T03:12:12Z
a188856c-77ed-4d07-8a22-b6bac63cf264,Sustainable Cupertino,Cupertino,CA,10300 Torre Ave,95014,http://www.sustainablecupertino.org,unknown,unknown,Sustainable Cupertino focuses on local climate action initiatives and sustainability programs.,Nonprofit / Grassroots,Town / City,['Residents'],['Environmental'],[],Community Engagement,,Not Verified,merge_engine,2026-05-25T03:12:12Z
a21ce51d-398b-4d74-b760-e75f22bd607e,Weston Sustainability Committee,weston,MA,1 Civic Center Circle,92821,https://www.westonma.gov/1296/Sustainability-Committee,unknown,unknown,The Brea Sustainability Committee focuses on local sustainability initiatives and climate action plans.,Municipality,"[""Town / City""]","['Residents', 'Municipality']","['Energy Efficiency', 'Transportation', 'Food & Food Waste']",[],Community Engagement,,Verified,merge_engine,2026-05-25T00:27:17Z
a22687c0-6001-4caf-9467-f2e42029a1b2,Healdsburg Climate Action Committee,Healdsburg,CA,401 Grove St,95448,https://www.healdsburg.gov/climateaction,unknown,unknown,The Healdsburg Climate Action Committee focuses on local climate action initiatives and strategies to reduce greenhouse gas emissions.,Municipal / Government-affiliated,Town / City,"['Municipality', 'Residents']","['Environmental', 'Energy Efficiency']",[],Community Engagement,,Not Verified,merge_engine,2026-05-25T03:12:12Z
a23c44d8-04d6-4a09-8a85-1123c4a34d8a,Youth Climate Action Network,San Fernando,CA,789 S Broadway,90017,https://www.youthclimateaction.org,unknown,unknown,Empowers youth to engage in climate action initiatives and advocacy.,Nonprofit / Grassroots,unknown,['Residents'],['Unknown'],[],Community Engagement,,Not Verified,merge_engine,2026-05-25T03:12:12Z
a24ffa2d-c749-421a-92d5-84a1c7686bed,Coalition for Sustainable Transportation (COST),Goleta,CA,"Santa Barbara, CA",93101,https://www.costsb.org,unknown,unknown,COST promotes sustainable transportation solutions to reduce greenhouse gas emissions in the Santa Barbara region.,Nonprofit / Grassroots,Regional,"['Businesses', 'Municipality', 'Residents']",['Transportation'],[],Community Engagement,,Not Verified,merge_engine,2026-05-25T03:12:12Z
a254e32b-4caf-456f-b4c9-651339345a1c,City of Gloucester Climate Action Committee,Gloucester,MA,"City Hall, 9 Dale Ave",01930,http://www.gloucester-ma.gov/climateaction,unknown,unknown,Municipal committee focused on implementing climate action strategies.,Municipal / Government-affiliated,Town / City,"['Municipality', 'Residents']",['Environmental'],[],Community Engagement,,Not Verified,merge_engine,2026-05-25T03:12:12Z
a25ad682-0ec7-40ad-adf8-a7acfc73d6c3,Irvine Climate Action Collaborative,Irvine,CA,1 Civic Center Plaza,92612,https://www.cityofirvine.org/climate-action-collaborative,irvinecitycouncil@cityofirvine.org,949-724-6000,The Irvine Climate Action Collaborative focuses on reducing greenhouse gas emissions and promoting sustainability initiatives in the city.,Nonprofit / Grassroots,Town / City,"['Municipality', 'Residents']","['Environmental', 'Energy Efficiency']",[],Community Engagement,,Not Verified,merge_engine,2026-05-25T03:12:12Z
a2898bd4-a0a6-4258-b711-4f0610e76d76,Humboldt County Climate Action Plan,Eureka,CA,825 5th St,95501,https://humboldtgov.org/climateaction,unknown,unknown,The county's official climate action planning and implementation efforts.,Nonprofit / Grassroots,Regional,"['Municipality', 'Residents']",['Unknown'],[],Policy,,Not Verified,merge_engine,2026-05-25T03:12:12Z
a28f161f-65db-41b0-af27-6a032cce94f4,San Joaquin County Office of Education,San Joaquin,CA,2922 W Turner Rd,95205,https://www.sjcoe.org,unknown,unknown,"The San Joaquin County Office of Education (SJCOE) is a regional agency providing educational leadership, resources, and customized services to assist school districts in San Joaquin County. It promotes student achievement and accountability, serving the county’s most vulnerable students and striving to create an environment for quality education.",Nonprofit / Grassroots,Regional,"['Municipality', 'Residents']",['Environmental'],[],Community Engagement,,Not Verified,merge_engine,2026-05-25T03:12:12Z
a2e8b274-56e1-4321-8cf9-feaf88ff376b,Dunsmuir City Council,Dunsmuir,CA,5775 Dunsmuir Ave,96025,http://www.dunsmuir.ca.us,unknown,unknown,Dunsmuir City Council engages in discussions on climate action and sustainability initiatives.,Municipal / Government-affiliated,Town / City,"['Municipality', 'Residents']",['Unknown'],[],Policy,,Not Verified,merge_engine,2026-05-25T03:12:12Z
a324187a-e1be-4b15-a068-490097c4a222,Green Eastvale,Eastvale,CA,"12345 Limonite Ave, Eastvale, CA 92880",92880,http://www.greeneastvale.org,unknown,unknown,Focus on climate action and sustainability initiatives in Eastvale.,Nonprofit / Grassroots,Town / City,['Residents'],['Unknown'],[],Community Engagement,,Not Verified,merge_engine,2026-05-25T03:12:12Z
a35411d5-ad78-498d-a3f9-a597b1559d0f,North Country Climate Action,Errol,NH,"100 Main St, Berlin, NH 03570",03570,http://www.northcountryclimateaction.org,unknown,unknown,North Country Climate Action works on local climate initiatives and advocacy for emissions reduction.,Nonprofit / Grassroots,Regional,['Residents'],['Environmental'],[],Community Engagement,,Not Verified,merge_engine,2026-05-25T03:12:12Z
a3973d76-0af1-401e-8e90-a3c4679b2e9f,San Diego Energy District,El Cajon,CA,1357 Energy Ave,92020,http://www.sandiegoenergydistrict.org,unknown,unknown,"San Diego Energy District was formed in 2011 to promote Community Choice Energy in San Diego. It was dissolved in 2022, with its work continued by the Center for Community Energy.",Nonprofit / Grassroots,Regional,"['Municipality', 'Residents']",['Energy Efficiency'],[],Policy,,Not Verified,merge_engine,2026-05-25T03:12:12Z
a3ceab68-5f5f-4f6c-822f-2fabfaf1b80f,Norwich Energy Committee,Norwich,VT,"Norwich Town Hall, 300 Main St",05055,https://norwichenergycommittee.weebly.com/,unknown,(802) 649-1419,"The Norwich Energy Committee focuses on energy efficiency, renewable energy, and reducing greenhouse gas emissions in the town.",Municipality,[],"['Municipality', 'Residents']",['Energy Efficiency'],[],Community Engagement,,Verified,merge_engine,2026-05-25T03:12:12Z
a40ea827-8f89-4639-a9c6-928d7b33e3ff,New Hampshire Climate Action Network,Eaton,NH,2 Pillsbury St,03301,https://nhclimateaction.org,unknown,unknown,The New Hampshire Climate Action Network is dedicated to advancing climate action policies and initiatives in New Hampshire.,Nonprofit / Grassroots,State / National,"['Businesses', 'Municipality', 'Residents']",['Unknown'],[],Policy,,Not Verified,merge_engine,2026-05-25T03:12:12Z
a42166b9-afee-4033-a160-31f9ae2f63cb,Green Medfield,Medfield,MA,"Medfield, MA",02052,http://www.greenmedfield.org,unknown,unknown,Green Medfield is focused on sustainability initiatives including energy efficiency and climate action.,Nonprofit / Grassroots,Town / City,['Residents'],['Energy Efficiency'],[],Community Engagement,,Not Verified,merge_engine,2026-05-25T03:12:12Z
a429fc61-6c44-434f-ac68-408d42494621,Stanislaus County Climate Action Network,Modesto,CA,2345 Maple St,95354,http://www.stanclimateaction.org,unknown,unknown,A network focused on climate resilience and adaptation strategies in Stanislaus County.,Nonprofit / Grassroots,unknown,['unknown'],['Unknown'],[],Unknown,,Not Verified,merge_engine,2026-05-25T03:12:12Z
a44d2892-a124-4f36-8bc2-2d26a09156d3,Buena Park Climate Education Center,Buena Park,CA,4567 Education Ln,90620,http://www.buenaparkclimateed.org,unknown,unknown,Provides educational programs on climate change and sustainability.,Nonprofit / Grassroots,Town / City,['Residents'],['Environmental'],[],Community Engagement,,Not Verified,merge_engine,2026-05-25T03:12:12Z
a4527665-f84c-4ee9-aa2b-09db51bf351d,Franklin Regional Council of Governments,Northfield,MA,12 Olive Street,01301,https://franklincog.org,unknown,unknown,The Franklin Regional Council of Governments works on regional climate initiatives and sustainability planning for municipalities in Franklin County.,Nonprofit / Grassroots,Regional,['Municipality'],['Environmental'],[],Community Engagement,,Not Verified,merge_engine,2026-05-25T03:12:12Z
a45aae16-cfc6-4797-86d5-d395cad983ba,Sustainable Capitola,Capitola,CA,"Capitola, CA",95010,http://www.sustainablecapitola.org,unknown,unknown,Sustainable Capitola focuses on initiatives that promote sustainability and climate action in the community.,Nonprofit / Grassroots,Town / City,['Residents'],['Environmental'],[],Community Engagement,,Not Verified,merge_engine,2026-05-25T03:12:12Z
a47c9874-db22-4d2a-9f98-936afe6c0a65,Sustainable Fairhaven,Fairhaven,MA,"Fairhaven, MA",02719,http://www.sustainablefairhaven.org,unknown,unknown,Sustainable Fairhaven works on initiatives that promote energy efficiency and renewable energy sources in the community.,Nonprofit / Grassroots,unknown,['unknown'],['Unknown'],[],Unknown,,Not Verified,merge_engine,2026-05-25T03:12:12Z
a4841a10-f9b8-4ad4-bbd8-3ef255cca48f,Concord Climate Action Committee,Concord,MA,200 Lincoln Ave,93901,https://concordma.gov/3324/Climate-Action-Committee,unknown,unknown,The committee focuses on implementing local climate action plans and policies to address climate change impacts in Salinas.,Nonprofit / Grassroots,"[""Town / City""]","['Residents', 'Businesses']","['Energy Efficiency', 'Transportation', 'Environmental', 'Food & Food Waste', 'Waste Reduction']",[],Policy,,Verified,merge_engine,2026-05-25T00:27:17Z
a4a9d4a2-574e-4f07-912b-ec719d3140c0,New Hampshire Climate Action Network,Greenville,NH,2 Pillsbury Street,03301,https://www.nhclimateaction.org,unknown,unknown,The New Hampshire Climate Action Network is dedicated to advocating for policies that address climate change and promote sustainable practices across the state.,Nonprofit / Grassroots,State / National,"['Businesses', 'Municipality', 'Residents']",['Environmental'],[],Policy,,Not Verified,merge_engine,2026-05-25T03:12:12Z
a4ad3b14-f259-4bcf-9af6-def35ae46231,Provincetown Climate Action Committee,Provincetown,MA,260 Commercial St,02657,https://concordma.gov/3324/Climate-Action-Committee,unknown,unknown,The Climate Action Committee focuses on reducing greenhouse gas emissions and promoting sustainability in Provincetown.,Municipal / Government-affiliated,"[""Town / City""]","['Residents', 'Businesses']","['Energy Efficiency', 'Transportation', 'Environmental', 'Food & Food Waste', 'Waste Reduction']",[],Community Engagement,,Verified,merge_engine,2026-05-25T00:27:17Z
a4bef261-d20f-424b-8fc3-29cbef49e1ae,Solano County Climate Action Coalition,Vallejo,CA,675 Texas St,94590,http://www.solanocounty.ca.gov/climateaction,unknown,unknown,The Solano County Climate Action Coalition aims to implement climate action plans and promote regional sustainability efforts.,Municipal / Government-affiliated,Regional,"['Businesses', 'Municipality', 'Residents']",['Environmental'],[],Policy,,Not Verified,merge_engine,2026-05-25T03:12:12Z
a4d93c3b-cb41-4f2f-b429-7fa887aa7c5f,City of Gloucester Climate Action Plan,Gloucester,MA,"City Hall, 9 Dale Ave",01930,https://gloucester-ma.gov/ClimateActionPlan,unknown,unknown,The city has developed a Climate Action Plan focusing on emissions reduction and resilience.,Municipal / Government-affiliated,Town / City,"['Municipality', 'Residents']",['Unknown'],[],Unknown,,Not Verified,merge_engine,2026-05-25T03:12:12Z
a4e3499c-fc9f-4e6e-93a7-1b6c2496ad37,New Hampshire Sustainable Energy Association,Madison,NH,2 Pillsbury Street,03301,https://www.nhsea.org/,unknown,unknown,"The New Hampshire Sustainable Energy Association (NHSEA) advocates for clean energy and sustainability initiatives in New Hampshire, focusing on reducing emissions and promoting energy efficiency.",Nonprofit / Grassroots,State / National,"['Businesses', 'Municipality', 'Residents']",['Energy Efficiency'],[],Policy,,Not Verified,merge_engine,2026-05-25T03:12:12Z
a53a56ef-96d5-488f-91e1-f111355f7781,Raddin Station Climate Education Center,Raddin Station,MA,unknown,,https://www.raddinstationclimateeducation.org/,unknown,unknown,The center provides educational resources and programs focused on climate change and sustainability.,Nonprofit / Grassroots,Town / City,['Residents'],['Environmental'],[],Community Engagement,,Not Verified,merge_engine,2026-05-25T03:12:12Z
a548fa46-b0d0-401b-91ad-f9f9ec38e48a,Moorpark City Council,Moorpark,CA,323 Science Drive,93021,https://www.moorparkca.gov/,unknown,805-517-6200,"The Moorpark City Council is the governing body of Moorpark, CA, involved in municipal planning and local governance.",Municipal / Government-affiliated,Town / City,"['Municipality', 'Residents']",['Unknown'],[],Policy,,Not Verified,merge_engine,2026-05-25T03:12:12Z
a5513df5-e246-4d88-a87a-ba3c8fbfbf32,Arlington's Energy Efficiency Program,Arlington,MA,"Arlington, MA",02476,https://www.arlingtonma.gov/departments/planning/energy-efficiency,unknown,unknown,The program aims to reduce energy consumption and promote energy efficiency measures in municipal buildings and homes.,Municipal / Government-affiliated,Town / City,"['Municipality', 'Residents']",['Energy Efficiency'],[],Community Engagement,,Not Verified,merge_engine,2026-05-25T03:12:12Z
a55f7925-fcaa-4160-a4f6-08e028c50737,Jurupa Valley Climate Action Committee,Jurupa Valley,CA,8930 Jasper St,92509,http://www.jurupavalley.org/climateaction,unknown,unknown,The Jurupa Valley Climate Action Committee focuses on local climate action initiatives and policies.,Nonprofit / Grassroots,unknown,['unknown'],['Unknown'],[],Unknown,,Not Verified,merge_engine,2026-05-25T03:12:12Z
a589f8fc-2dba-4afe-a1cd-01947f5baa1c,Sustainable Northampton,Curzon Mill,MA,100 Main St,01060,https://www.sustainablenorthampton.org,unknown,unknown,Sustainable Northampton works on local sustainability initiatives that include climate action and resilience planning.,Nonprofit / Grassroots,Town / City,['Residents'],['Environmental'],[],Community Engagement,,Not Verified,merge_engine,2026-05-25T03:12:12Z
a593c499-5504-427f-bb9b-90b7646e212d,Sustainable Nantucket,Nantucket,MA,"14 Federal St, 2nd",02554,https://sustainablenantucket.org/,unknown,(508)228-3399,"Sustainable Nantucket is a community-driven, island-based non-profit dedicated to creating a more self-sufficient and locally rooted food system. Through education, advocacy, training, and partnerships, they work to build a resilient food network on Nantucket.",Nonprofit / Grassroots,Town / City,['Residents'],"['Food & Food Waste', 'Green Economics']",[],Community Engagement,,Not Verified,merge_engine,2026-05-25T03:12:12Z
a596e260-fb1c-4ee8-a201-4fa8fa04a08f,Sustainable Menifee,Menifee,CA,"29714 Haun Rd, Menifee, CA 92586",92584,http://www.sustainablemenifee.org,unknown,unknown,Sustainable Menifee promotes initiatives for energy efficiency and community resilience against climate change.,Nonprofit / Grassroots,Town / City,['Residents'],['Energy Efficiency'],[],Community Engagement,,Not Verified,merge_engine,2026-05-25T03:12:12Z
a5c01b44-77e1-4542-b2ed-5ab8856ef810,Green Nahant,Little Nahant,MA,"Nahant, MA",01908,http://www.greennahant.org,unknown,unknown,Green Nahant is focused on sustainability initiatives and climate action in the community.,Nonprofit / Grassroots,Town / City,['Residents'],['Environmental'],[],Community Engagement,,Not Verified,merge_engine,2026-05-25T03:12:12Z
a5ca99e8-4d27-4f04-9767-2f1718d2956e,Green Newton,newton,MA,"Wilton, NH",03086,http://www.greenwilton.org,unknown,unknown,Green Wilton focuses on sustainability initiatives and climate action in the community.,Nonprofit / Grassroots,"[""Town / City""]","['Residents', 'Municipality', 'Businesses']","['Energy Efficiency', 'Transportation', 'Environmental', 'Food & Food Waste', 'Waste Reduction', 'Green Economics']",[],Community Engagement,,Verified,merge_engine,2026-05-25T00:27:17Z
a5d17439-f9cd-4fe6-907c-e11b4f3f98fe,Concord Climate Action Committee,Concord,MA,300 Centennial Way,92780,https://concordma.gov/3324/Climate-Action-Committee,unknown,unknown,The Tustin Climate Action Committee focuses on reducing greenhouse gas emissions and promoting sustainability initiatives in the city.,Nonprofit / Grassroots,"[""Town / City""]","['Residents', 'Businesses']","['Energy Efficiency', 'Transportation', 'Environmental', 'Food & Food Waste', 'Waste Reduction']",[],Community Engagement,,Verified,merge_engine,2026-05-25T00:27:17Z
a6029416-6834-4f4d-a84b-62258212ad16,Green Benicia,Benicia,CA,456 Greenway Dr,94510,http://greenbenicia.org,unknown,unknown,unknown,Nonprofit / Grassroots,unknown,['unknown'],['Unknown'],[],Unknown,,Not Verified,merge_engine,2026-05-25T03:12:12Z
a6260e32-a313-4497-9eac-b44865fd8915,Youth Climate Action Network,El Cajon,CA,7890 Youth Way,92020,http://www.youthclimateaction.org,unknown,unknown,Engages youth in climate education and advocacy efforts.,Nonprofit / Grassroots,unknown,['Residents'],['Unknown'],[],Community Engagement,,Not Verified,merge_engine,2026-05-25T03:12:12Z
a6494d9b-8fd2-460f-8a60-2b7ea8a8888a,North Country Climate Action Network,Bethlehem,NH,PO Box 123,03574,https://www.northcountryclimateaction.org,unknown,unknown,The North Country Climate Action Network focuses on local climate initiatives and advocacy for emissions reduction in the North Country region.,Nonprofit / Grassroots,Regional,['Residents'],['Unknown'],[],Unknown,,Not Verified,merge_engine,2026-05-25T03:12:12Z
a65ec028-e4ee-424f-bf48-770073bfb640,Granite State Clean Cities Coalition,Loudon,NH,2 Pillsbury St,03301,https://www.granitestatecleancities.org,unknown,unknown,Granite State Clean Cities Coalition promotes the use of alternative fuels and advanced vehicle technologies to reduce greenhouse gas emissions in New Hampshire.,Nonprofit / Grassroots,State / National,"['Businesses', 'Municipality', 'Residents']",['Transportation'],[],Community Engagement,,Not Verified,merge_engine,2026-05-25T03:12:12Z
a66541fe-1c23-44bd-ab9c-4b916458c188,Essex Climate Action,Essex,MA,1 Main St,01929,http://www.essexclimateaction.org,unknown,unknown,Essex Climate Action focuses on local climate initiatives and community engagement for sustainability.,Nonprofit / Grassroots,Town / City,['Residents'],['Unknown'],[],Community Engagement,,Not Verified,merge_engine,2026-05-25T03:12:12Z
a66a623a-f0d2-4edc-8b8e-a5261fb0e133,Westhampton Climate Action Committee,Westhampton,MA,"Westhampton Town Hall, 1 South Road",01027,http://www.westhampton-ma.org/climate-action-committee,unknown,unknown,The Westhampton Climate Action Committee focuses on local climate initiatives and sustainability efforts.,Nonprofit / Grassroots,Town / City,['Residents'],['Unknown'],[],Community Engagement,,Not Verified,merge_engine,2026-05-25T03:12:12Z
a715cc18-2f83-430e-b6c4-2cac7349d888,Pico Rivera Climate Action Committee,Pico Rivera,MA,6615 Passons Blvd,90660,https://concordma.gov/3324/Climate-Action-Committee,unknown,unknown,The Pico Rivera Climate Action Committee focuses on local climate initiatives and sustainability efforts.,Nonprofit / Grassroots,"[""Town / City""]","['Residents', 'Businesses']","['Energy Efficiency', 'Transportation', 'Environmental', 'Food & Food Waste', 'Waste Reduction']",[],Community Engagement,,Verified,merge_engine,2026-05-25T00:27:17Z
a7374242-eaaf-4f45-8b7f-277becf2b6e8,Santa Barbara Climate Coalition,Santa Barbara,CA,unknown,93101,https://www.santabarbaraclimatecoalition.org,unknown,unknown,The coalition focuses on climate action initiatives and advocacy efforts in the Santa Barbara area.,Nonprofit / Grassroots,Regional,['Residents'],['Unknown'],[],Community Engagement,,Not Verified,merge_engine,2026-05-25T03:12:12Z
a766ede9-d4bd-43e4-8c27-856c5e5a378a,Sustainable Tulare,Tulare,CA,"Tulare, CA",93274,http://www.sustainabletulare.org/,unknown,unknown,Focuses on community initiatives that promote sustainability and climate action.,Nonprofit / Grassroots,Town / City,['Residents'],['Unknown'],[],Community Engagement,,Not Verified,merge_engine,2026-05-25T03:12:12Z
a77adbd3-3f3d-4291-84ab-b29582b8c48f,Green Lynn,East Lynn,MA,"Lynn, MA",01902,http://greenlynn.org,unknown,unknown,Green Lynn is focused on climate action and sustainability initiatives in the Lynn area.,Nonprofit / Grassroots,unknown,['unknown'],['Unknown'],[],Unknown,,Not Verified,merge_engine,2026-05-25T03:12:12Z
a786b6c4-0afd-4f3d-855f-ff92f3fd1de8,Contra Costa County Climate Action Plan,San Pablo,CA,"651 Pine St, 2nd",94553,https://www.contracosta.ca.gov/,unknown,unknown,The Contra Costa County Climate Action Plan outlines strategies for emissions reduction and climate resilience.,Municipal / Government-affiliated,Regional,"['Municipality', 'Residents']",['Environmental'],[],Policy,,Not Verified,merge_engine,2026-05-25T03:12:12Z
a7a7d159-c04f-40dd-b902-1f23d50bf155,Central Valley Air Quality Coalition,Modesto,CA,5678 Elm St,95354,http://www.cvairquality.org,unknown,unknown,Works on air quality issues related to climate change and emissions reduction.,Nonprofit / Grassroots,Regional,"['Businesses', 'Municipality', 'Residents']",['Environmental'],[],Policy,,Not Verified,merge_engine,2026-05-25T03:12:12Z
a7c8a4bf-e36b-4b8b-b3ea-b44f33a22daa,Sustainable Coachella,Coachella,CA,"Coachella, CA",92236,http://www.sustainablecoachella.org,unknown,unknown,Sustainable Coachella focuses on local sustainability initiatives including climate action and community resilience programs.,Nonprofit / Grassroots,Town / City,['Residents'],['Environmental'],[],Community Engagement,,Not Verified,merge_engine,2026-05-25T03:12:12Z
a7e05797-1626-4b4e-b3da-c8ba83bd5557,Sonoma County Regional Climate Protection Authority,Sebastopol,CA,unknown,95472,https://www.sonomacounty.ca.gov/Climate-Protection-Authority/,unknown,unknown,The Sonoma County Regional Climate Protection Authority develops and implements climate action plans to reduce greenhouse gas emissions across Sonoma County.,Municipal / Government-affiliated,Regional,"['Municipality', 'Residents']",['Energy Efficiency'],[],Policy,,Not Verified,merge_engine,2026-05-25T03:12:12Z
a857b7aa-55bc-40ec-a922-2bdf9fc169d1,Sustainable South Coast,Rochester,MA,1213 Purchase St,02740,https://sustainablesouthcoast.org/,unknown,unknown,Sustainable South Coast works on initiatives related to climate action and sustainability in the region.,Nonprofit / Grassroots,Regional,['Residents'],['Environmental'],[],Community Engagement,,Not Verified,merge_engine,2026-05-25T03:12:12Z
a859c215-2471-4cf9-8019-b8c868e01667,Beverly Municipal Sustainability Committee,Beverly,MA,191 Cabot Street,01915,http://www.beverlyma.gov/sustainability,unknown,978-921-6000,The Beverly Municipal Sustainability Committee is committed to a sustainable future for Beverly by significantly reducing carbon pollution and enhancing the community's resilience to climate change through environmentally conscious municipal operations and collaborative community programs.,Municipal / Government-affiliated,Town / City,"['Businesses', 'Municipality', 'Residents']","['Energy Efficiency', 'Environmental', 'Transportation', 'Waste Reduction']",[],Community Engagement,,Not Verified,merge_engine,2026-05-25T03:12:12Z
a871cb2a-428e-44db-8531-e518a875c9c1,Green Long Beach,Long Beach,CA,100 W Broadway,90802,https://www.greenlongbeach.org,unknown,unknown,Green Long Beach focuses on community engagement and education around climate action and sustainability initiatives.,Nonprofit / Grassroots,Town / City,['Residents'],['Environmental'],[],Community Engagement,,Not Verified,merge_engine,2026-05-25T03:12:12Z
a89c1875-50f0-4433-9e8e-787cc1eeb985,Bennington County Regional Commission,Woodford,VT,One Avenue A,05201,https://www.bcrcvt.org/,unknown,unknown,The BCRC works on regional planning that includes climate adaptation and resilience strategies.,Nonprofit / Grassroots,Regional,['unknown'],['Unknown'],[],Unknown,,Not Verified,merge_engine,2026-05-25T03:12:12Z
a8cf462f-b474-403e-bc63-5658a0563c44,City of Santa Clara - Environmental Programs,Santa Clara,CA,1500 Warburton Ave,95050,https://www.santaclaraca.gov/,unknown,unknown,The City of Santa Clara has various programs aimed at climate action and sustainability.,Municipal / Government-affiliated,Town / City,['Residents'],['Unknown'],[],Unknown,,Not Verified,merge_engine,2026-05-25T03:12:12Z
a90be697-082f-492c-8462-ae0e1c884397,Amador County Climate Action Committee,Ione,CA,810 Court St,95642,http://www.amadorgov.org/climateaction,unknown,unknown,Amador County Climate Action Committee focuses on climate action and sustainability initiatives in the region.,Nonprofit / Grassroots,Regional,"['Municipality', 'Residents']",['Unknown'],[],Community Engagement,,Not Verified,merge_engine,2026-05-25T03:12:12Z
a91f0269-09ff-4162-900f-01252ec6020a,Sustainable Southborough,Southborough,MA,"Southborough, MA",01772,http://www.sustainablesouthborough.org,unknown,unknown,Sustainable Southborough is focused on promoting sustainable practices and climate action within the community.,Nonprofit / Grassroots,Town / City,['Residents'],['Environmental'],[],Community Engagement,,Not Verified,merge_engine,2026-05-25T03:12:12Z
a94a6fd2-7580-4ad8-af4e-82a0b1dda621,Sustainable Salisbury,Salisbury,MA,"Salisbury, MA",01952,http://www.sustainablesalisbury.org,unknown,unknown,Focus on local climate initiatives and sustainability practices in Salisbury.,Nonprofit / Grassroots,Town / City,['Residents'],['Unknown'],[],Community Engagement,,Not Verified,merge_engine,2026-05-25T03:12:12Z
a96c0c9f-556d-4446-bab2-524810a03d1d,Plainfield Climate Action,Plainfield,MA,123 Main St,01070,http://plainfieldclimateaction.org,unknown,unknown,Focus on local climate initiatives and community resilience programs.,Nonprofit / Grassroots,Town / City,['Residents'],['Unknown'],[],Community Engagement,,Not Verified,merge_engine,2026-05-25T03:12:12Z
a9b807cf-8d13-4421-8c54-c9f5b291c5cd,California State University Channel Islands,Camarillo,CA,1 University Dr,93012,https://www.csuci.edu/,admissions@csuci.edu,805-437-8400,"California State University Channel Islands (CSUCI) is a public university offering a range of academic programs and student-centered education. It is located in Camarillo, California, and provides various resources and services to support students' educational endeavors.",Academic,State / National,"['Businesses', 'Municipality', 'Residents']",['Unknown'],[],Community Engagement,,Not Verified,merge_engine,2026-05-25T03:12:12Z
aa15925e-20ed-4181-a4ad-6aac4e2eb9f7,Lomita Environmental Sustainability Committee,Lomita,CA,"24300 Narbonne Ave, Lomita, CA 90717",90717,http://www.lomita.com/sustainability,unknown,unknown,The Lomita Environmental Sustainability Committee focuses on climate action and sustainability initiatives in the community.,Municipality,Town / City,"['Municipality', 'Residents']",['Environmental'],[],Community Engagement,,Not Verified,merge_engine,2026-05-25T03:12:12Z
aa196f3b-89b8-4edc-bbfa-4abc9efaf116,Massachusetts Climate Action Network (MCAN),Concord,MA,34 Walden Street,01742,https://massclimateaction.org/,[email protected],unknown,"The Massachusetts Climate Action Network (MCAN) is a 501(c)3 non-profit organization that fights the climate crisis through community action, focusing on decarbonization and electrification to replace fossil fuels with clean, renewable, and sustainable energy.",Nonprofit / Grassroots,State / National,"['Businesses', 'Municipality', 'Residents']","['Environmental', 'Energy Efficiency']",[],Community Engagement,,Not Verified,merge_engine,2026-05-25T03:12:12Z
aa1a7ce8-6be1-47bb-a78f-f9530c650cd9,Mendocino County Climate Action Committee,Ukiah,CA,1075 W Church St,95482,https://www.mendocinocounty.org/government/board-of-supervisors/climate-action-committee,unknown,unknown,Mendocino County Climate Action Committee works on climate action planning and implementation.,Nonprofit / Grassroots,Regional,"['Municipality', 'Residents']",['Unknown'],[],Unknown,,Not Verified,merge_engine,2026-05-25T03:12:12Z
aa8c8fd3-0027-45db-b5ef-dbc9d366ea60,Sustainable Arcadia,Arcadia,CA,20 W Duarte Road,91006,http://www.sustainablearcadia.org,info@sustainablearcadia.org,626-254-2720,"Sustainable Arcadia aims to preserve and enhance the City’s natural landscapes and local resources while ensuring compliance with all Federal and State regulations. The City promotes sustainability through policies and programs, offering services in water conservation, energy efficiency, waste management, and recycling.",Nonprofit / Grassroots,Town / City,['Residents'],"['Environmental', 'Waste Reduction', 'Energy Efficiency']",[],Community Engagement,,Not Verified,merge_engine,2026-05-25T03:12:12Z
aa9148e4-4fae-4d40-9de1-e2c8db20ecbb,Sonoma County Regional Climate Protection Authority,Healdsburg,CA,575 Administration Dr,95403,https://www.srcity.org/ClimateProtection,unknown,unknown,"The Sonoma County Regional Climate Protection Authority works on climate action planning and implementation across the region, including Healdsburg.",Nonprofit / Grassroots,Regional,"['Municipality', 'Residents']",['Unknown'],[],Policy,,Not Verified,merge_engine,2026-05-25T03:12:12Z
aabfa854-5d18-445c-adff-b202147dea07,Sierra Nevada Alliance,Loyalton,CA,PO Box 1235,96161,unknown,unknown,unknown,The Sierra Nevada Alliance works on climate resilience and adaptation strategies in the Sierra Nevada region.,unknown,unknown,['unknown'],['Unknown'],[],Unknown,,Not Verified,merge_engine,2026-05-25T03:12:12Z
ab68e2da-286f-4e87-81bb-1375fc2cc81f,Seacoast Climate Collaborative,Lee,NH,1 Junkins Ave,03801,https://www.seacoastclimate.org/,unknown,unknown,The Seacoast Climate Collaborative is focused on climate action and resilience in the Seacoast region of New Hampshire.,Nonprofit / Grassroots,Regional,['Residents'],['Unknown'],[],Community Engagement,,Not Verified,merge_engine,2026-05-25T03:12:12Z
ab6933e3-cc42-4112-9bc2-9dca9929fd24,Green Thousand Oaks,Thousand Oaks,CA,"Thousand Oaks, CA",91360,http://www.greenthousandoaks.org,unknown,unknown,Focus on climate action and sustainability initiatives in Thousand Oaks.,Nonprofit / Grassroots,Town / City,['Residents'],['Unknown'],[],Community Engagement,,Not Verified,merge_engine,2026-05-25T03:12:12Z
ab7b7c98-3044-4af3-b9bc-53f0e7d68748,Worcester Environmental Council,Howe,MA,"Worcester, MA",01608,https://www.worcesterenvironmentalcouncil.org/,unknown,unknown,The Worcester Environmental Council works on climate resilience and sustainability initiatives in the city.,Nonprofit / Grassroots,Town / City,['Residents'],['Environmental'],[],Community Engagement,,Not Verified,merge_engine,2026-05-25T03:12:12Z
ab7ebe11-a1c5-450f-88da-d909bc696b8c,Sustainable Seekonk,Seekonk,MA,"Seekonk Town Hall, 100 Peck Street",02771,http://www.seekonk-ma.gov/sustainable-seekonk,unknown,unknown,Sustainable Seekonk focuses on initiatives for energy efficiency and reducing carbon emissions in the community.,Municipal / Government-affiliated,Town / City,['Residents'],['Energy Efficiency'],[],Unknown,,Not Verified,merge_engine,2026-05-25T03:12:12Z
abb8353c-8952-48b6-8885-9b09b7866c99,San Mateo County Climate Action Plan,San Mateo,CA,"400 County Center, 3rd",94402,https://www.smcsustainability.org/climate-action-plan,unknown,unknown,The Climate Action Plan outlines strategies for reducing greenhouse gas emissions and adapting to climate change impacts in San Mateo County.,Nonprofit / Grassroots,Regional,"['Municipality', 'Residents']",['Environmental'],[],Policy,,Not Verified,merge_engine,2026-05-25T03:12:12Z
abc06b5f-26ba-4768-93d3-8211f97ed87e,Green Maynard,Maynard,MA,"Maynard, MA",01754,http://www.greenmaynard.org,begreenmaynard@gmail.com,unknown,"Green Maynard is a volunteer nonprofit organization focused on raising awareness about the climate crisis and advocating for sustainable policies in Maynard and beyond. They engage in community education, conservation efforts, and policy advocacy.",Nonprofit / Grassroots,Town / City,['Residents'],"['Environmental', 'Waste Reduction', 'Energy Efficiency']",[],Community Engagement,,Not Verified,merge_engine,2026-05-25T03:12:12Z
abce8b27-b91a-4544-8853-0e35e55ffe1c,Kern Climate Change Collaborative,Delano,CA,1600 East California Avenue,93301,http://kernclimate.org,unknown,unknown,Kern Climate Change Collaborative is focused on climate action and resilience in Kern County.,Nonprofit / Grassroots,unknown,['unknown'],['Unknown'],[],Unknown,,Not Verified,merge_engine,2026-05-25T03:12:12Z
ac53f2d8-e489-4eaa-a36f-9e88874171d2,Concord Climate Action Committee,Concord,MA,318 First Street,95694,https://concordma.gov/3324/Climate-Action-Committee,unknown,unknown,The Winters Climate Action Committee focuses on local climate initiatives and sustainability efforts.,Municipal / Government-affiliated,"[""Town / City""]","['Residents', 'Businesses']","['Energy Efficiency', 'Transportation', 'Environmental', 'Food & Food Waste', 'Waste Reduction']",[],Community Engagement,,Verified,merge_engine,2026-05-25T00:27:17Z
ac95f576-c938-41a0-aa9e-483c122a4cd0,Sustainable Novato,Novato,CA,PO Box 1322,94945,https://www.sustainablenovato.org,unknown,unknown,"Sustainable Novato is a non-profit organization of volunteers advocating and educating about sustainability in Novato. They work on initiatives like clean energy, water conservation, green transportation, and zero waste to create a healthier, more economically vital, and socially equitable city.",Nonprofit / Grassroots,Town / City,['Residents'],"['Environmental', 'Waste Reduction', 'Green Economics', 'Transportation', 'Energy Efficiency']",[],Community Engagement,,Not Verified,merge_engine,2026-05-25T03:12:12Z
aca3e326-c758-40e0-a6a1-7d065c21071a,Sustainable Alameda,Alameda,CA,PO Box 941,94501,http://sustainablealameda.org/,unknown,unknown,Sustainable Alameda works on initiatives to reduce greenhouse gas emissions and promote sustainability in the community.,Nonprofit / Grassroots,Town / City,['Residents'],['Environmental'],[],Community Engagement,,Not Verified,merge_engine,2026-05-25T03:12:12Z
acaa267a-57c0-4acc-b8d9-1e32aa007a63,Seacoast Energy Hub,Dover,NH,1 Washington Street,03820,https://www.seacoastenergyhub.org/,unknown,unknown,"The Seacoast Energy Hub is focused on energy efficiency, renewable energy, and community engagement to reduce carbon emissions.",Nonprofit / Grassroots,unknown,['Residents'],['Energy Efficiency'],[],Community Engagement,,Not Verified,merge_engine,2026-05-25T03:12:12Z
acdd37dc-313b-440f-9a4f-5283ee585930,Ventura County Climate Coalition,Santa Paula,CA,800 S Victoria Ave,93001,http://venturacountyclimate.org,unknown,unknown,Works on regional climate initiatives and policy advocacy.,Nonprofit / Grassroots,Regional,"['Businesses', 'Municipality', 'Residents']",['Unknown'],[],Policy,,Not Verified,merge_engine,2026-05-25T03:12:12Z
acf5999c-71de-4024-8802-e6a99712b847,Dudley Conservation Commission,Dudley,MA,71 West Main Street,01571,http://www.dudleyma.gov/conservation-commission,unknown,unknown,The Dudley Conservation Commission is involved in local climate initiatives and planning.,Municipal / Government-affiliated,Town / City,"['Municipality', 'Residents']",['Environmental'],[],Conservation,,Not Verified,merge_engine,2026-05-25T03:12:12Z
ad137499-302a-4762-9779-40ec6ee6db4f,Riverside Green Energy Task Force,Riverside,MA,135 Greenway Dr,01039,http://www.riversidegreenenergy.org,unknown,unknown,The Riverside Green Energy Task Force promotes renewable energy projects and energy efficiency in the community.,Nonprofit / Grassroots,Town / City,['Residents'],['Energy Efficiency'],[],Community Engagement,,Not Verified,merge_engine,2026-05-25T03:12:12Z
ad1a0029-f9e5-47b5-8388-973c5851d499,Sustainable Palm Springs,Palm Springs,CA,9100 Palm Canyon Dr,92262,http://www.sustainablepalmsprings.org,unknown,unknown,Promotes sustainable practices and climate resilience in local communities.,Nonprofit / Grassroots,Town / City,['Residents'],['Environmental'],[],Community Engagement,,Not Verified,merge_engine,2026-05-25T03:12:12Z
ad319581-6852-41cb-98b5-7a49cfd222aa,Union City Climate Action Committee,Union City,MA,"34009 Alvarado Niles Rd, Union City, CA 94587",94587,https://concordma.gov/3324/Climate-Action-Committee,unknown,unknown,The Union City Climate Action Committee focuses on reducing greenhouse gas emissions and promoting sustainability initiatives in the community.,Nonprofit / Grassroots,"[""Town / City""]","['Residents', 'Businesses']","['Energy Efficiency', 'Transportation', 'Environmental', 'Food & Food Waste', 'Waste Reduction']",[],Community Engagement,,Verified,merge_engine,2026-05-25T00:27:17Z
ad6edfbd-baaf-4470-b92a-1f5551e6e3ca,Sustainable Derry,Derry,NH,"Derry, NH",03038,http://sustainablederry.org,unknown,unknown,"Sustainable Derry focuses on initiatives that promote energy efficiency and sustainability in the community, including climate action programs.",Nonprofit / Grassroots,unknown,['unknown'],['Unknown'],[],Unknown,,Not Verified,merge_engine,2026-05-25T03:12:12Z
ad940e50-c141-4293-88d3-3a22279f05a8,North Country Climate Action,Dummer,NH,123 Main St,03570,http://www.northcountryclimateaction.org,unknown,unknown,Focus on local climate action initiatives and community resilience programs.,Nonprofit / Grassroots,Town / City,['Residents'],['Unknown'],[],Community Engagement,,Not Verified,merge_engine,2026-05-25T03:12:12Z
ad9f6f97-47f9-464c-a978-498a6df893f4,Massachusetts Climate Action Network,Cambridge,MA,"123 Main St, Cambridge, MA 02138",02138,https://www.massclimateaction.org,unknown,unknown,Massachusetts Climate Action Network works on climate policy and advocacy to reduce emissions and promote sustainability.,Nonprofit / Grassroots,State / National,"['Businesses', 'Municipality', 'Residents', 'unknown']","['Environmental', 'Green Economics']",[],Policy,,Not Verified,merge_engine,2026-05-25T03:12:12Z
ada00c7d-de0c-4bf5-ba0a-837f28732523,San Benito County Resource Management Agency,Hollister,CA,3224 Southside Road,95023,https://www.sbcresource.com/,unknown,unknown,"The agency focuses on waste reduction and recycling, which includes programs aimed at reducing emissions and promoting sustainability.",Municipality,Regional,"['Municipality', 'Residents']",['Waste Reduction'],[],Unknown,,Not Verified,merge_engine,2026-05-25T03:12:12Z
adb0ec72-98bb-4c76-8123-55ba9ddf52c9,New Hampshire Climate Action Network,New Boston,NH,1000 Elm St,03101,https://www.nhclimateaction.org,unknown,unknown,The New Hampshire Climate Action Network is dedicated to promoting climate action and policy changes in New Hampshire.,Nonprofit / Grassroots,State / National,"['Businesses', 'Municipality', 'Residents']",['Environmental'],[],Policy,,Not Verified,merge_engine,2026-05-25T03:12:12Z
ae276223-47f9-4b82-80e8-70c22c6aeaaa,Worcester Climate Action Network,Ware,MA,"Worcester, MA",01609,https://www.worcesterclimateaction.org/,unknown,unknown,Worcester Climate Action Network is focused on climate action and sustainability initiatives in the Worcester area.,Nonprofit / Grassroots,Regional,['Residents'],['Unknown'],[],Community Engagement,,Not Verified,merge_engine,2026-05-25T03:12:12Z
ae4bd8b8-aac3-41c6-a66d-fe7d29d2e3d7,San Mateo County Office of Sustainability,Belmont,CA,"400 County Center, 3rd",94002,https://www.smcsustainability.org,unknown,unknown,The San Mateo County Office of Sustainability implements programs aimed at reducing greenhouse gas emissions and promoting climate resilience in San Mateo County.,Nonprofit / Grassroots,Regional,"['Businesses', 'Municipality', 'Residents']","['Waste Reduction', 'Energy Efficiency', 'Transportation', 'Environmental', 'Food & Food Waste']",[],Community Engagement,,Not Verified,merge_engine,2026-05-25T03:12:12Z
ae62e716-753a-4fd3-bc2b-db90b87c2936,Green Arvin,Arvin,CA,"Arvin, CA",93203,http://www.greenarvin.org,unknown,unknown,Green Arvin focuses on local climate action initiatives and community education regarding sustainability practices.,Nonprofit / Grassroots,Town / City,['Residents'],['Environmental'],[],Community Engagement,,Not Verified,merge_engine,2026-05-25T03:12:12Z
ae6b8ead-7d49-4585-b0c9-a2c1c6c56012,New Hampshire Sustainable Energy Association (NHSEA),Portsmouth,NH,"Portsmouth, NH",03801,https://www.nhsea.org,unknown,unknown,NHSEA promotes sustainable energy solutions and policies that contribute to climate action across New Hampshire.,Nonprofit / Grassroots,State / National,"['Businesses', 'Municipality', 'Residents']",['Energy Efficiency'],[],Policy,,Not Verified,merge_engine,2026-05-25T03:12:12Z
ae6bcba6-7c66-4192-95bd-8e1e840dd374,Northeast Kingdom Collaborative,St Johnsbury,VT,PO Box 4043,05819,https://www.nekcollaborative.org/,unknown,unknown,"The Northeast Kingdom Collaborative aims to improve the quality of life in Vermont's Northeast Kingdom through coordinated economic and community development, focusing on building strong, vibrant communities.",Nonprofit / Grassroots,Regional,"['Businesses', 'Municipality', 'Residents']",['Unknown'],[],Community Engagement,,Not Verified,merge_engine,2026-05-25T03:12:12Z
ae88e1be-16ec-4ac2-8a18-c03fb65d3226,Sonoma County Youth Climate Action,Sonoma,CA,PO Box 123,95403,https://www.scyca.org/,unknown,unknown,Sonoma County Youth Climate Action engages youth in climate education and advocacy efforts to promote climate action.,Nonprofit / Grassroots,Regional,['Residents'],['Environmental'],[],Community Engagement,,Not Verified,merge_engine,2026-05-25T03:12:12Z
ae9a4dbd-6e63-49bf-84b7-05d5e3558efe,Sustainable Poway,Poway,CA,12345 Poway Rd,92064,http://www.sustainablepoway.org,unknown,unknown,"Sustainable Poway focuses on local sustainability initiatives, including climate action and energy efficiency programs.",Nonprofit / Grassroots,Town / City,['Residents'],['Energy Efficiency'],[],Community Engagement,,Not Verified,merge_engine,2026-05-25T03:12:12Z
aed767c1-50be-493f-824c-66e910aec11f,Green Port Hueneme,Port Hueneme,CA,"Port Hueneme, CA",93041,http://www.greenporthueneme.org,unknown,unknown,Green Port Hueneme promotes initiatives for renewable energy and climate action in the community.,Nonprofit / Grassroots,Town / City,['Residents'],['Energy Efficiency'],[],Community Engagement,,Not Verified,merge_engine,2026-05-25T03:12:12Z
aee8c849-b1db-4e33-af14-0435a133f37b,Sustainable Seacoast,East Kingston,NH,PO Box 1414,03801,https://sustainableseacoast.org/,unknown,unknown,"Sustainable Seacoast focuses on climate action and sustainability initiatives in the Seacoast area, including energy efficiency and community resilience programs.",Nonprofit / Grassroots,Regional,['unknown'],['Unknown'],[],Unknown,,Not Verified,merge_engine,2026-05-25T03:12:12Z
aeff4b03-3abf-415f-9e14-b8ce2af3619e,Franklin Regional Council of Governments (FRCOG),Colrain,MA,12 Olive Street,01301,https://franklincog.org,unknown,unknown,"FRCOG works on regional climate adaptation and resilience planning, including initiatives to reduce greenhouse gas emissions.",Nonprofit / Grassroots,Regional,"['Municipality', 'Residents']",['Environmental'],[],Community Engagement,,Not Verified,merge_engine,2026-05-25T03:12:12Z
af0879e5-a4d6-429a-876c-c1cb17a294f1,Southampton Climate Action Committee,Southampton,MA,"Southampton Town Hall, 210 College Highway",01073,https://www.southamptonma.org/climate-action-committee,unknown,unknown,The Southampton Climate Action Committee focuses on local climate initiatives and sustainability efforts.,Nonprofit / Grassroots,Town / City,"['Municipality', 'Residents']",['Unknown'],[],Community Engagement,,Not Verified,merge_engine,2026-05-25T03:12:12Z
af1d8f45-d627-4bbb-8221-fa5c8b9c964d,Green Hanover,Hanover,MA,"Hanover Town Hall, 550 Hanover St",02339,https://www.hanover-ma.gov/green-hanover,unknown,unknown,The Green Hanover initiative focuses on sustainability and climate action in the community.,Municipal / Government-affiliated,Town / City,['Residents'],['Unknown'],[],Community Engagement,,Not Verified,merge_engine,2026-05-25T03:12:12Z
af2e40f4-f56a-4105-847c-6ef2cd70206d,Climate Action Coalition of the Coachella Valley,Palm Springs,CA,2345 Climate Ave,92262,http://www.climateactioncv.org,unknown,unknown,Works on climate advocacy and policy changes to address climate impacts in the region.,Nonprofit / Grassroots,Regional,"['Businesses', 'Municipality', 'Residents']",['Unknown'],[],Policy,,Not Verified,merge_engine,2026-05-25T03:12:12Z
af47acb3-de53-42db-b115-5886a3d87300,Oceanside Unified School District,Oceanside,CA,"2111 Mission Ave, Oceanside, CA 92058",92054,https://www.ousd.org/,unknown,unknown,The Oceanside Unified School District has programs focused on climate education and sustainability initiatives for students.,Nonprofit / Grassroots,Town / City,['Residents'],['Unknown'],[],Unknown,,Not Verified,merge_engine,2026-05-25T03:12:12Z
af6b41b4-df78-4c47-a311-58918924d9dc,Sustainable Manchester,Manchester,NH,"City Hall, 1 City Hall Plaza",03101,https://www.manchesternh.gov/Departments/Public-Works/Sustainable-Manchester,unknown,unknown,Sustainable Manchester focuses on reducing greenhouse gas emissions and promoting sustainability initiatives in the city.,Municipal / Government-affiliated,Town / City,"['Municipality', 'Residents']","['Environmental', 'Energy Efficiency']",[],Community Engagement,,Not Verified,merge_engine,2026-05-25T03:12:12Z
afc71ab5-59b4-4fcf-be05-efc691d71978,Haverhill Public Schools,Haverhill,MA,"Haverhill, MA",01830,http://www.haverhill-ps.org,unknown,unknown,"Haverhill Public Schools provides educational services in Haverhill, MA, with programs focused on climate education for students.",Nonprofit / Grassroots,Town / City,['Residents'],['Environmental'],[],Community Engagement,,Not Verified,merge_engine,2026-05-25T03:12:12Z
afc8cd99-84f5-48ab-a515-83b5c1b6330e,Doles Corner Energy Initiative,Doles Corner,MA,unknown,,https://www.dolescornerenergy.org,unknown,unknown,The Doles Corner Energy Initiative promotes electrification and energy transition programs to reduce carbon emissions in the community.,Nonprofit / Grassroots,Town / City,['Residents'],['Energy Efficiency'],[],Community Engagement,,Not Verified,merge_engine,2026-05-25T03:12:12Z
b0580cc8-95c9-4f04-a470-c2b5a25c090b,Benicia Youth Climate Coalition,Benicia,CA,789 Youth Ave,94510,http://beniciaycc.org,unknown,unknown,Engages youth in climate education and advocacy efforts.,Nonprofit / Grassroots,Town / City,['Residents'],['Environmental'],[],Community Engagement,,Not Verified,merge_engine,2026-05-25T03:12:12Z
b06e3f08-d966-467b-aeea-3016cd16bca5,North Country Climate Action Network,Northumberland,NH,"Lancaster, NH",03584,http://www.northcountryclimateaction.org,unknown,unknown,North Country Climate Action Network focuses on climate action and community resilience in the North Country region of New Hampshire.,Nonprofit / Grassroots,Regional,['Residents'],['Unknown'],[],Community Engagement,,Not Verified,merge_engine,2026-05-25T03:12:12Z
b07461c1-71b4-4c32-a59e-25f8e3a91cf4,Laguna Beach Green Business Program,Laguna Beach,CA,505 Forest Ave,92651,https://www.lagunabeachcity.net/cityhall/departments/planning/green_business.htm,unknown,unknown,The Laguna Beach Green Business Program encourages local businesses to adopt sustainable practices that reduce their carbon footprint.,Municipality,Town / City,['Businesses'],['Green Economics'],[],Community Engagement,,Not Verified,merge_engine,2026-05-25T03:12:12Z
b0b058d8-0a3e-44a7-8e1a-945598d93cf5,Green Wenham,Wenham,MA,"Wenham, MA",01984,http://www.greenwenham.org,unknown,unknown,Green Wenham focuses on local climate action initiatives and sustainability efforts in the community.,Nonprofit / Grassroots,Town / City,['Residents'],['Environmental'],[],Community Engagement,,Not Verified,merge_engine,2026-05-25T03:12:12Z
b0b109cc-54d2-49e6-a681-f48f7d234ab8,Camarillo Climate Committee,Camarillo,CA,601 Carmen Dr,93010,https://www.camarillo.gov/climate-committee,unknown,unknown,Camarillo Climate Committee focuses on climate action and sustainability initiatives in the city.,Municipal / Government-affiliated,Town / City,['unknown'],['Unknown'],[],Unknown,,Not Verified,merge_engine,2026-05-25T03:12:12Z
b0f64eda-f45a-4166-9087-2c3a7e3d31ae,Ventura County Climate Collaborative,Camarillo,CA,800 S Victoria Ave,93010,https://www.ventura.org/climate-collaborative,District1@ventura.org,805-654-5000,The Ventura County Climate Collaborative works on regional climate action plans and initiatives.,Nonprofit / Grassroots,Regional,"['Municipality', 'Residents']","['Environmental', 'Energy Efficiency']",[],Community Engagement,,Not Verified,merge_engine,2026-05-25T03:12:12Z
b0ff80f6-ab40-4a0b-8649-95faf726c14c,Surfrider Foundation - South Orange County Chapter,Seal Beach,CA,PO Box 2210,92651,https://www.surfridersoco.org/,unknown,unknown,"Surfrider Foundation focuses on protecting the ocean, waves, and beaches through a powerful activist network, including climate action initiatives.",Nonprofit / Grassroots,Regional,['Residents'],['Environmental'],[],Community Engagement,,Not Verified,merge_engine,2026-05-25T03:12:12Z
b1331109-e63a-48d2-8baa-adf096b43723,Pleasanton Climate Action Plan,Pleasanton,CA,"City of Pleasanton, 123 Main St, Pleasanton, CA",94566,https://www.cityofpleasantonca.gov/gov/depts/cd/planning/climate_action_plan.asp,unknown,unknown,The Pleasanton Climate Action Plan outlines strategies for reducing greenhouse gas emissions and enhancing community resilience to climate change.,Municipal / Government-affiliated,Town / City,"['Municipality', 'Residents']",['Environmental'],[],Community Engagement,,Not Verified,merge_engine,2026-05-25T03:12:12Z
b1335d16-c59d-419f-8165-b80e43798623,SLO Climate Action Network,San Luis Obispo,CA,unknown,93401,https://www.sloclimateactionnetwork.org,unknown,unknown,SLO Climate Action Network works to promote climate action and sustainability initiatives in the San Luis Obispo community.,Nonprofit / Grassroots,Town / City,['Residents'],['Unknown'],[],Community Engagement,,Not Verified,merge_engine,2026-05-25T03:12:12Z
b14ec849-0881-4b72-a4fa-01258f5a0024,Los Altos Hills Town Council,Los Altos Hills,CA,26379 Fremont Rd,94022,https://www.losaltoshills.ca.gov/,unknown,650-941-7222,The Los Altos Hills Town Council is involved in local governance with initiatives focused on sustainability and climate action.,Municipal / Government-affiliated,Town / City,"['Municipality', 'Residents']",['Environmental'],[],Community Engagement,,Not Verified,merge_engine,2026-05-25T03:12:12Z
b158ee5d-ccb2-41bd-af95-dd532fb83cb8,Western Massachusetts Network to End Homelessness,Springfield,MA,unknown,01103,https://www.westernmasshousingfirst.org/,unknown,unknown,"The Western Massachusetts Network to End Homelessness works across Hampden, Hampshire, Franklin, and Berkshire Counties to prevent and end homelessness through a Housing First approach that centers racial equity.",Nonprofit / Grassroots,Regional,"['Businesses', 'Municipality', 'Residents']",['Unknown'],[],Community Engagement,,Not Verified,merge_engine,2026-05-25T03:12:12Z
b175fc7c-4891-45d5-8620-ac465cc09e3d,New Bedford Whaling Museum,New Bedford,MA,18 Johnny Cake Hill,02740,https://www.whalingmuseum.org/,unknown,508-997-0046,"The New Bedford Whaling Museum explores the history and impact of whaling and New Bedford's role in global trade, migration, and innovation through exhibitions spanning science, art, history, and culture.",Nonprofit / Grassroots,Regional,['Residents'],['Environmental'],[],Community Engagement,,Not Verified,merge_engine,2026-05-25T03:12:12Z
b199c24f-87cc-4357-873a-fd5390037fcb,Greenlining Institute,San Francisco,CA,360 14th St,94105,https://greenlining.org,unknown,unknown,"The Greenlining Institute works towards a future where communities of color can build wealth, live in healthy places filled with economic opportunity, and are ready to meet the challenges posed by climate change. They focus on economic and climate equity, advocating for race-aware policies and supporting community-based climate justice projects.",Nonprofit / Grassroots,State / National,"['Businesses', 'Municipality', 'Residents']","['Environmental', 'Green Economics']",[],Policy,,Not Verified,merge_engine,2026-05-25T03:12:12Z
b1bf3fef-0d8e-457a-b8ec-f44da2934e42,North State Climate Action,Redding,CA,910 Oak St,96001,http://www.northstateclimateaction.org,unknown,unknown,Focuses on climate education and advocacy for local climate policies.,Nonprofit / Grassroots,Town / City,['Residents'],['Unknown'],[],Policy,,Not Verified,merge_engine,2026-05-25T03:12:12Z
b204b7ee-fa7f-4982-a95f-f3e85d741cea,Sustainable Dorset,Dorset,VT,"c/o Hawkers Farm, Dorset SP8 5LZ",05251,http://www.sustainabledorset.org,connect@sustainabledorset.org,unknown,"Sustainable Dorset aims to raise awareness and increase involvement in sustainability across Dorset. They connect people and communities, supporting individual well-being, community enterprises, and businesses to nurture resilience. They are involved in various initiatives including Dorset COP, Green Living Guide, and Eco Schools.",Nonprofit / Grassroots,Regional,"['Businesses', 'Municipality', 'Residents']","['Environmental', 'Waste Reduction', 'Green Economics', 'Food & Food Waste', 'Energy Efficiency']",[],Community Engagement,,Not Verified,merge_engine,2026-05-25T03:12:12Z
b2319650-0717-4cb2-85bb-cc5a01a7b33f,Chino Hills Climate Action Coalition,Chino Hills,CA,12345 Chino Hills Pkwy,91709,http://www.chinohillsclimateaction.org,unknown,unknown,The Chino Hills Climate Action Coalition focuses on reducing greenhouse gas emissions and promoting sustainable practices in the community.,Nonprofit / Grassroots,Town / City,['Residents'],['Green Economics'],[],Community Engagement,,Not Verified,merge_engine,2026-05-25T03:12:12Z
b2418f76-a60b-4a6f-a292-2be6d13f2538,Livermore Climate Resilience Initiative,Livermore,CA,789 Resilience Rd,94550,http://www.livermoreca.gov/resilience,unknown,unknown,This initiative focuses on developing strategies for climate adaptation and resilience in the community.,Municipal / Government-affiliated,Town / City,"['Municipality', 'Residents']",['Environmental'],[],Community Engagement,,Not Verified,merge_engine,2026-05-25T03:12:12Z
b24851ff-b1d6-4037-a56c-03736ff20201,Peninsula Clean Energy,Belmont,CA,2075 Woodside Rd,94002,https://www.peninsulacleanenergy.com,[email protected],1-866-966-0110,"Peninsula Clean Energy provides affordable and renewable electricity solutions, focusing on clean energy and community engagement.",Municipality,Regional,"['Businesses', 'Residents']",['Energy Efficiency'],[],Community Engagement,,Not Verified,merge_engine,2026-05-25T03:12:12Z
b2622fd7-b465-41c7-b969-9ac5ba949f21,Sustainable Lebanon,Lebanon,NH,"Sandown, NH",03873,https://sustainablelebanon/wordpress.com,unknown,unknown,Sustainable Sandown focuses on local initiatives to promote sustainability and reduce carbon emissions in the community.,Nonprofit / Grassroots,"[""Town / City""]","['Residents', 'Municipality', 'Businesses']","['Energy Efficiency', 'Transportation', 'Environmental', 'Food & Food Waste', 'Waste Reduction']",[],Community Engagement,,Verified,merge_engine,2026-05-25T00:27:17Z
b2748bd7-bf57-4510-8e47-a62ad640ee34,Sustainable Napa County,Napa,CA,"Napa, CA",94559,http://www.sustainablenapacounty.org/,unknown,unknown,Sustainable Napa County works on initiatives related to climate action and sustainability in the region.,Nonprofit / Grassroots,Regional,['Residents'],['Environmental'],[],Community Engagement,,Not Verified,merge_engine,2026-05-25T03:12:12Z
b296e320-619c-4b89-8fe8-6be3423924f7,Greenhouse Gas Reduction Program - Kern County,Bakersfield,CA,1115 Truxtun Ave,93301,http://www.co.kern.ca.us,unknown,unknown,Focuses on reducing greenhouse gas emissions in Kern County.,Municipal / Government-affiliated,Regional,['Municipality'],['Energy Efficiency'],[],Policy,,Not Verified,merge_engine,2026-05-25T03:12:12Z
b2a6a549-fdc6-49b9-bf17-a425348f704a,Beverly Climate Action,Beverly,MA,"Beverly, MA",01915,http://www.beverlyclimateaction.org,unknown,unknown,Beverly Climate Action works on initiatives to reduce carbon emissions and promote sustainability.,Nonprofit / Grassroots,Town / City,['Residents'],['Energy Efficiency'],[],Community Engagement,,Not Verified,merge_engine,2026-05-25T03:12:12Z
b2aa6ac7-1266-46ca-92ad-1c1bb5d9ef93,Concord Climate Action Committee,Concord,MA,"Cushing Town Hall, 673 Main St",02066,https://concordma.gov/3324/Climate-Action-Committee,unknown,unknown,Cushing Climate Action Committee focuses on local climate initiatives and sustainability efforts.,Municipal / Government-affiliated,"[""Town / City""]","['Residents', 'Businesses']","['Energy Efficiency', 'Transportation', 'Environmental', 'Food & Food Waste', 'Waste Reduction']",[],Community Engagement,,Verified,merge_engine,2026-05-25T00:27:17Z
b2cec72b-5834-4061-9dfc-be986c04c64f,Cape Cod Climate Change Collaborative,Centerville,MA,5 Patti Page Way,02632,https://www.capecodclimate.org/,info@capecodclimate.org,unknown,"The Cape Cod Climate Change Collaborative is a nonprofit organization focused on reducing the Cape & Islands region's contributions to climate change and protecting the region from its impacts through advocacy, collaboration, and community engagement.",Nonprofit / Grassroots,Regional,"['Businesses', 'Municipality', 'Residents']","['Environmental', 'Energy Efficiency', 'Transportation']",[],Community Engagement,,Not Verified,merge_engine,2026-05-25T03:12:12Z
b2d42499-98f9-48a1-9eaf-484e23422b32,Green Winchendon,Winchendon,MA,unknown,01475,http://www.greenwinchendon.org,unknown,unknown,Focus on local climate initiatives and sustainability programs.,Nonprofit / Grassroots,Town / City,['Residents'],['Unknown'],[],Community Engagement,,Not Verified,merge_engine,2026-05-25T03:12:12Z
b2f795f7-9fee-4f4b-96e4-f78f531e22db,Leominster Climate Action Committee,Leominster,MA,"Leominster, MA",01453,https://concordma.gov/3324/Climate-Action-Committee,unknown,unknown,The committee works on local climate action initiatives and sustainability programs.,Municipal / Government-affiliated,"[""Town / City""]","['Residents', 'Businesses']","['Energy Efficiency', 'Transportation', 'Environmental', 'Food & Food Waste', 'Waste Reduction']",[],Community Engagement,,Verified,merge_engine,2026-05-25T00:27:17Z
b3baabec-a0d1-4620-9eed-0b9c644b7c55,Winooski Climate Action Committee,Winooski,MA,27 West Allen Street,05404,https://concordma.gov/3324/Climate-Action-Committee,jhurley@winooskivt.gov,802 655 6410,The Winooski Climate Action Committee focuses on local climate initiatives and sustainability efforts.,Municipal / Government-affiliated,"[""Town / City""]","['Residents', 'Businesses']","['Energy Efficiency', 'Transportation', 'Environmental', 'Food & Food Waste', 'Waste Reduction']",[],Community Engagement,,Verified,merge_engine,2026-05-25T00:27:17Z
b444df83-b46e-42c8-88a0-04b2ebe87f02,Lake County Climate Action,Clearlake,CA,"Clearlake, CA",95422,http://lakecountyclimateaction.org,unknown,unknown,Lake County Climate Action is focused on reducing greenhouse gas emissions and promoting sustainable practices in the community.,Nonprofit / Grassroots,Regional,['Residents'],['Green Economics'],[],Community Engagement,,Not Verified,merge_engine,2026-05-25T03:12:12Z
b477607f-ae5a-45e0-a3ed-b2e8275b5783,Upland Climate Action Coalition,Upland,CA,123 Main St,91786,http://uplandclimateaction.org,unknown,unknown,Upland Climate Action Coalition focuses on local climate initiatives and emissions reduction programs.,Nonprofit / Grassroots,Town / City,['Residents'],['Environmental'],[],Community Engagement,,Not Verified,merge_engine,2026-05-25T03:12:12Z
b48bcc3e-9de5-469d-b558-3acd6318335c,Camarillo Environmental Sustainability Coalition,Camarillo,CA,601 Carmen Dr,93010,https://www.camarillo.gov/sustainability-coalition,unknown,unknown,The coalition aims to promote sustainability and climate action in Camarillo.,Municipal / Government-affiliated,Town / City,['Residents'],['Unknown'],[],Unknown,,Not Verified,merge_engine,2026-05-25T03:12:12Z
b4d32893-68d5-4487-a36c-aef1d614981d,Acton-Boxborough Climate Coalition,Maynard,MA,"Acton, MA",01720,http://www.abclimatecoalition.org,unknown,unknown,The Acton-Boxborough Climate Coalition works on regional climate initiatives and advocacy for climate action.,Nonprofit / Grassroots,Regional,['Residents'],['Unknown'],[],Policy,,Not Verified,merge_engine,2026-05-25T03:12:12Z
b512a90d-ec2c-4de3-b530-209fafd1412b,Sustainable Del Mar,Del Mar,CA,"Del Mar City Hall, 1050 Camino del Mar",92014,https://www.delmar.ca.us/,unknown,858-755-9313,Sustainable Del Mar is focused on climate action and sustainability initiatives in the community.,Municipal / Government-affiliated,Town / City,"['Municipality', 'Residents']","['Environmental', 'Waste Reduction']",[],Community Engagement,,Not Verified,merge_engine,2026-05-25T03:12:12Z
b589270e-8abc-4afd-92b4-5078b7914d2e,Pine Island Climate Action Group,Pine Island,MA,123 Climate St,12345,http://www.pineislandclimateaction.org,unknown,unknown,Focus on local climate action initiatives and community education programs.,Nonprofit / Grassroots,Town / City,['Residents'],['Unknown'],[],Community Engagement,,Not Verified,merge_engine,2026-05-25T03:12:12Z
b58c3232-6238-4cb5-87e4-da651b17df3e,Needles City Council,Needles,CA,"1111 Bailey Ave, Needles, CA 92363",92363,http://www.cityofneedles.com/,unknown,unknown,The City of Needles has implemented various initiatives aimed at sustainability and climate resilience as part of their municipal planning.,Municipality,Town / City,"['Municipality', 'Residents']",['Unknown'],[],Policy,,Not Verified,merge_engine,2026-05-25T03:12:12Z
b59f2062-46f4-4ae2-9c7f-a2ff81c51277,The Boston Foundation,Boston,MA,75 Arlington St,02108,https://www.tbf.org/,fundadmin@tbf.org,617.338.1700,"The Boston Foundation supports initiatives that address climate change and promote environmental justice in the Greater Boston area, focusing on equity, community leadership, and economic opportunity.",Nonprofit / Grassroots,Regional,"['Businesses', 'Municipality', 'Residents']","['Environmental', 'Green Economics', 'Food & Food Waste']",[],Community Engagement,,Not Verified,merge_engine,2026-05-25T03:12:12Z
b5c0f55e-25d5-4dbf-aa0b-443a8f5d52a4,San Fernando Valley Green Team,San Fernando,CA,12345 San Fernando Rd,91340,http://www.sfvgreenteam.org,unknown,unknown,Focus on local climate action initiatives and community engagement for sustainability.,Nonprofit / Grassroots,Town / City,['Residents'],['Unknown'],[],Community Engagement,,Not Verified,merge_engine,2026-05-25T03:12:12Z
b5ebfbf7-2332-4b26-964c-6c71914adc9f,Sustainable Milton,milton,MA,"Marion, MA",02738,http://www.sustainablemarion.org,unknown,unknown,"Sustainable Marion focuses on local sustainability initiatives, including climate action and community resilience programs.",Nonprofit / Grassroots,"[""Town / City""]","['Residents', 'Municipality']","['Energy Efficiency', 'Food & Food Waste', 'Waste Reduction']",[],Community Engagement,,Verified,merge_engine,2026-05-25T00:27:17Z
b60394b7-6784-48be-a1ed-cc9097055ad1,GreenTown Los Altos,Los Altos,CA,PO Box 539,94023,https://www.greentownlosaltos.org/,info@greentownlosaltos.org,650-468-0903,"GreenTown Los Altos is dedicated to protecting and enhancing the environment of Los Altos & Los Altos Hills through community engagement, education, and advocacy. They focus on conservation, clean air, transportation, eating green, and zero waste initiatives.",Nonprofit / Grassroots,Town / City,['Residents'],"['Environmental', 'Waste Reduction', 'Transportation', 'Energy Efficiency', 'Food & Food Waste']",[],Community Engagement,,Not Verified,merge_engine,2026-05-25T03:12:12Z
b62fe573-bd5e-4b5e-84e4-f5f627ab9c7a,SLO Green Build,San Luis Obispo,CA,unknown,93401,https://www.slogreenbuild.org,unknown,unknown,SLO Green Build promotes sustainable building practices and aims to reduce carbon footprints in construction.,Nonprofit / Grassroots,Regional,"['Businesses', 'Residents']",['Energy Efficiency'],[],Conservation,,Not Verified,merge_engine,2026-05-25T03:12:12Z
b63db70a-4e18-46ae-8f6a-ebf2821888e7,Green Ipswich,Ipswich,MA,unknown,01938,http://www.greenipswich.org,unknown,unknown,Green Ipswich works on initiatives to promote sustainability and reduce carbon emissions in the town.,Nonprofit / Grassroots,Town / City,['Residents'],"['Green Economics', 'Energy Efficiency']",[],Community Engagement,,Not Verified,merge_engine,2026-05-25T03:12:12Z
b6422d36-f6e8-43db-911c-986cd8490063,Malden Environmental Sustainability Committee,Malden,MA,"Malden City Hall, 200 Pleasant St",02148,http://www.cityofmalden.org/sustainabilitycommittee,unknown,unknown,The committee works on climate action plans and sustainability initiatives for the city.,Nonprofit / Grassroots,Town / City,"['Municipality', 'Residents']",['Environmental'],[],Community Engagement,,Not Verified,merge_engine,2026-05-25T03:12:12Z
b65b4d61-5f19-434a-a9e8-66ec7629809f,Richmond Climate Collaborative,Richmond,CA,450 Civic Center Plaza,94804,https://www.ci.richmond.ca.us/,unknown,510-620-6874,The Richmond Climate Collaborative focuses on climate action planning and community engagement.,Municipal / Government-affiliated,Town / City,['Residents'],['Unknown'],[],Community Engagement,,Not Verified,merge_engine,2026-05-25T03:12:12Z
b67ec20f-0f4f-4ab1-81c1-3889042b1538,Malibu Environmental Sustainability Committee,Malibu,CA,"23825 Stuart Ranch Rd, Malibu, CA 90265",90265,https://www.malibucity.org/sustainabilitycommittee,unknown,unknown,The committee works on sustainability initiatives that include climate action and emissions reduction strategies.,Nonprofit / Grassroots,Town / City,"['Municipality', 'Residents']",['Energy Efficiency'],[],Policy,,Not Verified,merge_engine,2026-05-25T03:12:12Z
b6c60aae-26e9-49a9-954a-83d9e914bcbf,Porterville City Council,Porterville,CA,291 N Main St,93257,https://www.portervilleca.gov/,unknown,unknown,The City of Porterville has a Climate Action Plan that outlines strategies for reducing greenhouse gas emissions and adapting to climate change.,Municipal / Government-affiliated,Town / City,"['Municipality', 'Residents']",['Unknown'],[],Policy,,Not Verified,merge_engine,2026-05-25T03:12:12Z
b6d2b4d5-9e6e-4557-8b6a-bef44a2ec0e4,Green Fitchburg,Fitchburg,MA,unknown,01420,https://www.greenfitchburg.org/,unknown,unknown,Green Fitchburg is dedicated to promoting sustainable practices and climate resilience in the community.,Nonprofit / Grassroots,Town / City,['Residents'],['Environmental'],[],Community Engagement,,Not Verified,merge_engine,2026-05-25T03:12:12Z
b6da8d84-7155-4ef0-a35c-2b9efbb18699,Rio Vista Climate Action Committee,Rio Vista,CA,"1 Main St, Rio Vista, CA 94571",94571,http://www.riovistaca.org/climate-action,unknown,unknown,Rio Vista Climate Action Committee focuses on local climate initiatives and community resilience programs.,Nonprofit / Grassroots,Town / City,['Residents'],['Environmental'],[],Community Engagement,,Not Verified,merge_engine,2026-05-25T03:12:12Z
b6dc22ca-654e-465e-91fa-1916947d0316,Brattleboro Energy Committee,Brattleboro,VT,unknown,05301,https://www.brattleborovt.gov/energy-committee,unknown,unknown,The Brattleboro Energy Committee focuses on energy efficiency and renewable energy initiatives to reduce carbon emissions.,Municipal / Government-affiliated,Town / City,"['Municipality', 'Residents']",['Energy Efficiency'],[],Community Engagement,,Not Verified,merge_engine,2026-05-25T03:12:12Z
b724a245-3d35-4af3-af60-1c8cdf65c194,Bay Area Air Quality Management District,Sunnyvale,CA,375 Beale St,94086,https://www.baaqmd.gov,unknown,unknown,The Bay Area Air Quality Management District implements programs to reduce air pollution and greenhouse gas emissions in the Bay Area.,Municipal / Government-affiliated,Regional,"['Businesses', 'Municipality', 'Residents']",['Environmental'],[],Policy,,Not Verified,merge_engine,2026-05-25T03:12:12Z
b724d70b-3a14-4abf-94b9-e0836f0ded2c,Groton Climate Action,Groton,MA,"Groton Town Hall, 173 Main St",01450,http://www.grotonma.gov/climateaction,unknown,unknown,The Groton Climate Action Committee focuses on reducing greenhouse gas emissions and promoting sustainability initiatives in the community.,Municipal / Government-affiliated,Town / City,['Residents'],"['Energy Efficiency', 'Environmental']",[],Community Engagement,,Not Verified,merge_engine,2026-05-25T03:12:12Z
b7ba179e-6e29-4018-8f38-0745bb848e31,Princeton Municipal Light Department,Princeton,MA,2 Town Hall Dr,01541,https://www.princetonma.gov/light-department,unknown,unknown,The Princeton Municipal Light Department is involved in energy efficiency programs and initiatives aimed at reducing carbon emissions.,Municipal / Government-affiliated,Town / City,"['Municipality', 'Residents']",['Energy Efficiency'],[],Community Engagement,,Not Verified,merge_engine,2026-05-25T03:12:12Z
b7e4b7d5-55a0-41e3-8863-d4a21221a2b8,Sustainable Framingham,Framingham,MA,"Framingham, MA",01701,https://www.sustainableframingham.org,unknown,unknown,Sustainable Framingham focuses on initiatives that promote sustainability and climate action within the community.,Nonprofit / Grassroots,unknown,['unknown'],['Unknown'],[],Unknown,,Not Verified,merge_engine,2026-05-25T03:12:12Z
b7ec9dd0-b2e3-4e19-a565-7bfcc9345a79,Sustainable Manhattan Beach,Manhattan Beach,CA,"Manhattan Beach, CA",90266,http://www.sustainablemanhattanbeach.org,unknown,unknown,"Sustainable Manhattan Beach focuses on local sustainability initiatives, including climate action and reducing carbon footprints.",Nonprofit / Grassroots,Town / City,['unknown'],['Unknown'],[],Unknown,,Not Verified,merge_engine,2026-05-25T03:12:12Z
b8035503-8748-4341-8687-5ede0f9d12c6,Green Attleboro,Attleboro,MA,"Attleboro, MA",02703,http://www.greenattleboro.org,unknown,unknown,Green Attleboro focuses on sustainability initiatives and climate action in the community.,Nonprofit / Grassroots,Town / City,['Residents'],['Unknown'],[],Community Engagement,,Not Verified,merge_engine,2026-05-25T03:12:12Z
b80974ca-abc5-46af-ab6c-c8e99c3f19ad,Concord Climate Action Committee,Concord,MA,"Hadley Town Hall, 100 Middle Street",01035,https://concordma.gov/3324/Climate-Action-Committee,unknown,unknown,The Hadley Climate Action Committee works on initiatives to reduce carbon emissions and promote climate resilience in the community.,Nonprofit / Grassroots,"[""Town / City""]","['Residents', 'Businesses']","['Energy Efficiency', 'Transportation', 'Environmental', 'Food & Food Waste', 'Waste Reduction']",[],Community Engagement,,Verified,merge_engine,2026-05-25T00:27:17Z
b818d812-98f0-4024-bf37-59d898adbc0b,Rancho Cucamonga Climate Action Committee,Rancho Cucamonga,CA,10500 Civic Center Dr,91730,http://www.rcclimateaction.org,unknown,unknown,The Rancho Cucamonga Climate Action Committee is dedicated to developing and implementing climate action plans for the city.,Nonprofit / Grassroots,Town / City,"['Municipality', 'Residents']",['Unknown'],[],Policy,,Not Verified,merge_engine,2026-05-25T03:12:12Z
b830cb8b-342c-4fe3-9ceb-06b311662bd8,Knights Crossing Resilience Committee,Knights Crossing,MA,789 Resilience Rd,01060,http://www.kcresiliencecommittee.org,unknown,unknown,The Resilience Committee works on climate adaptation strategies for the community.,Nonprofit / Grassroots,Town / City,['Residents'],['Environmental'],[],Community Engagement,,Not Verified,merge_engine,2026-05-25T03:12:12Z
b84aea89-a5d8-4355-83ad-e22998139c50,Hamilton Climate Committee,Hamilton,MA,577 Bay Road,01936,https://www.hamiltonma.gov/climate-committee,unknown,unknown,The Hamilton Climate Committee focuses on local climate action initiatives and sustainability efforts.,Municipal / Government-affiliated,Town / City,['Residents'],['Unknown'],[],Community Engagement,,Not Verified,merge_engine,2026-05-25T03:12:12Z
b8918a17-1513-4c0f-8035-8904ae50e899,Merrimack Valley Planning Commission,Lawrence,MA,40 Main Street,01840,http://www.mvpc.org/,unknown,unknown,"The Merrimack Valley Planning Commission fosters cooperative efforts among communities to resolve regional problems, promote coordinated development, and enhance the general welfare of residents.",Nonprofit / Grassroots,Regional,"['Businesses', 'Municipality', 'Residents']","['Environmental', 'Transportation']",[],Community Engagement,,Not Verified,merge_engine,2026-05-25T03:12:12Z
b8ab6336-938c-4996-809c-7668831f0d26,Andover Climate Committee,Andover,MA,36 Bartlet St,01810,https://andoverma.gov/,unknown,978-623-8200,The Andover Climate Committee focuses on climate action and sustainability initiatives in the community.,Municipal / Government-affiliated,Town / City,"['Municipality', 'Residents']",['Environmental'],[],Community Engagement,,Not Verified,merge_engine,2026-05-25T03:12:12Z
b8ca6e13-531f-4fe3-9081-638e57b39c18,Green Barnstead,Barnstead,NH,PO Box 123,03218,http://www.greenbarnstead.org,unknown,unknown,Green Barnstead focuses on local climate initiatives and sustainability practices.,Nonprofit / Grassroots,Town / City,['Residents'],['Environmental'],[],Community Engagement,,Not Verified,merge_engine,2026-05-25T03:12:12Z
b942b9be-d3b2-4995-9ac0-09c33681f86f,Vallejo Youth Climate Action,Vallejo,CA,"Vallejo High School, 840 Nebraska St",94590,http://www.vallejoclimateyouth.org,unknown,unknown,"Vallejo Youth Climate Action engages students in climate education and advocacy, focusing on local climate issues and solutions.",Nonprofit / Grassroots,Town / City,['Residents'],['Environmental'],[],Community Engagement,,Not Verified,merge_engine,2026-05-25T03:12:12Z
b977d546-31f2-4d71-8c81-acfd8409ed91,American Canyon Climate Action Committee,American Canyon,CA,300 Crawford Way,94503,http://www.cityofamericancanyon.org/climateaction,unknown,unknown,The Climate Action Committee focuses on reducing greenhouse gas emissions and promoting sustainability initiatives in American Canyon.,Nonprofit / Grassroots,Town / City,"['Municipality', 'Residents']",['Environmental'],[],Community Engagement,,Not Verified,merge_engine,2026-05-25T03:12:12Z
ba18a75d-d621-48fd-90f6-b73814c27630,Sustainable Orange County,Lake Forest,CA,2323 S. Main St.,92630,https://sustainableoc.org,unknown,unknown,Sustainable Orange County focuses on climate action and sustainability initiatives in the region.,Nonprofit / Grassroots,Regional,['Residents'],['Unknown'],[],Community Engagement,,Not Verified,merge_engine,2026-05-25T03:12:12Z
ba289f49-99b4-45b7-9fa3-e0c61d0a5892,Sustainable Temple City,Temple City,CA,"Temple City, CA",91780,http://sustainabletemplecity.org,unknown,unknown,Sustainable Temple City focuses on local sustainability initiatives and climate action.,Nonprofit / Grassroots,Town / City,['Residents'],['Unknown'],[],Community Engagement,,Not Verified,merge_engine,2026-05-25T03:12:12Z
ba35fd9f-480e-4c2b-ad3b-cf6150c39db4,Coachella Valley Climate Action Network,Palm Springs,CA,5678 Greenway Dr,92262,http://www.cvclimateaction.org,unknown,unknown,A network focused on collaborative climate action and education across the Coachella Valley.,Nonprofit / Grassroots,Regional,"['Businesses', 'Municipality', 'Residents']",['Unknown'],[],Community Engagement,,Not Verified,merge_engine,2026-05-25T03:12:12Z
ba39a6eb-0002-4f6d-be5e-dc18e8a0ed1d,Mendota Unified School District,Mendota,CA,"1000 D St, Mendota, CA 93640",93640,http://www.mendota.k12.ca.us/,unknown,unknown,The Mendota Unified School District has programs focused on sustainability and climate education for students.,Municipal / Government-affiliated,Town / City,['Residents'],['Environmental'],[],Community Engagement,,Not Verified,merge_engine,2026-05-25T03:12:12Z
ba7f26cf-3650-437f-a51b-0de960a1875d,Montebello Energy Efficiency Program,Montebello,CA,7890 N. Montebello Blvd,90640,http://www.montebelloenergy.org,unknown,unknown,Focuses on energy efficiency and electrification initiatives in the community.,Nonprofit / Grassroots,Town / City,['Residents'],['Energy Efficiency'],[],Community Engagement,,Not Verified,merge_engine,2026-05-25T03:12:12Z
ba80c41e-f097-4c69-8b94-01942ea9e411,Tri-Valley Climate Action Network,San Ramon,CA,"456 Valley Rd, San Ramon, CA 94583",94583,http://www.trivalleycan.org,unknown,unknown,Tri-Valley Climate Action Network advocates for regional climate policies and community engagement in climate resilience efforts.,Nonprofit / Grassroots,Regional,['Residents'],['Environmental'],[],Community Engagement,,Not Verified,merge_engine,2026-05-25T03:12:12Z
ba83265e-c125-4f0f-95cd-605f39e2b20f,Green Moreno Valley,Moreno Valley,CA,"12345 Greenway Dr, Moreno Valley, CA 92551",92551,http://www.greenmorenovalley.org,unknown,unknown,Green Moreno Valley promotes local sustainability practices and climate action initiatives.,Nonprofit / Grassroots,Town / City,['Residents'],['Environmental'],[],Community Engagement,,Not Verified,merge_engine,2026-05-25T03:12:12Z
ba8d7281-41df-4d2b-be5e-0300e96ad1f1,Concord Climate Action Committee,Concord,MA,"Kerman City Hall, 850 S Madera Ave",93230,https://concordma.gov/3324/Climate-Action-Committee,unknown,unknown,Kerman Climate Action Committee focuses on local climate initiatives and sustainability programs.,Municipal / Government-affiliated,"[""Town / City""]","['Residents', 'Businesses']","['Energy Efficiency', 'Transportation', 'Environmental', 'Food & Food Waste', 'Waste Reduction']",[],Community Engagement,,Verified,merge_engine,2026-05-25T00:27:17Z
ba954335-779f-4d1a-becc-c264bb3b6a84,Hillsborough Energy Committee,Hillsborough,NH,"27 School St, Hillsborough, NH 03244",03244,http://www.hillsboroughnh.org/energy-committee,unknown,unknown,"The Energy Committee focuses on energy efficiency and renewable energy initiatives in the community, contributing to emissions reduction and sustainability efforts.",Nonprofit / Grassroots,Town / City,"['Municipality', 'Residents']",['Energy Efficiency'],[],Community Engagement,,Not Verified,merge_engine,2026-05-25T03:12:12Z
ba989a59-5adb-42e5-96d7-02bf820f08d5,Green LA Coalition,San Fernando,CA,200 N Spring St,90012,https://greenlacoalition.org/,unknown,unknown,"Green LA Coalition is a premier environmental coalition in Southern California, focusing on transforming Los Angeles into a sustainable city through policies promoting environmental justice, green economy, and sustainable transportation.",Nonprofit / Grassroots,Regional,"['Businesses', 'Municipality', 'Residents']","['Environmental', 'Green Economics', 'Transportation']",[],Community Engagement,,Not Verified,merge_engine,2026-05-25T03:12:12Z
ba9c3638-7dda-4d7b-bdb1-6e574690cf0f,San Mateo County Office of Sustainability,Foster City,CA,"400 County Center, 3rd",94402,https://www.smcsustainability.org,unknown,unknown,"The San Mateo County Office of Sustainability works on climate action plans and initiatives to reduce greenhouse gas emissions, promote waste reduction, and enhance climate resilience in San Mateo County.",Nonprofit / Grassroots,Regional,"['Businesses', 'Municipality', 'Residents']","['Environmental', 'Waste Reduction', 'Energy Efficiency', 'Transportation']",[],Community Engagement,,Not Verified,merge_engine,2026-05-25T03:12:12Z
baae2af2-544a-4236-a3fd-f250d2d27a50,Riverside Climate Collaborative,Jurupa Valley,CA,1234 University Ave,92501,https://www.riversideclimate.org,unknown,unknown,The Riverside Climate Collaborative focuses on regional climate action and resilience strategies.,Nonprofit / Grassroots,Regional,"['Businesses', 'Municipality', 'Residents']",['Unknown'],[],Community Engagement,,Not Verified,merge_engine,2026-05-25T03:12:12Z
bace6d4d-f73d-4abb-9394-d03e7830e531,Sustainable Orange County,Orange,CA,5678 N. Main St,92866,https://www.sustainableoc.org,unknown,unknown,Sustainable Orange County works on projects aimed at reducing emissions and promoting sustainable practices in the community.,Nonprofit / Grassroots,Regional,['Residents'],['Green Economics'],[],Community Engagement,,Not Verified,merge_engine,2026-05-25T03:12:12Z
bada93a3-c630-418b-bae7-70f8673c5190,East Bay Community Energy (EBCE),Alameda,CA,1999 Harrison St,94501,https://ebce.org/,unknown,unknown,EBCE provides clean energy options and supports local climate action initiatives.,Nonprofit / Grassroots,Regional,"['Businesses', 'Municipality', 'Residents']","['Energy Efficiency', 'Transportation']",[],Community Engagement,,Not Verified,merge_engine,2026-05-25T03:12:12Z
bb0222e7-7524-4348-9232-f2d2da27ef6c,Ventura County Climate Coalition,Moorpark,CA,1000 S. Victoria Ave.,93001,https://www.venturacountyclimatecoalition.org/,unknown,unknown,"The Ventura County Climate Coalition is focused on climate action and resilience in Ventura County, including Moorpark.",Nonprofit / Grassroots,Regional,['Residents'],['Unknown'],[],Community Engagement,,Not Verified,merge_engine,2026-05-25T03:12:12Z
bb2909ef-48d1-4c09-b58e-413f6cad7054,Green Wildomar,Wildomar,CA,"Wildomar, CA",92595,http://www.greenwildomar.org,unknown,unknown,Green Wildomar focuses on sustainability initiatives and climate action in the community.,Nonprofit / Grassroots,Town / City,['Residents'],['Unknown'],[],Community Engagement,,Not Verified,merge_engine,2026-05-25T03:12:12Z
bb94bdc7-616f-45b0-a95e-26a69ade0a18,Upland Environmental Justice Initiative,Upland,CA,789 Oak St,91786,http://uplandenvironmentaljustice.org,unknown,unknown,The Upland Environmental Justice Initiative addresses climate impacts on vulnerable communities.,Nonprofit / Grassroots,Town / City,['Residents'],['Environmental'],[],Community Engagement,,Not Verified,merge_engine,2026-05-25T03:12:12Z
bba9e78c-7b6d-4652-afd6-ddd8aeba35aa,Framingham State University Sustainability Program,Framingham,MA,"100 State St, Framingham, MA 01701",01701,https://www.framingham.edu/sustainability,unknown,unknown,Framingham State University offers programs focused on sustainability and climate education for students and the community.,Academic,Town / City,"['Municipality', 'Residents']",['Environmental'],[],Community Engagement,,Not Verified,merge_engine,2026-05-25T03:12:12Z
bc406f5b-e2ee-48e7-855d-acd4d508bb9c,Lathrop City Council,Lathrop,CA,390 Towne Centre Dr,95330,https://www.ci.lathrop.ca.us/,unknown,(209) 941-7200,"The Lathrop City Council is the policy-making body for the City of Lathrop, responsible for enacting and enforcing ordinances and regulations concerning municipal affairs. The City has a Climate Action Plan that outlines strategies for reducing greenhouse gas emissions and adapting to climate change.",Municipal / Government-affiliated,Town / City,['Residents'],['Environmental'],[],Policy,,Not Verified,merge_engine,2026-05-25T03:12:12Z
bc808aa1-2a4b-44db-a6ea-aba8f950f7bd,Ventura County Climate Coalition,Fillmore,CA,1000 S. Victoria Ave.,93003,https://www.venturacountyclimatecoalition.org/,unknown,unknown,The Ventura County Climate Coalition is dedicated to addressing climate change through local initiatives and policies.,Nonprofit / Grassroots,Regional,"['Businesses', 'Municipality', 'Residents']",['Unknown'],[],Unknown,,Not Verified,merge_engine,2026-05-25T03:12:12Z
bca163be-7eb3-4ff1-9078-79ea9b61278c,California Climate Action Network,Sunnyvale,CA,789 Climate St,94086,https://www.calclimatenetwork.org,unknown,unknown,The network focuses on statewide climate policy and advocacy efforts to combat climate change.,Nonprofit / Grassroots,State / National,"['Businesses', 'Municipality', 'Residents']",['Unknown'],[],Policy,,Not Verified,merge_engine,2026-05-25T03:12:12Z
bcae5bfd-eea5-4e06-bfba-534a40bfa4e6,Environmental Justice Coalition of Ontario,Ontario,CA,1920 Justice St,91761,http://www.ejcoalitionontario.org,unknown,unknown,Focuses on environmental justice with a climate component.,Nonprofit / Grassroots,Regional,['Residents'],['Environmental'],[],Policy,,Not Verified,merge_engine,2026-05-25T03:12:12Z
bcd99dd3-0b84-4573-8926-59556b0a2068,"California State University, Bakersfield - Environmental Resources Management Program",Bakersfield,CA,9001 Stockdale Hwy,93311,http://www.csub.edu/erm,unknown,unknown,"The Environmental Resources Management Program at California State University, Bakersfield offers programs focused on sustainability and climate change education.",Academic,State / National,"['Businesses', 'Municipality', 'Residents']",['Environmental'],[],Community Engagement,,Not Verified,merge_engine,2026-05-25T03:12:12Z
bcfe5822-f621-4020-9d58-afbb3f0af84d,San Mateo County Office of Sustainability,Burlingame,CA,"555 County Center, 5th",94063,https://www.smcgov.org/sustainability,unknown,unknown,The Office of Sustainability focuses on climate action and sustainability initiatives for the county.,Nonprofit / Grassroots,Regional,"['Municipality', 'Residents']","['Environmental', 'Energy Efficiency']",[],Community Engagement,,Not Verified,merge_engine,2026-05-25T03:12:12Z
bd02f156-5c68-4895-af1a-7c3f9cc917f9,La Habra Climate Action Committee,La Habra,MA,"456 Elm St, La Habra, CA 90631",90631,https://concordma.gov/3324/Climate-Action-Committee,unknown,unknown,Dedicated to implementing local climate action plans and reducing carbon emissions in the community.,Nonprofit / Grassroots,"[""Town / City""]","['Residents', 'Businesses']","['Energy Efficiency', 'Transportation', 'Environmental', 'Food & Food Waste', 'Waste Reduction']",[],Community Engagement,,Verified,merge_engine,2026-05-25T00:27:17Z
bd0bdad2-a6e1-44a0-8da2-4302d2c9d99e,Climate Action Now Western Massachusetts,Colrain,MA,PO Box 101,01002,https://climateactionnowma.org,unknown,unknown,A grassroots organization focusing on climate advocacy and mobilization efforts in Western Massachusetts.,Nonprofit / Grassroots,Regional,['Residents'],['Environmental'],[],Community Engagement,,Not Verified,merge_engine,2026-05-25T03:12:12Z
bde251db-01b3-4321-9bbc-3c54f490cead,Elk Grove Climate Action Committee,Elk Grove,CA,8401 Laguna Palms Way,95624,http://www.elkgrovecity.org/climateaction,unknown,unknown,The Elk Grove Climate Action Committee focuses on reducing greenhouse gas emissions and promoting sustainability initiatives in the community.,Nonprofit / Grassroots,Town / City,"['Municipality', 'Residents']","['Energy Efficiency', 'Green Economics']",[],Community Engagement,,Not Verified,merge_engine,2026-05-25T03:12:12Z
be1e5101-4cf0-44e3-a180-a2bda9bcfd67,East Bay Community Energy (EBCE),Oakland,CA,150 Frank H. Ogawa Plaza,94612,https://ebce.org,unknown,unknown,EBCE is focused on providing clean energy solutions and promoting energy efficiency to reduce greenhouse gas emissions.,Nonprofit / Grassroots,Regional,"['Businesses', 'Municipality', 'Residents']",['Energy Efficiency'],[],Community Engagement,,Not Verified,merge_engine,2026-05-25T03:12:12Z
be230368-d13a-4098-9532-d52f8fd7f888,Green El Cajon,El Cajon,CA,3456 Green St,92020,http://www.greenelcajon.org,unknown,unknown,Promotes energy efficiency and renewable energy initiatives in El Cajon.,Nonprofit / Grassroots,Town / City,['unknown'],['Unknown'],[],Unknown,,Not Verified,merge_engine,2026-05-25T03:12:12Z
be23e173-8239-49a5-999e-d5445ceb349d,Newbury Energy Committee,Newbury,NH,"Newbury Town Hall, 937 Route 103",03255,https://www.newburynh.org/energy-committee,unknown,unknown,"The Energy Committee focuses on energy efficiency, renewable energy, and reducing greenhouse gas emissions in Newbury.",Nonprofit / Grassroots,Town / City,"['Municipality', 'Residents']",['Energy Efficiency'],[],Community Engagement,,Not Verified,merge_engine,2026-05-25T03:12:12Z
be5f253d-c680-4018-9268-35638095a73b,Claremont Climate Coalition,Gloucester,MA,"Claremont, CA",91711,http://www.claremontclimatecoalition.org,unknown,unknown,The Claremont Climate Coalition focuses on climate action initiatives and community engagement to address climate change.,Nonprofit / Grassroots,"[""Town / City"", ""State / National""]",['Residents'],"['Energy Efficiency', 'Transportation', 'Environmental', 'Waste Reduction']",[],Community Engagement,,Verified,merge_engine,2026-05-25T00:27:17Z
be795213-b905-4d86-96cf-92765af2b2b2,North Country Climate Action Network,Colebrook,NH,PO Box 123,03576,http://www.northcountryclimateaction.org,unknown,unknown,The North Country Climate Action Network focuses on local climate initiatives and advocacy for sustainable practices in the North Country region.,Nonprofit / Grassroots,Regional,['Residents'],['Environmental'],[],Community Engagement,,Not Verified,merge_engine,2026-05-25T03:12:12Z
bf2226fc-0bbf-4eaa-a5c9-d2a714842927,Bay Area Air Quality Management District,San Francisco,CA,"375 Beale St, San Francisco, CA 94105",94105,https://www.baaqmd.gov,unknown,unknown,The Bay Area Air Quality Management District implements programs aimed at reducing air pollution and greenhouse gas emissions across the Bay Area.,Municipal / Government-affiliated,Regional,"['Municipality', 'Residents']",['Environmental'],[],Policy,,Not Verified,merge_engine,2026-05-25T03:12:12Z
bf5b9d56-ed05-4b48-919d-a6474ce5c507,San Luis Obispo County Office of Sustainability,San Luis Obispo,CA,unknown,93401,https://www.slocounty.ca.gov/sustainability,unknown,unknown,The Office of Sustainability works on climate action and sustainability initiatives for San Luis Obispo County.,Municipal / Government-affiliated,Regional,"['Municipality', 'Residents']","['Environmental', 'Energy Efficiency']",[],Community Engagement,,Not Verified,merge_engine,2026-05-25T03:12:12Z
bf5cf8f2-31a8-46aa-8697-655db8c3f4df,North Country Climate Action Network,Clarksville,NH,120 Main St,03561,http://www.northcountryclimateaction.org,unknown,unknown,North Country Climate Action Network is dedicated to addressing climate change through community engagement and advocacy.,Nonprofit / Grassroots,Regional,['Residents'],['Environmental'],[],Community Engagement,,Not Verified,merge_engine,2026-05-25T03:12:12Z
bf78910d-c797-45a9-b04f-0b562a189335,Shutesbury Energy Committee,Shutesbury,MA,"Shutesbury Town Hall, 1 Coombs Rd",01072,https://shutesbury.org/energy-committee,unknown,unknown,"The Shutesbury Energy Committee works on initiatives related to energy efficiency, renewable energy, and reducing greenhouse gas emissions in the community.",Nonprofit / Grassroots,Town / City,"['Municipality', 'Residents']",['Energy Efficiency'],[],Community Engagement,,Not Verified,merge_engine,2026-05-25T03:12:12Z
bf8a404c-0d8b-4d75-901a-478e34ded565,Napa County Climate Action Plan,Napa,CA,1195 Third Street,94559,https://www.napacounty.gov/,unknown,707-253-4540,The Napa County Climate Action Plan outlines strategies for reducing greenhouse gas emissions and adapting to climate change.,Nonprofit / Grassroots,Regional,"['Municipality', 'Residents']",['Environmental'],[],Policy,,Not Verified,merge_engine,2026-05-25T03:12:12Z
bfa58668-f894-4398-92f7-343c9b7dd005,Sonoma Valley Climate Coalition,Sonoma,CA,PO Box 174,95476,https://www.sonomavalleyclimatecoalition.org/,unknown,unknown,The Sonoma Valley Climate Coalition works to promote climate action and resilience strategies in the Sonoma Valley.,Nonprofit / Grassroots,Regional,['Residents'],['Unknown'],[],Unknown,,Not Verified,merge_engine,2026-05-25T03:12:12Z
bfa7b2e0-00c8-4fda-ab4e-01c30a14d7cc,California Climate Action Network (CalCAN),Cupertino,CA,1100 11th St,95814,https://www.calcan.org,unknown,unknown,CalCAN focuses on advancing climate-friendly agricultural practices and policies.,Nonprofit / Grassroots,State / National,"['Businesses', 'Residents']",['Environmental'],[],Policy,,Not Verified,merge_engine,2026-05-25T03:12:12Z
bfc601f7-53c6-42ef-8b4b-a7a699dc9d02,Concord Climate Action Committee,Concord,MA,"777 B Street, Hayward, CA 94541",94541,https://concordma.gov/3324/Climate-Action-Committee,unknown,unknown,The Hayward Climate Action Committee focuses on local climate action initiatives and strategies for emissions reduction.,Municipal / Government-affiliated,"[""Town / City""]","['Residents', 'Businesses']","['Energy Efficiency', 'Transportation', 'Environmental', 'Food & Food Waste', 'Waste Reduction']",[],Community Engagement,,Verified,merge_engine,2026-05-25T00:27:17Z
bfcc7733-d05a-44cf-a825-713ec4a042b0,Plymouth Climate Action Network,Plymouth,MA,"Plymouth, MA",02360,http://www.plymouthclimateaction.org,unknown,unknown,Plymouth Climate Action Network is focused on reducing carbon emissions and promoting sustainability in the community.,Nonprofit / Grassroots,Town / City,['Residents'],"['Green Economics', 'Energy Efficiency']",[],Community Engagement,,Not Verified,merge_engine,2026-05-25T03:12:12Z
bfccb79a-3b89-4a7b-8ff3-5fa96568d90a,North Tahoe Fire Protection District,Tahoe City,CA,Station 51 222 Fairway Drive,96145,https://ntfire.net/,unknown,530-583-6911,"The North Tahoe Fire Protection District provides fire and life safety, rescue and emergency medical service, fire prevention and public education to the citizens and visitors of the communities it serves.",Municipality,Regional,"['Businesses', 'Municipality', 'Residents']",['Environmental'],[],Community Engagement,,Not Verified,merge_engine,2026-05-25T03:12:12Z
bfcce639-29b5-4648-9023-fa2995515589,"California State University, Fullerton - Center for Sustainability",Santa Ana,CA,800 N State College Blvd,92831,https://sustainability.fullerton.edu/,sustainability@fullerton.edu,unknown,"The Center for Sustainability at California State University, Fullerton serves as a hub for research, education, and community outreach regarding sustainability. It supports student groups, faculty, and the campus community through various sustainability-centered activities.",Academic,Regional,"['Businesses', 'Municipality', 'Residents']","['Environmental', 'Waste Reduction', 'Energy Efficiency', 'Food & Food Waste']",[],Community Engagement,,Not Verified,merge_engine,2026-05-25T03:12:12Z
bfed8452-02ec-44ac-b10b-e5c1bbae5a41,Santa Barbara County Air Pollution Control District,Santa Maria,CA,260 N San Antonio Rd,93454,http://www.ourair.org,[email protected],(805) 979-8050,"The Santa Barbara County Air Pollution Control District is dedicated to protecting the people and the environment of Santa Barbara County from the effects of air pollution. They focus on air quality monitoring, compliance, and planning to reduce emissions and improve air quality.",Nonprofit / Grassroots,Regional,"['Municipality', 'Residents']",['Environmental'],[],Policy,,Not Verified,merge_engine,2026-05-25T03:12:12Z
c007de38-7bf8-413d-ab13-17e0798803fe,California Climate Action Network,La Quinta,CA,7890 Palm Desert Dr,92260,http://www.calclimateaction.org,unknown,unknown,The California Climate Action Network focuses on statewide climate policies and local implementation strategies.,Nonprofit / Grassroots,State / National,"['Businesses', 'Municipality', 'Residents']",['Unknown'],[],Policy,,Not Verified,merge_engine,2026-05-25T03:12:12Z
c033ac2c-7f28-42aa-b34a-a3ccf1870bff,Bay Area Air Quality Management District,Emeryville,CA,375 Beale St,94105,https://www.baaqmd.gov/,unknown,unknown,The Bay Area Air Quality Management District (BAAQMD) works on air quality management and climate action initiatives across the Bay Area.,Municipal / Government-affiliated,Regional,"['Businesses', 'Municipality', 'Residents']","['Environmental', 'Transportation']",[],Policy,,Not Verified,merge_engine,2026-05-25T03:12:12Z
c04a0d8e-08ea-4db1-a6bd-c2329c2b59a1,South Gate Climate Action Committee,South Gate,CA,"8650 California Ave, South Gate, CA 90280",90280,http://www.southgate.org/climateaction,unknown,unknown,The South Gate Climate Action Committee focuses on local climate initiatives and sustainability practices.,Nonprofit / Grassroots,Town / City,"['Municipality', 'Residents']",['Environmental'],[],Community Engagement,,Not Verified,merge_engine,2026-05-25T03:12:12Z
c0946e39-0291-42ea-b379-36e96c908504,Los Altos Climate Action,Los Altos,CA,1 N San Antonio Rd,94022,https://www.losaltosca.gov/climateaction,unknown,unknown,Los Altos Climate Action is focused on reducing greenhouse gas emissions and promoting sustainability initiatives in the community.,Municipal / Government-affiliated,Town / City,['Residents'],"['Energy Efficiency', 'Green Economics']",[],Community Engagement,,Not Verified,merge_engine,2026-05-25T03:12:12Z
c0a9dbba-056b-4d47-8075-fa140848e5a1,Milton Climate Action Planning Committee,Hamilton,MA,577 Bay Road,01936,https://www.miltonma.gov/584/Climate-Action-Planning-Committeehttps://www.miltonma.gov/584/Climate-Action-Planning-Committee,unknown,unknown,The Hamilton Climate Action Committee focuses on local climate initiatives and sustainability efforts.,Municipal / Government-affiliated,"[""Town / City""]","['Residents', 'Municipality', 'Businesses']","['Energy Efficiency', 'Transportation', 'Waste Reduction', 'Environmental', 'Food & Food Waste']",[],Community Engagement,,Verified,merge_engine,2026-05-25T00:27:17Z
c0c5199b-dac4-42b9-93ec-ac843e0d7fa6,Simi Valley Environmental Committee,Simi Valley,CA,"2929 Tapo Canyon Rd, Simi Valley, CA",93065,https://www.simivalley.org/environmentalcommittee,unknown,unknown,The Environmental Committee works on initiatives related to climate adaptation and sustainability in Simi Valley.,Nonprofit / Grassroots,Town / City,"['Municipality', 'Residents']",['Environmental'],[],Community Engagement,,Not Verified,merge_engine,2026-05-25T03:12:12Z
c0e50bae-156e-409f-837e-191080bc54d8,Sustainable Pleasanton,Pleasanton,NH,"Pleasanton, CA",94566,https://sustainablelebanon/wordpress.com,unknown,unknown,Sustainable Pleasanton promotes initiatives aimed at reducing carbon emissions and enhancing sustainability practices within the community.,Nonprofit / Grassroots,"[""Town / City""]","['Residents', 'Municipality', 'Businesses']","['Energy Efficiency', 'Transportation', 'Environmental', 'Food & Food Waste', 'Waste Reduction']",[],Unknown,,Verified,merge_engine,2026-05-25T00:27:17Z
c1006e55-489d-4bf6-8dc2-e4ed4a7cbf46,Ipswich Sustainability Committee,Ipswich,MA,Not publicly listed,01938,https://www.westonma.gov/1296/Sustainability-Committee,unknown,unknown,The Ipswich Sustainability Committee focuses on sustainability initiatives that include climate action and resilience planning.,Municipal / Government-affiliated,"[""Town / City""]","['Residents', 'Municipality']","['Energy Efficiency', 'Transportation', 'Food & Food Waste']",[],Unknown,,Verified,merge_engine,2026-05-25T00:27:17Z
c10cb6c8-bfd1-47d9-bca0-74fee718fa06,Concord Climate Action Committee,Concord,MA,"3970 Rocklin Rd, Rocklin, CA 95765",95765,https://concordma.gov/3324/Climate-Action-Committee,unknown,unknown,The Rocklin Climate Action Committee focuses on local climate initiatives and sustainability efforts.,Municipal / Government-affiliated,"[""Town / City""]","['Residents', 'Businesses']","['Energy Efficiency', 'Transportation', 'Environmental', 'Food & Food Waste', 'Waste Reduction']",[],Community Engagement,,Verified,merge_engine,2026-05-25T00:27:17Z
c15cd8dd-bfa9-4a20-979d-48a6d37316e3,Glendale Water & Power,Glendale,CA,"141 N. Glendale Ave, Room 200",91205,https://www.glendalewaterandpower.com/,unknown,unknown,"Glendale Water & Power provides energy efficiency, renewable energy, and sustainability initiatives.",Municipality,Town / City,"['Municipality', 'Residents']",['Energy Efficiency'],[],Unknown,,Not Verified,merge_engine,2026-05-25T03:12:12Z
c182afcb-944f-4ecf-b447-73c6cf290f2c,Waltham Public Schools - Climate Education Program,Waltham,MA,"Waltham, MA",02451,http://www.walthamschools.org/climateeducation,unknown,unknown,Waltham Public Schools has implemented a climate education program aimed at teaching students about climate change and sustainability.,Nonprofit / Grassroots,Town / City,['Residents'],['Environmental'],[],Community Engagement,,Not Verified,merge_engine,2026-05-25T03:12:12Z
c184a77e-bd28-4e62-8c9b-f58e2bcac43d,Kern County Climate Action Plan,Bakersfield,CA,1115 Truxtun Ave,93301,http://www.co.kern.ca.us/climateaction,unknown,unknown,A comprehensive plan aimed at reducing greenhouse gas emissions and enhancing climate resilience.,Municipal / Government-affiliated,Regional,"['Municipality', 'Residents']",['Environmental'],[],Policy,,Not Verified,merge_engine,2026-05-25T03:12:12Z
c18bff74-ec39-4ac9-944a-0987c8dd19d2,Franklin Regional Council of Governments,Erving,MA,12 Olive Street,01301,https://franklincog.org/,noel.forrester@franklincog.org,706-675-1658,The Franklin Regional Council of Governments works on regional climate planning and sustainability initiatives.,Nonprofit / Grassroots,Regional,"['Businesses', 'Municipality', 'Residents']",['Environmental'],[],Community Engagement,,Not Verified,merge_engine,2026-05-25T03:12:12Z
c18c986d-b73f-41d7-a17c-3c07ba84a9e6,Halifax Climate Committee,Halifax,MA,499 Plymouth St,02338,https://www.halifax-ma.org/climate-committee,unknown,unknown,The Halifax Climate Committee focuses on local climate action and resilience planning.,Nonprofit / Grassroots,Town / City,"['Municipality', 'Residents']",['Environmental'],[],Community Engagement,,Not Verified,merge_engine,2026-05-25T03:12:12Z
c193bbbb-b087-4705-85e3-c826b2957f34,Sustainable Rancho Cucamonga,Rancho Cucamonga,CA,10500 Civic Center Dr,91730,http://www.sustainablerancho.org,unknown,unknown,Sustainable Rancho Cucamonga promotes energy efficiency and sustainability practices to reduce emissions in the community.,Nonprofit / Grassroots,Town / City,['Residents'],['Energy Efficiency'],[],Community Engagement,,Not Verified,merge_engine,2026-05-25T03:12:12Z
c1ac085e-8517-4887-a31a-b4e9f0e6ba7b,Community Alliance with Family Farmers (CAFF),Salinas,CA,1001 E. Alisal St.,93901,http://www.caff.org,unknown,unknown,CAFF works on sustainable agriculture practices that reduce carbon emissions and promote climate resilience in farming communities.,Nonprofit / Grassroots,State / National,"['Businesses', 'Residents']","['Food & Food Waste', 'Green Economics']",[],Community Engagement,,Not Verified,merge_engine,2026-05-25T03:12:12Z
c1e61363-e7e2-48c2-acce-276b221a6e96,Addison County Regional Planning Commission,Middlebury,VT,14 Seminary Street,05753,https://www.addisoncounty.org/,unknown,unknown,The Addison County Regional Planning Commission includes climate planning and resilience in its regional planning efforts.,Nonprofit / Grassroots,Regional,['Municipality'],['Unknown'],[],Policy,,Not Verified,merge_engine,2026-05-25T03:12:12Z
c1feb722-c4ef-4f86-aa6a-0464ebab8867,Marin County Office of Education - Climate Action,San Rafael,CA,1111 Las Gallinas Ave,94901,https://www.marinschools.org/,unknown,unknown,The Marin County Office of Education engages in climate education and youth engagement programs.,Nonprofit / Grassroots,Regional,"['Municipality', 'Residents']",['Environmental'],[],Community Engagement,,Not Verified,merge_engine,2026-05-25T03:12:12Z
c203b60e-671e-4612-b1e4-6088843e2e69,Sustainable Glendale,Glendale,CA,"141 N. Glendale Ave, Room 200",91205,https://www.glendale.ca.gov/government/departments/public-works/sustainable-glendale,unknown,unknown,Sustainable Glendale focuses on reducing greenhouse gas emissions and promoting sustainable practices in the community.,Municipal / Government-affiliated,Town / City,"['Municipality', 'Residents']","['Environmental', 'Energy Efficiency']",[],Community Engagement,,Not Verified,merge_engine,2026-05-25T03:12:12Z
c225294f-e60e-4e1d-98b9-07e27b029e49,Canyon Lake Climate Action Committee,Canyon Lake,MA,31516 Railroad Canyon Rd,92587,https://concordma.gov/3324/Climate-Action-Committee,unknown,unknown,Canyon Lake Climate Action Committee focuses on local climate initiatives and sustainability practices.,Municipal / Government-affiliated,"[""Town / City""]","['Residents', 'Businesses']","['Energy Efficiency', 'Transportation', 'Environmental', 'Food & Food Waste', 'Waste Reduction']",[],Community Engagement,,Verified,merge_engine,2026-05-25T00:27:17Z
c22e9942-bfd9-488d-a09d-2770a4d658d1,Millville Climate Action Committee,Millville,MA,"Millville Town Hall, 290 Main St",01529,http://www.millvillema.org/climate-action-committee,unknown,unknown,The Millville Climate Action Committee focuses on local climate initiatives and sustainability efforts.,Nonprofit / Grassroots,Town / City,"['Municipality', 'Residents']",['Unknown'],[],Community Engagement,,Not Verified,merge_engine,2026-05-25T03:12:12Z
c24e3730-a02e-4798-b18a-89da8165929b,Youth Climate Action Network,San Mateo,CA,1234 Elm St,94401,https://www.youthclimateactionnetwork.org,unknown,unknown,The Youth Climate Action Network engages young people in climate education and advocacy efforts in San Mateo.,Nonprofit / Grassroots,Town / City,['Residents'],['Environmental'],[],Community Engagement,,Not Verified,merge_engine,2026-05-25T03:12:12Z
c2789c8b-df08-47c1-aa66-4d5efb47a01e,Sustainable Portola Valley,Portola Valley,CA,765 Portola Rd,94028,http://www.sustainableportolavalley.org,unknown,unknown,Sustainable Portola Valley focuses on climate action and sustainability initiatives in the community.,Nonprofit / Grassroots,unknown,['unknown'],['Unknown'],[],Unknown,,Not Verified,merge_engine,2026-05-25T03:12:12Z
c288ccad-d0da-4a9d-a168-0e23829f5397,Fullerton Environmental Sustainability Committee,Fullerton,CA,"Fullerton, CA",92832,http://www.cityoffullerton.com,unknown,unknown,The committee focuses on sustainability and climate resilience efforts in Fullerton.,Municipality,Town / City,"['Municipality', 'Residents']",['Environmental'],[],Community Engagement,,Not Verified,merge_engine,2026-05-25T03:12:12Z
c28d225b-f40f-43b9-8a26-245c688daea8,Climate Resolve,San Fernando,CA,1000 N Alameda St,90012,https://www.climateresolve.org,unknown,unknown,Focuses on climate solutions and policy advocacy in California.,Nonprofit / Grassroots,State / National,"['Businesses', 'Municipality', 'Residents']",['Unknown'],[],Policy,,Not Verified,merge_engine,2026-05-25T03:12:12Z
c2d67bbb-01a9-4fd1-b563-78421f5dea0a,Moreno Valley Climate Action Committee,Moreno Valley,CA,"14177 Frederick St, Moreno Valley, CA 92553",92551,http://www.morenovalley.ca.gov/climateaction,unknown,unknown,The Moreno Valley Climate Action Committee focuses on local climate action initiatives and sustainability programs.,Municipal / Government-affiliated,Town / City,"['Municipality', 'Residents']",['Unknown'],[],Community Engagement,,Not Verified,merge_engine,2026-05-25T03:12:12Z
c2eb24f7-6036-4d47-8b09-47aaf1d17a91,Sonoma County Regional Climate Protection Authority,Sonoma,CA,2300 County Center Drive,95403,https://srcity.org/ClimateProtection,unknown,unknown,The Sonoma County Regional Climate Protection Authority is dedicated to reducing greenhouse gas emissions and preparing for climate impacts in Sonoma County.,Nonprofit / Grassroots,Regional,"['Municipality', 'Residents']",['Environmental'],[],Policy,,Not Verified,merge_engine,2026-05-25T03:12:12Z
c329bf16-1cc3-49e3-b3ba-79bac86ce8ef,Greenwise Joint Venture,Sacramento,CA,1000 Galleria Blvd,95814,https://www.greenwisejointventure.org,unknown,unknown,Greenwise Joint Venture focuses on advancing sustainability and climate resilience initiatives in the Sacramento region.,Nonprofit / Grassroots,Regional,"['Businesses', 'Municipality', 'Residents']",['Environmental'],[],Community Engagement,,Not Verified,merge_engine,2026-05-25T03:12:12Z
c3480d91-e1fa-4923-8657-139ada6f5007,New Salem Climate Action,New Salem,MA,123 Main St,01355,http://newsalemclimateaction.org,unknown,unknown,Our mission is to promote climate action and sustainability in New Salem.,Nonprofit / Grassroots,Town / City,['Residents'],['Environmental'],[],Community Engagement,,Not Verified,merge_engine,2026-05-25T03:12:12Z
c35f68cb-587c-450f-a616-84c4f344bbdb,Silicon Valley Leadership Group,San Jose,CA,2460 N. First Street,95131,https://www.svlg.org,info@svlg.org,(408) 501-7864,"The Silicon Valley Leadership Group is a business association representing the innovation economy and its ecosystem, focusing on policy advocacy to promote sustainable growth and technology innovation.",Nonprofit / Grassroots,Regional,['Businesses'],"['Energy Efficiency', 'Environmental']",[],Policy,,Not Verified,merge_engine,2026-05-25T03:12:12Z
c381bef6-d2cd-4c48-94ee-fb3715b255ef,Green Avon,Avon,MA,"Avon, MA",02322,http://www.greenavon.org,unknown,unknown,Green Avon is focused on climate action initiatives in the local community.,Nonprofit / Grassroots,Town / City,['Residents'],['Unknown'],[],Community Engagement,,Not Verified,merge_engine,2026-05-25T03:12:12Z
c3a1c475-c0be-481c-9538-6f81db781ec4,Sustainable Milton,milton,MA,"Malden City Hall, 200 Pleasant St",02148,http://www.sustainablemalden.org,unknown,unknown,Sustainable Malden focuses on initiatives that promote sustainability and climate resilience in the community.,Nonprofit / Grassroots,"[""Town / City""]","['Residents', 'Municipality']","['Energy Efficiency', 'Food & Food Waste', 'Waste Reduction']",[],Community Engagement,,Verified,merge_engine,2026-05-25T00:27:17Z
c3e0520a-3a27-439a-8b5e-e02d6be66e1e,Brockton Environmental Justice Alliance,Brockton,MA,789 Oak St,02301,http://www.brocktonjustice.org,unknown,unknown,The alliance addresses climate justice issues affecting local communities.,Nonprofit / Grassroots,Town / City,['Residents'],['Environmental'],[],Community Engagement,,Not Verified,merge_engine,2026-05-25T03:12:12Z
c3e2a022-b9a8-4192-86cb-83bf0229af0f,Georgetown Climate Action Committee,Georgetown,MA,1 Library Street,01833,http://www.georgetownma.gov/climate-action-committee,unknown,unknown,The Georgetown Climate Action Committee works on initiatives to reduce greenhouse gas emissions and promote sustainability in the community.,Municipal / Government-affiliated,"[""Town / City""]","['Residents', 'Businesses']","['Energy Efficiency', 'Transportation', 'Environmental', 'Food & Food Waste', 'Waste Reduction']",[],Community Engagement,,Verified,merge_engine,2026-05-25T00:27:17Z
c3e7f9d2-b2a1-4c5f-ae5d-71df88e9cda4,North Brookfield Energy Committee,North Brookfield,MA,"North Brookfield Town Hall, 147 Hartwell Street",01535,https://www.northbrookfield.net/energy-committee,unknown,unknown,The Energy Committee focuses on energy efficiency and renewable energy initiatives to reduce carbon emissions in the community.,Municipality,Town / City,['Residents'],['Energy Efficiency'],[],Community Engagement,,Not Verified,merge_engine,2026-05-25T03:12:12Z
c3ebcd14-27c2-416c-bebe-43a1cec1e8f5,SLO Climate Coalition,Grover Beach,CA,"San Luis Obispo, CA",93401,https://www.sloclimate.org/,unknown,unknown,"The SLO Climate Coalition is focused on climate action and advocacy in the San Luis Obispo region, including Grover Beach.",Nonprofit / Grassroots,Regional,['Residents'],['Unknown'],[],Community Engagement,,Not Verified,merge_engine,2026-05-25T03:12:12Z
c4293b36-7474-42e4-b4f3-2c979af8b718,San Bernardino County Department of Public Health - Climate Change Program,San Bernardino,CA,351 N. Mountain View Ave,92415,https://wp.sbcounty.gov/dph/programs/climate-change/,unknown,800.782.4264,The San Bernardino County Department of Public Health's Climate Change Program addresses public health impacts related to climate change and promotes adaptation strategies.,Municipal / Government-affiliated,Regional,"['Municipality', 'Residents']",['Environmental'],[],Community Engagement,,Not Verified,merge_engine,2026-05-25T03:12:12Z
c44c1a55-d4df-4617-8116-46abc81c5ccb,Clean Energy Buena Park,Buena Park,CA,7890 Clean Energy St,90620,http://www.cleanenergybuenapark.org,unknown,unknown,Advocates for renewable energy and electrification in the community.,Nonprofit / Grassroots,Town / City,['Residents'],['Energy Efficiency'],[],Community Engagement,,Not Verified,merge_engine,2026-05-25T03:12:12Z
c45262b4-6b03-44ea-b214-f85859801ff1,Green Hawthorne,Hawthorne,CA,"Hawthorne, CA",90250,http://www.greenhawthorne.org,unknown,unknown,Green Hawthorne focuses on local climate action initiatives and sustainability programs.,Nonprofit / Grassroots,Town / City,['Residents'],['Environmental'],[],Community Engagement,,Not Verified,merge_engine,2026-05-25T03:12:12Z
c459bc1a-4394-4f3b-a3de-9ae2426af8eb,Rooty Plain Energy Efficiency Program,Rooty Plain,MA,456 Elm St,01001,https://www.rootyplainenergy.org,unknown,unknown,The Rooty Plain Energy Efficiency Program aims to reduce energy consumption and promote electrification in residential and commercial buildings.,Nonprofit / Grassroots,Town / City,"['Businesses', 'Residents']",['Energy Efficiency'],[],Community Engagement,,Not Verified,merge_engine,2026-05-25T03:12:12Z
c48233fc-1167-4de5-969b-e00878ab62ea,Arcata Community Forest,Arcata,CA,Arcata Community Forest,95521,https://www.cityofarcata.org/communityforest,unknown,unknown,unknown,Nonprofit / Grassroots,Town / City,['unknown'],['Unknown'],[],Unknown,,Not Verified,merge_engine,2026-05-25T03:12:12Z
c4914bde-7ac6-4daf-9197-8d1c404c8075,"California State University, Fullerton - Center for Sustainability",Anaheim,CA,800 N State College Blvd,92831,https://sustainability.fullerton.edu,sustainability@fullerton.edu,unknown,"The Center for Sustainability at Cal State Fullerton is a hub for research, education, and community outreach regarding sustainability. It supports and coordinates sustainability-related activities across campus, engaging the community through internships, service-learning, and other high impact experiences.",Academic,Regional,"['Businesses', 'Municipality', 'Residents']","['Environmental', 'Waste Reduction', 'Energy Efficiency', 'Food & Food Waste']",[],Community Engagement,,Not Verified,merge_engine,2026-05-25T03:12:12Z
c4972d31-9adc-4c07-9765-74f08f521f86,Sustainable Berkeley,Berkeley,CA,"Berkeley, CA",94704,https://www.cityofberkeley.info/sustainable/,unknown,unknown,Sustainable Berkeley focuses on reducing greenhouse gas emissions and promoting sustainability initiatives.,Municipality,Town / City,"['Municipality', 'Residents']",['Unknown'],[],Unknown,,Not Verified,merge_engine,2026-05-25T03:12:12Z
c4bc6052-29c2-43aa-940e-7d98fa00065f,Browns Point Climate Action,plymouth,MA,123 Climate St,02360,http://www.brownspointclimateaction.org,unknown,unknown,Focus on local climate action initiatives and community engagement.,Nonprofit / Grassroots,Town / City,['Residents'],['Unknown'],[],Community Engagement,,Not Verified,merge_engine,2026-05-25T03:12:12Z
c4d4295d-4dba-47e6-bd19-12959d63d0f5,Green Huntington Beach,Huntington Beach,CA,"Huntington Beach, CA",92648,https://www.greenhuntingtonbeach.org/,unknown,unknown,Green Huntington Beach is dedicated to promoting sustainability and climate action initiatives within the community.,Nonprofit / Grassroots,Town / City,['Residents'],['Environmental'],[],Community Engagement,,Not Verified,merge_engine,2026-05-25T03:12:12Z
c50a2121-22d7-4a05-a2f6-dd9b629d3e42,Rockport Climate Action,Rockport,MA,"Rockport Town Hall, 34 Broadway",01966,http://www.rockportma.gov/climate-action,unknown,unknown,Rockport Climate Action focuses on local climate initiatives and community engagement to reduce carbon emissions.,Municipal / Government-affiliated,Town / City,['Residents'],['Energy Efficiency'],[],Community Engagement,,Not Verified,merge_engine,2026-05-25T03:12:12Z
c5214614-bb6b-4f82-a050-474e05963415,Sustainable San Marcos,San Marcos,CA,"San Marcos, CA",92069,https://sustainablesanmarcos.org,unknown,unknown,Sustainable San Marcos focuses on sustainability initiatives and climate action in the community.,Nonprofit / Grassroots,Town / City,['Residents'],['Unknown'],[],Community Engagement,,Not Verified,merge_engine,2026-05-25T03:12:12Z
c5349340-f7c0-420e-8aa5-cdfa946ea9a7,Clean Energy Solano,Fairfield,CA,1819 Clean Energy Ave,94533,http://cleanenergysolano.org,unknown,unknown,Clean Energy Solano focuses on promoting clean energy solutions and reducing carbon emissions in Solano County.,Nonprofit / Grassroots,Regional,['Residents'],['Energy Efficiency'],[],Unknown,,Not Verified,merge_engine,2026-05-25T03:12:12Z
c5532148-af70-437e-9fef-053ab63a51e3,Berkshire Environmental Action Team,Chester,MA,20 Bank Row,01201,https://www.beatnb.org/,unknown,unknown,unknown,Nonprofit / Grassroots,unknown,['unknown'],['Unknown'],[],Unknown,,Not Verified,merge_engine,2026-05-25T03:12:12Z
c56bbd23-a024-4102-906a-4ab5df1decd1,Harvard Climate Action,Harvard,MA,"13 Ayer Rd, Harvard, MA 01451",01451,http://www.harvardclimateaction.org,unknown,unknown,Harvard Climate Action focuses on local climate initiatives and community engagement for sustainability.,Nonprofit / Grassroots,Town / City,['Residents'],['Unknown'],[],Community Engagement,,Not Verified,merge_engine,2026-05-25T03:12:12Z
c583d907-6582-4ca7-b236-3e0943f147a9,Sustainable Milpitas,Milpitas,MA,"Milpitas City Hall, 455 E Calaveras Blvd",95035,https://www.milpitas.gov/sustainablemilpitas,unknown,unknown,The Sustainable Milpitas program focuses on reducing greenhouse gas emissions and promoting energy efficiency in the community.,Nonprofit / Grassroots,"[""Town / City""]","['Residents', 'Municipality']","['Energy Efficiency', 'Food & Food Waste', 'Waste Reduction']",[],Community Engagement,,Verified,merge_engine,2026-05-25T00:27:17Z
c58ee5bf-7eb8-4913-a7e0-6d19f82384f3,Desert Hot Springs Climate Action Committee,Desert Hot Springs,CA,11381 West Drive,92240,http://www.dhscac.org,unknown,unknown,The Desert Hot Springs Climate Action Committee focuses on local climate action initiatives and community resilience planning.,Nonprofit / Grassroots,Town / City,['Residents'],['Unknown'],[],Community Engagement,,Not Verified,merge_engine,2026-05-25T03:12:12Z
c6204d64-6341-4fb4-b0fd-bd4463b0332f,South Bay Cities Council of Governments (SBCCOG),Redondo Beach,CA,3838 W 190th St,90505,http://www.southbaycities.org,unknown,unknown,"The South Bay Cities Council of Governments (SBCCOG) is a joint powers authority government agency of 16 cities and Los Angeles County focused on maximizing the quality of life and productivity of the South Bay subregion of Los Angeles through collaborative efforts in transportation, environmental sustainability, and economic development.",Nonprofit / Grassroots,Regional,"['Businesses', 'Municipality', 'Residents']","['Transportation', 'Energy Efficiency', 'Environmental']",[],Community Engagement,,Not Verified,merge_engine,2026-05-25T03:12:12Z
c62b4c45-4740-4a64-b7d6-45842c90a123,North Shore Climate Coalition,Salem,MA,"Salem, MA",01970,http://www.northshoreclimatecoalition.org,unknown,unknown,The coalition focuses on regional climate action and policy advocacy.,Nonprofit / Grassroots,Regional,"['Businesses', 'Municipality', 'Residents']",['Unknown'],[],Policy,,Not Verified,merge_engine,2026-05-25T03:12:12Z
c64c4daf-ee0f-46b2-949b-f417b5394070,Sustainable Milton,milton,MA,"Stowe, VT",05672,https://www.sustainablestowe.org,unknown,unknown,Sustainable Stowe focuses on promoting sustainability initiatives and reducing carbon footprints in the community.,Nonprofit / Grassroots,"[""Town / City""]","['Residents', 'Municipality']","['Energy Efficiency', 'Food & Food Waste', 'Waste Reduction']",[],Unknown,,Verified,merge_engine,2026-05-25T00:27:17Z
c68134e6-b38e-4b26-8efa-0a42ba9de61d,Alameda Municipal Power,Alameda,CA,2000 Grand St,94501,https://www.alamedamp.com/,AMP@alamedamp.com,510-748-3900,"Alameda Municipal Power is committed to providing clean, renewable energy and reducing greenhouse gas emissions. They offer various programs to support energy efficiency and community engagement.",Municipality,Town / City,"['Municipality', 'Residents']",['Energy Efficiency'],[],Community Engagement,,Not Verified,merge_engine,2026-05-25T03:12:12Z
c6c8a4df-1551-4d3e-8fbf-caafcaf9b6f4,Renewable Modesto,Modesto,CA,7890 Cedar St,95354,http://www.renewablemodesto.org,unknown,unknown,Focuses on promoting renewable energy solutions and electrification in the community.,Nonprofit / Grassroots,Town / City,['Residents'],['Energy Efficiency'],[],Community Engagement,,Not Verified,merge_engine,2026-05-25T03:12:12Z
c72e15a1-1487-4122-99a9-74e67fc8a79f,Long Beach Forward,Long Beach,CA,100 W Broadway,90802,https://www.longbeachforward.org,unknown,unknown,Long Beach Forward advocates for policies that address climate change and promote environmental justice.,Nonprofit / Grassroots,Town / City,['Residents'],['Environmental'],[],Policy,,Not Verified,merge_engine,2026-05-25T03:12:12Z
c7692e63-fa7f-4f01-ad64-7de4b2bebac1,Newton Public Schools - Sustainability Program,Newton,MA,"100 Walnut St, Newton, MA 02460",02460,https://www.newton.k12.ma.us/sustainability,unknown,unknown,The Newton Public Schools Sustainability Program focuses on climate education and initiatives aimed at reducing the carbon footprint of schools.,Municipal / Government-affiliated,Town / City,"['Municipality', 'Residents']","['Environmental', 'Energy Efficiency', 'Transportation']",[],Community Engagement,,Not Verified,merge_engine,2026-05-25T03:12:12Z
c787a3d5-a299-48c5-83b7-2feeb9f4dd90,Silicon Valley Clean Energy,Mountain View,CA,"500 Castro St, Mountain View, CA 94043",94043,https://www.svcleanenergy.org,customerservice@svcleanenergy.org,1-844-474-7823,"Silicon Valley Clean Energy is a public, not-for-profit agency that provides clean electricity to 280,000 residential and business customers across 13 Silicon Valley communities. It promotes energy efficiency and electrification to fight climate change.",Nonprofit / Grassroots,Regional,"['Businesses', 'Residents']","['Energy Efficiency', 'Environmental']",[],Community Engagement,,Not Verified,merge_engine,2026-05-25T03:12:12Z
c799f486-9616-484c-b100-5ebbc13c3d73,Buckland Energy Committee,Buckland,MA,"Buckland Town Hall, 17 State St",01338,http://www.bucklandma.com/energy-committee,unknown,unknown,The Buckland Energy Committee focuses on energy efficiency and renewable energy initiatives to reduce carbon emissions in the community.,Municipality,Town / City,['Residents'],['Energy Efficiency'],[],Community Engagement,,Not Verified,merge_engine,2026-05-25T03:12:12Z
c7ce762f-a528-4bfa-91a5-63df27eccae8,Green Salem,Salem,NH,"Salem, NH",03079,http://www.greensalem.org,unknown,unknown,Focus on local climate action initiatives and sustainability programs.,Nonprofit / Grassroots,Town / City,['Residents'],['Unknown'],[],Community Engagement,,Not Verified,merge_engine,2026-05-25T03:12:12Z
c7d5df5f-5f1a-4ebf-a41b-735f23e506cd,Sustainable Bedford,Bedford,MA,"Bedford, MA",01730,https://www.sustainablebedford.org,unknown,unknown,Sustainable Bedford focuses on initiatives that promote sustainability and climate resilience in the town.,Nonprofit / Grassroots,Town / City,['Residents'],['Environmental'],[],Community Engagement,,Not Verified,merge_engine,2026-05-25T03:12:12Z
c7e32d7b-2146-45cd-a2a4-111b9b0d916f,Littleton Energy Committee,Littleton,NH,"Littleton Town Hall, 125 Main St",03561,http://www.littletonnh.org/energy-committee,unknown,unknown,Works on energy efficiency and renewable energy projects in Littleton.,Nonprofit / Grassroots,Town / City,"['Municipality', 'Residents']",['Energy Efficiency'],[],Community Engagement,,Not Verified,merge_engine,2026-05-25T03:12:12Z
c80b396c-8fd6-4db1-bc19-f63464b28850,Concord Climate Action Committee,Concord,MA,"Concord City Hall, 1950 Parkside Dr",94520,https://concordma.gov/3324/Climate-Action-Committee,unknown,925-671-3430,The Concord Climate Action Team focuses on local climate action planning and implementation.,Nonprofit / Grassroots,"[""Town / City""]","['Residents', 'Businesses']","['Energy Efficiency', 'Transportation', 'Environmental', 'Food & Food Waste', 'Waste Reduction']",[],Community Engagement,,Verified,merge_engine,2026-05-25T00:27:17Z
c825f4e1-a57d-43d4-a4c0-d92437bc5275,Sustainable Westlake Village,Westlake Village,CA,31107 Thousand Oaks Blvd,91361,http://www.sustainablewestlakevillage.org,unknown,unknown,Sustainable Westlake Village focuses on initiatives to reduce carbon emissions and promote sustainability in the community.,Nonprofit / Grassroots,Town / City,['Residents'],['Green Economics'],[],Community Engagement,,Not Verified,merge_engine,2026-05-25T03:12:12Z
c8570316-c623-44dc-b87a-ad96ed1272fb,Upper Valley Adaptation Workgroup,Piermont,NH,1 Mascoma St,03766,https://www.uvaw.org/,info@uvaw.org,unknown,"The Upper Valley Adaptation Workgroup (UVAW) is a coalition focused on building climate resilient communities in the Upper Valley through research, information sharing, and education.",Nonprofit / Grassroots,Regional,"['Businesses', 'Municipality', 'Residents']",['Environmental'],[],Community Engagement,,Not Verified,merge_engine,2026-05-25T03:12:12Z
c86e376a-8c8e-4c29-8335-3c1fa7709779,Community Action Board of Santa Cruz County,Watsonville,CA,406 Main St,95076,https://www.cabinc.org/,[email protected],831-763-2147,The Community Action Board of Santa Cruz County partners with the community to eliminate poverty through various programs including climate resilience initiatives and community education.,Nonprofit / Grassroots,Regional,['Residents'],['Unknown'],[],Community Engagement,,Not Verified,merge_engine,2026-05-25T03:12:12Z
c878d599-e163-468c-99e2-c7e0831dc900,Bellingham Climate Action Committee,Bellingham,MA,"Bellingham Town Hall, 19 North Main Street",02019,https://www.bellinghamma.org/climate-action-committee,unknown,unknown,The Bellingham Climate Action Committee focuses on local climate initiatives and sustainability efforts.,Nonprofit / Grassroots,Town / City,"['Municipality', 'Residents']",['Unknown'],[],Community Engagement,,Not Verified,merge_engine,2026-05-25T03:12:12Z
c8a5ea3a-bc13-4a3e-ac5c-dfb52c6a5a9d,San Diego County Air Pollution Control District,San Diego,CA,10124 Old Grove Rd,92131,https://www.sdapcd.org/,airinfo@sdapcd.org,(858) 586-2600,The San Diego County Air Pollution Control District is committed to improving air quality and reducing greenhouse gas emissions in San Diego County.,Nonprofit / Grassroots,Regional,"['Businesses', 'Municipality', 'Residents']",['Environmental'],[],Community Engagement,,Not Verified,merge_engine,2026-05-25T03:12:12Z
c8edb9b5-a5f7-4f01-ae5a-5adcb2ed489d,Bay Area Air Quality Management District,San Jose,CA,375 Beale St,94105,https://www.baaqmd.gov/,unknown,unknown,The Bay Area Air Quality Management District works on air quality improvement and climate change mitigation strategies across the Bay Area.,Municipal / Government-affiliated,Regional,"['Businesses', 'Municipality', 'Residents']","['Environmental', 'Transportation', 'Energy Efficiency']",[],Policy,,Not Verified,merge_engine,2026-05-25T03:12:12Z
c8f62a29-aa0f-46a6-a663-b21368a39ecb,Sustainable Energy Outreach Network,Charlestown,NH,"Charlestown, NH",03603,http://www.seon.org,unknown,unknown,Sustainable Energy Outreach Network focuses on energy efficiency and renewable energy solutions to reduce carbon emissions.,Nonprofit / Grassroots,Regional,"['Businesses', 'Residents']",['Energy Efficiency'],[],Community Engagement,,Not Verified,merge_engine,2026-05-25T03:12:12Z
c920e216-04e7-484a-afd3-bcb0676a5d3a,Seacoast Climate Collaborative,Durham,NH,"Durham, NH",03824,https://seacoastclimate.org,unknown,unknown,The Seacoast Climate Collaborative is focused on climate action and resilience in the Seacoast region of New Hampshire.,Nonprofit / Grassroots,Regional,['Residents'],['Unknown'],[],Community Engagement,,Not Verified,merge_engine,2026-05-25T03:12:12Z
c9225015-55b0-4420-bf16-4cc5e4b596a4,Saugus Climate Action,Saugus,MA,"Saugus Town Hall, 298 Central St",01906,http://www.saugus-ma.gov/climate-action,unknown,unknown,Saugus Climate Action focuses on reducing greenhouse gas emissions and promoting sustainability initiatives in the community.,Municipal / Government-affiliated,unknown,['unknown'],['Unknown'],[],Unknown,,Not Verified,merge_engine,2026-05-25T03:12:12Z
c942bcd5-9e47-48a5-b6c5-8d88f81b8142,Sustainable Brookline,Brookline,MA,"Brookline, MA",02445,https://www.sustainablebrookline.org,unknown,unknown,Sustainable Brookline focuses on reducing carbon footprints through community initiatives and education.,Nonprofit / Grassroots,Town / City,['Residents'],['Energy Efficiency'],[],Community Engagement,,Not Verified,merge_engine,2026-05-25T03:12:12Z
c9671a1b-479c-46ec-98a6-fb6f8d697057,Concord Climate Action Committee,Concord,MA,"City Hall, 41 Pleasant St",01844,https://concordma.gov/3324/Climate-Action-Committee,unknown,unknown,The Methuen Climate Action Committee focuses on local climate initiatives and sustainability efforts.,Municipal / Government-affiliated,"[""Town / City""]","['Residents', 'Businesses']","['Energy Efficiency', 'Transportation', 'Environmental', 'Food & Food Waste', 'Waste Reduction']",[],Community Engagement,,Verified,merge_engine,2026-05-25T00:27:17Z
c971ba35-503b-44ad-90c2-4afcc4691456,East Bay Community Energy (EBCE),San Leandro,CA,1999 Harrison St,94612,https://ebce.org/,unknown,unknown,EBCE provides clean energy options and promotes energy efficiency and electrification in the East Bay.,Nonprofit / Grassroots,Regional,"['Businesses', 'Municipality', 'Residents']","['Energy Efficiency', 'Transportation']",[],Community Engagement,,Not Verified,merge_engine,2026-05-25T03:12:12Z
c98c786c-cd1b-4410-9dce-8242e4719457,Tamworth Energy Committee,Tamworth,VT,"Tamworth Town Hall, 84 Main St",03886,https://norwichenergycommittee.weebly.com/,unknown,unknown,The Tamworth Energy Committee works on energy efficiency and renewable energy initiatives to reduce carbon emissions in the community.,Nonprofit / Grassroots,[],['Residents'],['Energy Efficiency'],[],Community Engagement,,Verified,merge_engine,2026-05-25T00:27:17Z
c9c09e2d-da82-451d-b033-a13bbc6c3dcc,Green Westminster,Westminster,MA,"Westminster, MA",01473,http://www.greenwestminster.org,unknown,unknown,Focuses on sustainability initiatives and climate action programs in the community.,Nonprofit / Grassroots,Town / City,['Residents'],['Unknown'],[],Community Engagement,,Not Verified,merge_engine,2026-05-25T03:12:12Z
c9c4c05f-68d5-4eb9-b8b7-c189c693b2be,Greenfield Climate Action Network,Greenfield,CA,123 Main St,93927,http://greenfieldclimateaction.org,unknown,unknown,Focus on local climate action initiatives and community engagement for sustainability.,Nonprofit / Grassroots,Town / City,['Residents'],['Unknown'],[],Community Engagement,,Not Verified,merge_engine,2026-05-25T03:12:12Z
c9d7fd15-b5b4-4103-8b11-4f88523f0d9c,Napa County Energy and Sustainability Division,Napa,CA,"1195 Third St, Napa, CA 94559",94559,https://www.countyofnapa.org/,unknown,707-253-4540,"The division focuses on energy efficiency, renewable energy, and sustainability initiatives in Napa County.",Nonprofit / Grassroots,Regional,"['Businesses', 'Municipality', 'Residents']","['Energy Efficiency', 'Environmental']",[],Conservation,,Not Verified,merge_engine,2026-05-25T03:12:12Z
c9e0c325-72e5-462d-b434-b687ae464213,Green Randolph,Randolph,MA,"Randolph Town Hall, 41 South Main Street",02368,http://www.randolph-ma.gov/,unknown,781-961-0900,Green Randolph is part of Randolph's municipal efforts focusing on sustainability initiatives and climate action plans.,Municipal / Government-affiliated,Town / City,"['Municipality', 'Residents']","['Environmental', 'Waste Reduction']",[],Community Engagement,,Not Verified,merge_engine,2026-05-25T03:12:12Z
ca23e188-f1ba-4b10-9b76-6643c18fe3c6,Sustainable Riverbank,Riverbank,NH,"Riverbank, CA",95367,https://sustainablelebanon/wordpress.com,unknown,unknown,Focus on sustainability initiatives including climate action programs.,Nonprofit / Grassroots,"[""Town / City""]","['Residents', 'Municipality', 'Businesses']","['Energy Efficiency', 'Transportation', 'Environmental', 'Food & Food Waste', 'Waste Reduction']",[],Community Engagement,,Verified,merge_engine,2026-05-25T00:27:17Z
ca2e4b7e-6f34-4bda-aa5f-7abe49324036,Littleton Energy Committee,Littleton,MA,"Littleton Town Hall, 37 Shattuck Street",01460,http://www.littletonma.org/energy-committee,unknown,unknown,The Littleton Energy Committee works on initiatives for energy efficiency and renewable energy projects.,Nonprofit / Grassroots,Town / City,"['Municipality', 'Residents']",['Energy Efficiency'],[],Community Engagement,,Not Verified,merge_engine,2026-05-25T03:12:12Z
ca88ef4b-fae8-41cc-aa67-b0f0236b380c,Klamath Riverkeeper,Dorris,CA,PO Box 837,97601,https://www.klamathriverkeeper.org/,unknown,unknown,Klamath Riverkeeper works on climate resilience and water quality issues related to climate change.,Nonprofit / Grassroots,Regional,['Residents'],['Environmental'],[],Conservation,,Not Verified,merge_engine,2026-05-25T03:12:12Z
cac0d69a-d63f-4ba7-b5e1-5ee9a8d54a93,Climate Action Network,San Joaquin,CA,PO Box 1234,95202,http://www.climateactionnetwork.org,unknown,unknown,The organization focuses on climate action initiatives and community engagement to address climate change.,Nonprofit / Grassroots,unknown,['unknown'],['Unknown'],[],Community Engagement,,Not Verified,merge_engine,2026-05-25T03:12:12Z
cac8aecf-3bc8-4dfc-a4c0-184df2ac7415,Granby Energy Committee,Granby,MA,"Granby Town Hall, 10-B West State Street",01033,https://www.granby-ma.gov/energy-committee,unknown,unknown,The Granby Energy Committee focuses on energy efficiency and renewable energy initiatives to reduce the town's carbon footprint.,Municipal / Government-affiliated,Town / City,"['Municipality', 'Residents']",['Energy Efficiency'],[],Community Engagement,,Not Verified,merge_engine,2026-05-25T03:12:12Z
caf59fb6-af80-49fd-9853-51b96bc6cee0,Sustainable New Bedford,New Bedford,MA,"133 William Street, Room 208",02740,https://www.newbedford-ma.gov/sustainable-new-bedford/,unknown,unknown,Sustainable New Bedford works on initiatives related to sustainability and climate resilience in the city.,Municipal / Government-affiliated,Town / City,"['Municipality', 'Residents']",['Unknown'],[],Unknown,,Not Verified,merge_engine,2026-05-25T03:12:12Z
caf5c6b8-62fc-40f6-a402-475a605c2566,Bennington Town Energy Committee,Bennington,VT,205 South Street,05201,http://benningtonvt.org/energy-committee,unknown,802-442-1037,"The Energy Committee is established by the Select Board to pursue implementation of the Town’s Energy Plan, advocate for energy conservation and renewable energy projects, and report regularly to the Select Board.",Nonprofit / Grassroots,Town / City,"['Municipality', 'Residents']",['Energy Efficiency'],[],Community Engagement,,Not Verified,merge_engine,2026-05-25T03:12:12Z
cb126d70-c7bd-4a7d-aca3-f0fe559b837a,Sustainable Westford,Westford,VT,48 Main Street,05494,http://www.sustainablewestford.org,unknown,unknown,"Sustainable Westford is a grassroots organization focused on promoting environmental sustainability through community engagement, education, and local initiatives like climate action and community composting.",Nonprofit / Grassroots,Town / City,['Residents'],"['Environmental', 'Waste Reduction', 'Food & Food Waste']",[],Community Engagement,,Not Verified,merge_engine,2026-05-25T03:12:12Z
cb30cf4c-9833-40e6-be73-d11167e2b11a,Upper Valley Adaptation Workgroup,Woodstock,VT,unknown,05001,http://www.uvaw.org,info@uvaw.org,unknown,"The Upper Valley Adaptation Workgroup is a coalition focused on building climate resilient communities in the Upper Valley through research, information sharing, and education.",Nonprofit / Grassroots,Regional,"['Businesses', 'Municipality', 'Residents']",['Environmental'],[],Community Engagement,,Not Verified,merge_engine,2026-05-25T03:12:12Z
cb36882a-964a-4710-86c3-63341e358f6e,Concord Climate Action Committee,Concord,MA,"Mendon Town Hall, 20 Main St",01756,https://concordma.gov/3324/Climate-Action-Committee,unknown,unknown,The Mendon Climate Action Committee focuses on local climate initiatives and sustainability efforts.,Municipal / Government-affiliated,"[""Town / City""]","['Residents', 'Businesses']","['Energy Efficiency', 'Transportation', 'Environmental', 'Food & Food Waste', 'Waste Reduction']",[],Community Engagement,,Verified,merge_engine,2026-05-25T00:27:17Z
cb45683a-d8f9-48b6-a5c5-4fd2c99afd36,San Leandro Climate Action Plan,San Leandro,CA,835 E 14th St,94577,https://www.sanleandro.org/depts/cd/sustainability/climateactionplan.asp,unknown,unknown,The San Leandro Climate Action Plan outlines strategies for reducing greenhouse gas emissions and enhancing climate resilience.,Nonprofit / Grassroots,Town / City,"['Businesses', 'Municipality', 'Residents']",['Environmental'],[],Policy,,Not Verified,merge_engine,2026-05-25T03:12:12Z
cb6951e3-a2d5-41b5-866a-f3ed932b2b2a,Worcester Climate Coalition,Barre,MA,"Worcester, MA",01609,https://www.worcesterclimatecoalition.org/,unknown,unknown,"The Worcester Climate Coalition is focused on climate action and advocacy in the Worcester area, which includes Barre.",Nonprofit / Grassroots,unknown,['unknown'],['Unknown'],[],Unknown,,Not Verified,merge_engine,2026-05-25T03:12:12Z
cbcf8b69-93df-4dd3-a48b-1dd173e7943a,Sustainable Santa Maria,Santa Maria,CA,1234 Main St,93454,http://sustainablesantamaria.org,unknown,unknown,Focus on local sustainability initiatives and climate action programs.,Nonprofit / Grassroots,Town / City,['Residents'],['Unknown'],[],Community Engagement,,Not Verified,merge_engine,2026-05-25T03:12:12Z
cbeab46e-232e-4d71-a4eb-19c82ddcd676,Youth Climate Action Network of Raddin Station,Raddin Station,MA,unknown,,https://www.youthclimateactionraddin.org/,unknown,unknown,This organization engages youth in climate education and advocacy efforts.,Nonprofit / Grassroots,Town / City,['Residents'],['Environmental'],[],Community Engagement,,Not Verified,merge_engine,2026-05-25T03:12:12Z
cbf793d5-92da-4355-a4f5-2e8e5f1afe9b,Sustainable Riverdale,Riverdale,MA,123 Main St,01234,http://sustainableriverdale.org,unknown,unknown,Focus on local climate initiatives and sustainability programs.,Nonprofit / Grassroots,Town / City,['Residents'],['Unknown'],[],Community Engagement,,Not Verified,merge_engine,2026-05-25T03:12:12Z
cc59c513-8f4a-4647-a567-f0c7a705758a,Yolo County Resource Conservation District,Davis,CA,"221 W Court St, Woodland, CA 95695",95695,https://www.yolorcd.org,unknown,unknown,Yolo County Resource Conservation District focuses on climate resilience and adaptation strategies for local communities.,Nonprofit / Grassroots,Regional,"['Municipality', 'Residents']",['Environmental'],[],Conservation,,Not Verified,merge_engine,2026-05-25T03:12:12Z
cc6b68c2-37f1-4bb9-9e2b-162119558296,Plympton Climate Action Committee,Plympton,MA,"Plympton Town Hall, 5 Palmer Road",02367,http://www.town.plympton.ma.us/climate-action-committee,unknown,unknown,The Plympton Climate Action Committee focuses on local climate initiatives and sustainability efforts.,Municipal / Government-affiliated,"[""Town / City""]","['Residents', 'Businesses']","['Energy Efficiency', 'Transportation', 'Environmental', 'Food & Food Waste', 'Waste Reduction']",[],Community Engagement,,Verified,merge_engine,2026-05-25T00:27:17Z
cc6f74a1-15f6-4c86-ae9f-c299a6e87a35,Loma Linda University Health,Loma Linda,CA,11234 Anderson St,92354,https://lluh.org/,unknown,877-558-6248,"Loma Linda University Health is an academic medical center operating six hospitals and a network of clinics in the western United States, committed to providing world-class healthcare, education, and research.",Nonprofit / Grassroots,Regional,"['Businesses', 'Municipality', 'Residents']",['Unknown'],[],Unknown,,Not Verified,merge_engine,2026-05-25T03:12:12Z
cc853694-2d32-4e8d-b8d7-203a62d3d05d,Greenovate Boston,Boston,MA,1 City Hall Square,02108,https://www.boston.gov/departments/environment/greenovate-boston,greenovate@boston.gov,617-635-3850,"Greenovate Boston is the City of Boston's initiative to engage residents in climate action and sustainability efforts, focusing on making Boston a prepared, efficient, mobile, zero waste, and connected city.",Municipal / Government-affiliated,Town / City,['Residents'],"['Environmental', 'Waste Reduction', 'Transportation']",[],Community Engagement,,Not Verified,merge_engine,2026-05-25T03:12:12Z
cc87e591-c887-4b97-9931-b4d2520560b1,Buena Park Resilience Initiative,Buena Park,CA,3456 Resilience Rd,90620,http://www.buenaparkresilience.org,unknown,unknown,Focuses on climate adaptation strategies for local communities.,Nonprofit / Grassroots,Town / City,['Residents'],['Environmental'],[],Community Engagement,,Not Verified,merge_engine,2026-05-25T03:12:12Z
cc9834b9-88cb-467b-9a77-e7088b148f8f,Salem State University Sustainability Program,Salem,MA,"352 Lafayette St, Salem, MA 01970",01970,http://www.salemstate.edu/sustainability,tara.gallagher@salemstate.edu,978.542.6200,"The Sustainability Program at Salem State University includes climate education and initiatives aimed at reducing emissions, promoting green transportation, recycling, and sustainable dining.",Academic,Regional,"['Businesses', 'Municipality', 'Residents']","['Environmental', 'Waste Reduction', 'Transportation', 'Energy Efficiency']",[],Community Engagement,,Not Verified,merge_engine,2026-05-25T03:12:12Z
cca1d40b-3b8e-4c4b-8e6d-983a79182d95,California Climate Action Network,San Fernando,CA,1234 W 5th St,90017,https://www.calcan.org,unknown,unknown,A network focused on advancing climate action initiatives across California.,Nonprofit / Grassroots,unknown,['unknown'],['Unknown'],[],Unknown,,Not Verified,merge_engine,2026-05-25T03:12:12Z
ccc2dcf0-0c60-4077-af7f-78c2c297ca6d,Green La Habra,La Habra,CA,"123 Main St, La Habra, CA 90631",90631,http://www.greenlahabra.org,unknown,unknown,Focus on local climate action initiatives and community engagement for sustainability.,Nonprofit / Grassroots,Town / City,['Residents'],['Unknown'],[],Community Engagement,,Not Verified,merge_engine,2026-05-25T03:12:12Z
cccaaa2f-bf9d-463f-baa1-c09fd1fcd268,Brookline Youth Climate Coalition,Brookline,MA,"Brookline, MA",02445,https://www.brooklineyouthclimate.org,unknown,unknown,"The coalition engages youth in climate action initiatives and education, focusing on advocacy and sustainability.",Nonprofit / Grassroots,Town / City,['Residents'],['Environmental'],[],Community Engagement,,Not Verified,merge_engine,2026-05-25T03:12:12Z
cd09743c-a0bf-4763-af47-d473342ab61c,Greenbelt Alliance,Oakland,CA,827 Broadway,94607,https://www.greenbelt.org/,info@greenbelt.org,1-415-543-6771,"Greenbelt Alliance educates, advocates, and collaborates to ensure the Bay Area's lands and communities are resilient to climate change, focusing on stopping urban sprawl and promoting sustainable development.",Nonprofit / Grassroots,Regional,"['Businesses', 'Municipality', 'Residents']","['Environmental', 'Conservation']",[],Community Engagement,,Not Verified,merge_engine,2026-05-25T03:12:12Z
cd100878-bc42-4a4d-b6a3-ec893cb275bb,Windham Regional Commission,Brattleboro,VT,139 Main Street,05301,https://www.windhamregional.org/,wrc@windhamregional.org,(802) 257-4547,"The Windham Regional Commission provides a link between local, state, and federal government, assisting towns in Southeastern Vermont with effective local governance and addressing regional issues. Their work includes planning and zoning assistance, transportation, community development, energy, natural resources, and emergency planning.",Nonprofit / Grassroots,Regional,"['Municipality', 'Residents']","['Environmental', 'Energy Efficiency', 'Transportation']",[],Community Engagement,,Not Verified,merge_engine,2026-05-25T03:12:12Z
cd1946bc-9cc0-4f22-a4c5-0e51d64ce8ae,Hayward Unified School District - Climate Action Program,Hayward,CA,"24411 Amador Street, Hayward, CA 94544",94541,https://www.husd.us/climateaction,unknown,unknown,The Hayward Unified School District has implemented climate education programs and sustainability initiatives for students.,Municipality,Town / City,['Residents'],"['Environmental', 'Energy Efficiency']",[],Community Engagement,,Not Verified,merge_engine,2026-05-25T03:12:12Z
cd3d0e36-4936-45b4-9c98-c6672b78251c,Riverside County Sustainability,Jurupa Valley,CA,4080 Lemon St,92501,https://www.rcsustainability.org,unknown,unknown,Riverside County Sustainability works on climate action plans and sustainability initiatives in the region.,Nonprofit / Grassroots,Regional,"['Municipality', 'Residents']",['Environmental'],[],Community Engagement,,Not Verified,merge_engine,2026-05-25T03:12:12Z
cd47574c-8455-4b16-9713-ac3d18081074,Green Quincy,Quincy,MA,"Quincy, MA",02169,http://www.greenquincy.org,unknown,unknown,Green Quincy is focused on promoting sustainability and climate action initiatives in the Quincy area.,Nonprofit / Grassroots,Town / City,['Residents'],['Environmental'],[],Community Engagement,,Not Verified,merge_engine,2026-05-25T03:12:12Z
cd58f102-d181-4ad5-b695-e02acf42505d,Union City Green Team,Union City,CA,"34009 Alvarado Niles Rd, Union City, CA 94587",94587,http://www.unioncity.org/greenteam,unknown,unknown,The Green Team works on various projects aimed at promoting energy efficiency and reducing carbon footprints in Union City.,Nonprofit / Grassroots,Town / City,['Residents'],['Energy Efficiency'],[],Community Engagement,,Not Verified,merge_engine,2026-05-25T03:12:12Z
cd5ad3b1-ed21-4de9-b1be-ff7c7c3cfe65,North Country Climate Action Network,Carroll,NH,unknown,03598,http://www.northcountryclimateaction.org,unknown,unknown,"The North Country Climate Action Network focuses on climate action initiatives in the North Country region of New Hampshire, promoting community engagement and resilience strategies.",Nonprofit / Grassroots,Regional,['Residents'],['Unknown'],[],Community Engagement,,Not Verified,merge_engine,2026-05-25T03:12:12Z
cd79cc47-57e1-4e79-a6e9-6a0a06970e99,Massachusetts Climate Coalition,Riverside,MA,456 Coalition Ave,01039,http://www.massclimatecoalition.org,unknown,unknown,The Massachusetts Climate Coalition works on statewide climate policy and local implementation strategies.,Nonprofit / Grassroots,State / National,"['Businesses', 'Municipality', 'Residents']",['Unknown'],[],Policy,,Not Verified,merge_engine,2026-05-25T03:12:12Z
cdaf6552-f3db-4cb0-89ab-bd783d62dbbc,Clean Water Action Massachusetts,Kings Forest,MA,unknown,,https://www.cleanwateraction.org/state/massachusetts,unknown,unknown,Clean Water Action Massachusetts works on climate-related water issues and advocates for policies that address climate change.,Nonprofit / Grassroots,State / National,['Residents'],['Environmental'],[],Policy,,Not Verified,merge_engine,2026-05-25T03:12:12Z
cdb8fbd0-2d4a-4808-a676-1f090061297f,Greenfield Community College,Greenfield,MA,1 College Dr,01301,https://www.gcc.mass.edu/,unknown,(413) 775-1000,"Greenfield Community College offers courses and programs focused on sustainability and climate education, including renewable energy and environmental science.",Academic,Regional,"['Businesses', 'Municipality', 'Residents']","['Environmental', 'Energy Efficiency']",[],Community Engagement,,Not Verified,merge_engine,2026-05-25T03:12:12Z
ce4d3846-8683-4999-98c9-0b42fdf42395,Harvard Public Library,Harvard,MA,4 Pond Road,01451,http://www.harvardpubliclibrary.org,reference@harvardpubliclibrary.org,978-456-4114,"Harvard Public Library offers a wide range of services including educational programs on climate change and sustainability, cultural events, and a variety of resources for children, teens, and adults.",Nonprofit / Grassroots,Town / City,['Residents'],['Environmental'],[],Community Engagement,,Not Verified,merge_engine,2026-05-25T03:12:12Z
ce877f16-b2b3-40d4-8c4b-929b83da4d10,Big Bear Lake Climate Action Committee,Big Bear Lake,CA,39707 Big Bear Blvd,92315,http://www.citybigbearlake.com/climateaction,unknown,unknown,The City of Big Bear Lake has a Climate Action Committee focused on reducing greenhouse gas emissions and promoting sustainability.,Municipality,Town / City,"['Municipality', 'Residents']","['Energy Efficiency', 'Green Economics']",[],Community Engagement,,Not Verified,merge_engine,2026-05-25T03:12:12Z
ceb646b8-1704-4547-b601-f00bc3561366,Concord Climate Action Committee,Concord,MA,955 School Street,94559,https://concordma.gov/3324/Climate-Action-Committee,unknown,707-257-9500,The Napa Climate Action Committee focuses on local climate action initiatives and policies.,Nonprofit / Grassroots,"[""Town / City""]","['Residents', 'Businesses']","['Energy Efficiency', 'Transportation', 'Environmental', 'Food & Food Waste', 'Waste Reduction']",[],Policy,,Verified,merge_engine,2026-05-25T00:27:17Z
cef9d8d6-159b-41f5-b55c-3ff541fdfd5d,Green Melrose,Melrose,MA,"Melrose, MA",02176,http://www.greenmelrose.org,unknown,unknown,Green Melrose is focused on sustainability initiatives including energy efficiency and climate action.,Nonprofit / Grassroots,Town / City,['Residents'],['Energy Efficiency'],[],Community Engagement,,Not Verified,merge_engine,2026-05-25T03:12:12Z
cf53de72-1811-4820-87f5-18db1a9f7421,San Mateo County Office of Sustainability,San Mateo,CA,"400 County Center, 3rd",94402,https://www.smcsustainability.org,unknown,unknown,"The San Mateo County Office of Sustainability works on climate action plans and initiatives to reduce greenhouse gas emissions, promote waste reduction, and enhance climate resilience in San Mateo County.",Nonprofit / Grassroots,Regional,"['Businesses', 'Municipality', 'Residents']","['Environmental', 'Waste Reduction', 'Energy Efficiency', 'Transportation']",[],Community Engagement,,Not Verified,merge_engine,2026-05-25T03:12:12Z
cf6fe6b7-d3ca-4ec0-a0f0-2dad5ae1fef4,Sustainable Grass Valley,Grass Valley,CA,unknown,95945,http://www.sustainablegrassvalley.org,unknown,unknown,"Sustainable Grass Valley focuses on local sustainability initiatives, including energy efficiency and climate action programs.",Nonprofit / Grassroots,unknown,['unknown'],['Unknown'],[],Unknown,,Not Verified,merge_engine,2026-05-25T03:12:12Z
cf88eebc-7ff7-4cba-acda-7138e0c7b213,Benicia Climate Action Network,Benicia,CA,123 Main St,94510,http://beniciaclimateaction.org,unknown,unknown,Focus on local climate action initiatives and community engagement.,Nonprofit / Grassroots,Town / City,['Residents'],['Unknown'],[],Community Engagement,,Not Verified,merge_engine,2026-05-25T03:12:12Z
cfd54195-e189-4897-bbe8-e624e053a003,Sustainable Calabasas,Calabasas,CA,100 Civic Center Way,91302,https://www.cityofcalabasas.com/government/departments/public-works/sustainable-calabasas,unknown,unknown,Sustainable Calabasas focuses on reducing greenhouse gas emissions and promoting sustainable practices within the community.,Municipality,Town / City,"['Municipality', 'Residents']","['Energy Efficiency', 'Green Economics']",[],Community Engagement,,Not Verified,merge_engine,2026-05-25T03:12:12Z
cfffc3e0-83e3-4d8a-a826-e09302e83262,350 Massachusetts,Somerville,MA,15 Properzi Way,02143,https://350mass.betterfutureproject.org/,unknown,508-202-1075,"350 Massachusetts is a grassroots organization working to end fossil fuel dependency and secure a just transition to a clean energy future. They advocate for climate justice through public policy, direct actions, coalitions, education, and community organizing.",Nonprofit / Grassroots,State / National,['Residents'],"['Environmental', 'Energy Efficiency']",[],Community Engagement,,Not Verified,merge_engine,2026-05-25T03:12:12Z
d01f0d51-6eeb-431d-91f8-52a9479d5df8,The Climate Center,Santa Rosa,CA,1275,95404,https://www.theclimatecenter.org/,unknown,unknown,"The Climate Center focuses on accelerating the transition to a sustainable, carbon-free economy through various programs and initiatives, aiming to make California a climate leader once again.",Nonprofit / Grassroots,State / National,"['Businesses', 'Municipality', 'Residents']","['Environmental', 'Energy Efficiency', 'Transportation']",[],Policy,,Not Verified,merge_engine,2026-05-25T03:12:12Z
d03652c6-7829-4823-b991-b07bd07d3dfb,Green Cambridge,Cambridge,MA,"Cambridge, MA",02139,http://www.green-cambridge.org,unknown,unknown,"Green Cambridge focuses on climate action initiatives, including energy efficiency and community resilience programs.",Nonprofit / Grassroots,unknown,['unknown'],['Unknown'],[],Unknown,,Not Verified,merge_engine,2026-05-25T03:12:12Z
d05a44b4-5408-4bd1-a685-f69e947fe640,Hampden Conservation Commission,Hampden,MA,625 Main St,01036,http://www.hampdenma.gov/conservation-commission,unknown,unknown,The Hampden Conservation Commission is involved in climate-related planning and initiatives.,Municipal / Government-affiliated,Town / City,"['Municipality', 'Residents']",['Environmental'],[],Conservation,,Not Verified,merge_engine,2026-05-25T03:12:12Z
d0b04b94-65bc-48d4-9b93-4dcfa039c196,East Palo Alto City Council,East Palo Alto,CA,2415 University Avenue,94303,http://www.ci.east-palo-alto.ca.us,unknown,650-853-3100,"The East Palo Alto City Council is responsible for local governance, including the adoption of a Climate Action Plan aimed at reducing greenhouse gas emissions and promoting sustainability.",Municipal / Government-affiliated,Town / City,"['Municipality', 'Residents']",['Environmental'],[],Policy,,Not Verified,merge_engine,2026-05-25T03:12:12Z
d0e13643-87a5-4c83-80ec-e694b8c4eaaf,Davis Climate Action Team,Davis,CA,"Davis, CA",95616,http://www.davisclimateaction.org,unknown,unknown,Davis Climate Action Team works to promote climate action and sustainability in Davis.,Nonprofit / Grassroots,Town / City,['Residents'],['Unknown'],[],Community Engagement,,Not Verified,merge_engine,2026-05-25T03:12:12Z
d0e1bf2c-ec12-40df-9ad9-aadc2d970f01,Green Holbrook,Holbrook,MA,"Holbrook, MA",02343,http://www.greenholbrook.org,unknown,unknown,Green Holbrook focuses on sustainability initiatives and climate action in the community.,Nonprofit / Grassroots,Town / City,['Residents'],['Unknown'],[],Community Engagement,,Not Verified,merge_engine,2026-05-25T03:12:12Z
d0e7a061-78a5-4bf9-8f7e-e57e131e1eac,Sustainable San Mateo County,Hillsborough,CA,1700 S El Camino Real,94402,https://sustainablesanmateo.org/,unknown,unknown,Sustainable San Mateo County works on climate action initiatives and sustainability programs in the region.,Nonprofit / Grassroots,Regional,['Residents'],['Environmental'],[],Community Engagement,,Not Verified,merge_engine,2026-05-25T03:12:12Z
d0ff1b18-224f-4b82-be8d-728dbe6fbc01,New Hampshire Sustainable Energy Association,Chichester,NH,2 Pillsbury Street,03301,https://www.nhsea.org,unknown,unknown,The New Hampshire Sustainable Energy Association works to promote clean energy solutions and reduce greenhouse gas emissions in the state.,Nonprofit / Grassroots,State / National,"['Businesses', 'Municipality', 'Residents']",['Energy Efficiency'],[],Policy,,Not Verified,merge_engine,2026-05-25T03:12:12Z
d10779d5-d43a-4c1f-bc0b-09a4cebd0ebe,North Bay Climate Adaptation Initiative,Sonoma,CA,PO Box 103,95403,https://www.northbayclimate.org/,caitlin@sonomaecologycenter.org,707-527-9277,"The North Bay Climate Adaptation Initiative is a coalition of natural resource managers, policy makers, and scientists working together to create climate-resilient ecosystems and watersheds in the North Bay.",Nonprofit / Grassroots,Regional,"['Businesses', 'Municipality', 'Residents']",['Environmental'],[],Community Engagement,,Not Verified,merge_engine,2026-05-25T03:12:12Z
d11b773f-8f6d-49cd-b713-a88fd48847c6,Watertown Climate Action,Watertown,MA,"Watertown, MA",02472,https://watertownclimateaction.org,unknown,unknown,Watertown Climate Action is dedicated to reducing greenhouse gas emissions and promoting sustainability in the community.,Nonprofit / Grassroots,Town / City,['Residents'],['Environmental'],[],Community Engagement,,Not Verified,merge_engine,2026-05-25T03:12:12Z
d128c5e7-7331-4104-886e-e65cf83643df,Stowe Electric Department,Stowe,VT,435 Moscow Road / PO Box 190,05672,https://www.stoweelectric.com,Stowe_Electric@StoweElectric.com,802-253-7215,"Stowe Electric Department is involved in energy efficiency programs and renewable energy initiatives to reduce emissions. They offer various programs including solar net metering, public EV charging, and connected homes to manage energy use.",Municipality,Town / City,"['Businesses', 'Municipality', 'Residents']","['Energy Efficiency', 'Transportation', 'Environmental']",[],Community Engagement,,Not Verified,merge_engine,2026-05-25T03:12:12Z
d18ca52e-a358-40b3-9d09-2faf0bcd15ca,Northwood Energy Committee,Northwood,VT,"Northwood Town Hall, 818 First NH Turnpike",03261,https://www.northwoodnh.org/energy-committee,unknown,unknown,"The Energy Committee works on energy efficiency and renewable energy initiatives in Northwood, focusing on reducing emissions and promoting sustainability.",Nonprofit / Grassroots,[],"['Municipality', 'Residents']",['Energy Efficiency'],[],Community Engagement,,Verified,merge_engine,2026-05-25T00:27:17Z
d1b2fb1d-c4dc-4b3f-80bb-f879c269c9ad,New Hampshire Climate Action Network,Wentworth,NH,2 Pillsbury St,03301,https://www.nhclimateaction.org,unknown,unknown,The New Hampshire Climate Action Network is dedicated to advocating for policies that reduce greenhouse gas emissions and promote renewable energy.,Nonprofit / Grassroots,State / National,"['Businesses', 'Municipality', 'Residents']",['Energy Efficiency'],[],Policy,,Not Verified,merge_engine,2026-05-25T03:12:12Z
d1b9678e-a1c9-408b-8fd9-7145e070d897,Sustainable Fall River,Fall River,MA,789 Sustainability Rd,02720,http://sustainablefallriver.org,unknown,unknown,Programs focused on emissions reduction and energy efficiency.,Nonprofit / Grassroots,unknown,['unknown'],['Energy Efficiency'],[],Unknown,,Not Verified,merge_engine,2026-05-25T03:12:12Z
d1bc6c23-4edb-44c5-922e-12a02b9bcf27,Green Watertown,Watertown,MA,"Watertown, MA",02472,https://greenwatertown.org,unknown,unknown,Green Watertown focuses on climate action and sustainability initiatives within the community.,Nonprofit / Grassroots,Town / City,['Residents'],['Unknown'],[],Community Engagement,,Not Verified,merge_engine,2026-05-25T03:12:12Z
d231fd27-b441-41ef-be09-e7ad57060014,Cambridge Community Development Department,Cambridge,MA,"Cambridge, MA",02139,http://www.cambridgema.gov/CDD,unknown,unknown,The Cambridge Community Development Department is involved in climate planning and implementation of sustainability initiatives in the city.,Municipal / Government-affiliated,Town / City,['unknown'],['Unknown'],[],Unknown,,Not Verified,merge_engine,2026-05-25T03:12:12Z
d2af8eac-aed0-4ef7-9a93-9f216d24a252,Groveland Climate Action Committee,Groveland,MA,"Groveland Town Hall, 183 Main St",01834,https://concordma.gov/3324/Climate-Action-Committee,unknown,unknown,The Groveland Climate Action Committee focuses on local climate initiatives and sustainability efforts.,Municipal / Government-affiliated,"[""Town / City""]","['Residents', 'Businesses']","['Energy Efficiency', 'Transportation', 'Environmental', 'Food & Food Waste', 'Waste Reduction']",[],Community Engagement,,Verified,merge_engine,2026-05-25T00:27:17Z
d2d44355-c6c4-4710-92d7-93679d617615,Riverside Environmental Justice Alliance,Riverside,MA,987 Justice St,01039,http://www.riversideejalliance.org,unknown,unknown,The Riverside Environmental Justice Alliance addresses climate impacts on vulnerable communities.,Nonprofit / Grassroots,Regional,['Residents'],['Environmental'],[],Community Engagement,,Not Verified,merge_engine,2026-05-25T03:12:12Z
d31a8879-f163-4c8d-be85-c0490a100a22,Green LA Coalition,Glendale,CA,unknown,90012,http://www.greenlacoalition.org/,unknown,unknown,Green LA Coalition is a vibrant coalition of over sixty active organizations working to transform Los Angeles into a national leader in environmental health and equity. It focuses on promoting environmentally sustainable public policies and community engagement.,Nonprofit / Grassroots,Regional,"['Businesses', 'Municipality', 'Residents']","['Environmental', 'Green Economics', 'Transportation']",[],Community Engagement,,Not Verified,merge_engine,2026-05-25T03:12:12Z
d337bacb-8bc6-49fa-aa44-bf9ef1b30d6b,Ventura County Climate Coalition,Simi Valley,CA,"Ventura, CA",93001,http://venturacountyclimatecoalition.org,unknown,unknown,The coalition focuses on regional climate action initiatives and policies to address climate change impacts.,Nonprofit / Grassroots,Regional,"['Businesses', 'Municipality', 'Residents']",['Environmental'],[],Community Engagement,,Not Verified,merge_engine,2026-05-25T03:12:12Z
d33faf23-0abc-4405-81e1-606940440ce7,The Climate Reality Project - Santa Barbara Chapter,Santa Barbara,CA,unknown,93101,https://www.climaterealityproject.org,unknown,unknown,The Climate Reality Project - Santa Barbara Chapter engages in climate education and advocacy to promote climate action in the community.,Nonprofit / Grassroots,Regional,['Residents'],"['Environmental', 'Energy Efficiency']",[],Community Engagement,,Not Verified,merge_engine,2026-05-25T03:12:12Z
d36f36ef-2f04-4677-a086-9e42bce62cef,Green Beverly,Beverly,MA,100 Cummings Center,02151,https://www.greenbeverly.org,unknown,unknown,Green Revere focuses on sustainability initiatives and climate action in the community.,Nonprofit / Grassroots,"[""Town / City""]","['Residents', 'Businesses']","['Energy Efficiency', 'Transportation', 'Environmental', 'Food & Food Waste', 'Waste Reduction', 'Green Economics']",[],Community Engagement,,Verified,merge_engine,2026-05-25T00:27:17Z
d387bfc4-6dee-4904-b439-916014fa1237,Bennington Energy Committee,Bennington,NH,210 South Street,03442,http://www.benningtonnh.org/bennington-energy-committee,unknown,unknown,The Bennington Energy Committee works on energy efficiency and renewable energy initiatives to reduce emissions.,Nonprofit / Grassroots,Town / City,['Residents'],['Energy Efficiency'],[],Community Engagement,,Not Verified,merge_engine,2026-05-25T03:12:12Z
d3e17ed7-eb66-4fe7-ab53-66ace0ca7219,Sonoma Clean Power,Santa Rosa,CA,741 Fourth Street,95404,https://sonomacleanpower.org/,info@sonomacleanpower.org,1 (855) 202-2139,"Sonoma Clean Power provides renewable energy options and promotes energy efficiency programs to reduce carbon emissions. It is a public electricity provider focused on community priorities, offering competitive rates and clean energy solutions.",Nonprofit / Grassroots,Regional,"['Businesses', 'Residents']",['Energy Efficiency'],[],Community Engagement,,Not Verified,merge_engine,2026-05-25T03:12:12Z
d3f4c253-9856-416d-be16-59f7877da4ae,Vineyard Power,Vineyard Haven,MA,151 Beach Road,02568,https://www.vineyardpower.org/,info@vineyardpower.org,508-693-3002,"Vineyard Power is a community energy cooperative focused on transitioning Martha's Vineyard to 100% renewable energy by 2040, enhancing energy efficiency, and promoting equitable access to renewable resources.",Nonprofit / Grassroots,Regional,"['Businesses', 'Residents']","['Energy Efficiency', 'Transportation', 'Environmental']",[],Community Engagement,,Not Verified,merge_engine,2026-05-25T03:12:12Z
d46c047f-9eb6-4526-be71-78d4083ef3e2,East Bay Community Energy,San Ramon,CA,"123 Energy Way, San Ramon, CA 94583",94583,http://www.ebce.org,unknown,unknown,East Bay Community Energy provides renewable energy options and promotes energy efficiency programs to reduce carbon footprints.,Nonprofit / Grassroots,Regional,"['Businesses', 'Residents']","['Energy Efficiency', 'Transportation']",[],Community Engagement,,Not Verified,merge_engine,2026-05-25T03:12:12Z
d488abdb-6b75-4f34-bcfd-054b5ba38fb6,Sustainable Milton,milton,MA,"Chico, CA",95928,http://www.sustainablechico.org,unknown,unknown,Sustainable Chico works on local climate action initiatives and promotes sustainability practices in the community.,Nonprofit / Grassroots,"[""Town / City""]","['Residents', 'Municipality']","['Energy Efficiency', 'Food & Food Waste', 'Waste Reduction']",[],Community Engagement,,Verified,merge_engine,2026-05-25T00:27:17Z
d48ec160-e3bd-4281-848a-2db9b096d0f9,North Country Climate Action Network,Bath,NH,"Littleton, NH",03561,https://www.northcountryclimateaction.org/,unknown,unknown,North Country Climate Action Network is focused on climate action and advocacy in the North Country region of New Hampshire.,Nonprofit / Grassroots,Regional,['Residents'],['Unknown'],[],Community Engagement,,Not Verified,merge_engine,2026-05-25T03:12:12Z
d4ca294e-a71e-438a-af91-27c19f9d1433,Sustainable Agoura Hills,Agoura Hills,CA,"Agoura Hills, CA",91301,http://www.sustainableagourahills.org,unknown,unknown,Sustainable Agoura Hills focuses on local sustainability initiatives and climate action programs.,Nonprofit / Grassroots,Town / City,['Residents'],['Environmental'],[],Community Engagement,,Not Verified,merge_engine,2026-05-25T03:12:12Z
d4e28f95-27a1-45bd-8aa1-024391e14fd9,Amesbury Climate Committee,Amesbury,MA,"Amesbury City Hall, 62 Friend St",01913,https://www.amesburyma.gov/climate-committee,unknown,unknown,The Amesbury Climate Committee focuses on climate action and sustainability initiatives in the city.,Municipal / Government-affiliated,Town / City,"['Municipality', 'Residents']",['Environmental'],[],Community Engagement,,Not Verified,merge_engine,2026-05-25T03:12:12Z
d5143447-a18c-4023-badc-49c2b22c7a07,Watertown Public Schools Climate Action Program,Watertown,MA,"Watertown, MA",02472,https://www.watertown.k12.ma.us/,unknown,unknown,The program educates students about climate change and promotes sustainable practices in schools.,Municipal / Government-affiliated,Town / City,['Residents'],"['Environmental', 'Waste Reduction', 'Food & Food Waste']",[],Community Engagement,,Not Verified,merge_engine,2026-05-25T03:12:12Z
d528a943-12d7-421a-a3a9-72214f8b1a01,Tri-City Ecology Center,Fremont,CA,"Fremont, CA",94538,http://www.tricityecologycenter.org/,unknown,unknown,The center promotes climate education and community engagement on sustainability issues.,Nonprofit / Grassroots,Regional,['Residents'],['Environmental'],[],Community Engagement,,Not Verified,merge_engine,2026-05-25T03:12:12Z
d52d6880-d7a0-4110-b781-78ddbc55c5c6,Santa Clarita Climate Action Committee,Santa Clarita,MA,23920 Valencia Blvd,91350,https://concordma.gov/3324/Climate-Action-Committee,unknown,(661) 259-2489,The Santa Clarita Climate Action Committee works on local climate action plans and initiatives to reduce greenhouse gas emissions.,Municipality,"[""Town / City""]","['Residents', 'Businesses']","['Energy Efficiency', 'Transportation', 'Environmental', 'Food & Food Waste', 'Waste Reduction']",[],Policy,,Verified,merge_engine,2026-05-25T00:27:17Z
d52eb560-cbd4-457d-9c14-624ebdd23abf,Concord Climate Action Committee,Concord,MA,"Stow Town Building, 380 Great Road",01775,https://concordma.gov/3324/Climate-Action-Committee,unknown,unknown,The Stow Climate Action Committee focuses on reducing greenhouse gas emissions and promoting sustainability initiatives in the community.,Municipal / Government-affiliated,"[""Town / City""]","['Residents', 'Businesses']","['Energy Efficiency', 'Transportation', 'Environmental', 'Food & Food Waste', 'Waste Reduction']",[],Community Engagement,,Verified,merge_engine,2026-05-25T00:27:17Z
d53895a5-5ea8-4545-b1f4-ce2a6e56ad85,Fresno Unified School District Climate Initiative,Fresno,CA,4498 N Maple Ave,93702,https://www.fresnounified.org/,unknown,unknown,The Fresno Unified School District Climate Initiative focuses on implementing climate education programs and sustainability initiatives in schools.,Nonprofit / Grassroots,Town / City,"['Municipality', 'Residents']",['Environmental'],[],Community Engagement,,Not Verified,merge_engine,2026-05-25T03:12:12Z
d5a39c99-3360-45b6-bde3-f1cd5163a1bb,Concord Climate Action Committee,Concord,MA,30 Providence Rd,01519,https://concordma.gov/3324/Climate-Action-Committee,unknown,unknown,The Grafton Climate Action Committee focuses on local climate initiatives and sustainability efforts.,Municipal / Government-affiliated,"[""Town / City""]","['Residents', 'Businesses']","['Energy Efficiency', 'Transportation', 'Environmental', 'Food & Food Waste', 'Waste Reduction']",[],Community Engagement,,Verified,merge_engine,2026-05-25T00:27:17Z
d5c83cd4-179f-4b56-b4ac-6ca7cf682659,Green Barnard,Barnard,VT,"Barnard, VT",05031,http://www.greenbarnard.org,unknown,unknown,Green Barnard focuses on local climate action initiatives and sustainability efforts in the community.,Nonprofit / Grassroots,Town / City,['Residents'],['Environmental'],[],Community Engagement,,Not Verified,merge_engine,2026-05-25T03:12:12Z
d60214b6-6f82-4f89-bc0c-329db42c48db,Green Craftsbury,Craftsbury,VT,"Craftsbury, VT",05826,http://www.greencraftsbury.org,unknown,unknown,Focus on local climate initiatives and sustainability practices.,Nonprofit / Grassroots,Town / City,['Residents'],['Unknown'],[],Community Engagement,,Not Verified,merge_engine,2026-05-25T03:12:12Z
d633c164-aad8-4dfc-b126-4a9e4de77e73,Green Whittier,Whittier,CA,12345 Green St,90601,http://www.greenwhittier.org,unknown,unknown,Green Whittier promotes sustainable practices and climate action initiatives in the community.,Nonprofit / Grassroots,unknown,['unknown'],['Unknown'],[],Unknown,,Not Verified,merge_engine,2026-05-25T03:12:12Z
d63d57b1-110a-4bcb-89e0-cb2916fe032b,Sacramento Area Council of Governments (SACOG),Sacramento,CA,"1415 L St, Sacramento, CA 95814",95814,https://www.sacog.org,unknown,unknown,"SACOG works on regional climate planning and transportation initiatives to reduce emissions in the Sacramento area, including Davis.",Nonprofit / Grassroots,Regional,"['Businesses', 'Municipality', 'Residents']",['Transportation'],[],Policy,,Not Verified,merge_engine,2026-05-25T03:12:12Z
d63db9a8-ec66-441c-902b-7890bc7ed8ce,Concord Climate Action Committee,Concord,MA,"4 Uxbridge Rd, Sutton, MA 01590",01590,https://concordma.gov/3324/Climate-Action-Committee,unknown,unknown,The Sutton Climate Action Committee focuses on local climate initiatives and sustainability efforts.,Nonprofit / Grassroots,"[""Town / City""]","['Residents', 'Businesses']","['Energy Efficiency', 'Transportation', 'Environmental', 'Food & Food Waste', 'Waste Reduction']",[],Community Engagement,,Verified,merge_engine,2026-05-25T00:27:17Z
d6c69866-8b04-4c25-9a26-66d37a2ffc1d,Seacoast Area Renewable Energy Initiative (SAREI),Dover,NH,PO Box 123,03820,https://www.sarei.org/,unknown,unknown,SAREI focuses on promoting renewable energy projects and reducing reliance on fossil fuels in the Seacoast area.,Nonprofit / Grassroots,Regional,['Residents'],['Energy Efficiency'],[],Community Engagement,,Not Verified,merge_engine,2026-05-25T03:12:12Z
d74523b7-cf7b-47d1-b8c9-8b727e73cf2d,Rutland City Energy Committee,Rutland,VT,"City Hall, 2nd",05701,https://www.rutlandcity.org/energy-committee,unknown,unknown,The Rutland City Energy Committee works on initiatives to reduce energy consumption and promote renewable energy.,Nonprofit / Grassroots,Town / City,"['Municipality', 'Residents']",['Energy Efficiency'],[],Community Engagement,,Not Verified,merge_engine,2026-05-25T03:12:12Z
d75132cf-bde3-4b79-b7c6-3b00bf07f05a,Orange County Climate Collaborative,Santa Ana,CA,200 W Santa Ana Blvd,92701,https://www.occlimate.org/,unknown,unknown,The Orange County Climate Collaborative is focused on climate action and resilience strategies for the region.,Nonprofit / Grassroots,Regional,"['Businesses', 'Municipality', 'Residents']",['Environmental'],[],Community Engagement,,Not Verified,merge_engine,2026-05-25T03:12:12Z
d751d01f-8ce8-4ba6-838e-b10a7e7434d4,Vermont Youth Climate Coalition,Ferrisburgh,VT,PO Box 1135,05401,https://www.vtycc.org,unknown,unknown,The Vermont Youth Climate Coalition empowers youth to advocate for climate action and sustainability.,Nonprofit / Grassroots,State / National,['Residents'],['Environmental'],[],Community Engagement,,Not Verified,merge_engine,2026-05-25T03:12:12Z
d7c5ef15-646e-40a2-948b-d1aa2d2c0de9,Kingsburg City Council,Kingsburg,CA,"1401 Draper St, Kingsburg, CA 93631",93631,http://www.kingsburgca.gov/,unknown,unknown,The City of Kingsburg has a Climate Action Plan that outlines strategies for reducing greenhouse gas emissions and adapting to climate change.,Municipal / Government-affiliated,Town / City,"['Municipality', 'Residents']",['Unknown'],[],Policy,,Not Verified,merge_engine,2026-05-25T03:12:12Z
d7e19ae3-12bc-4b10-a800-b2d2306cc1a3,Whittier College Environmental Studies Program,Whittier,CA,13406 Philadelphia St,90608,http://www.whittier.edu,unknown,unknown,The Environmental Studies Program at Whittier College includes climate change research and education as part of its curriculum.,Academic,State / National,"['Businesses', 'Municipality', 'Residents']",['Environmental'],[],Community Engagement,,Not Verified,merge_engine,2026-05-25T03:12:12Z
d7ea10a6-2bac-43ea-b207-6391859d9ce6,Ventura County Air Pollution Control District,Ventura,CA,800 S Victoria Ave,93003,http://www.vcapcd.org,unknown,unknown,The Ventura County Air Pollution Control District implements programs to reduce air pollution and greenhouse gas emissions.,Nonprofit / Grassroots,Regional,"['Businesses', 'Municipality', 'Residents']","['Environmental', 'Transportation']",[],Policy,,Not Verified,merge_engine,2026-05-25T03:12:12Z
d83857a0-dda3-44f1-9ea6-ab1902d32449,Shelburne Energy Committee,Shelburne,MA,"51 Bridge St, Shelburne, MA 01370",01370,https://shelburnema.gov/energy-committee,unknown,unknown,"The Energy Committee focuses on energy efficiency and renewable energy initiatives in the community, contributing to climate action.",Municipal / Government-affiliated,Town / City,"['Municipality', 'Residents']",['Energy Efficiency'],[],Community Engagement,,Not Verified,merge_engine,2026-05-25T03:12:12Z
d87b1e93-cb20-42a3-8e47-ff30e51000b8,Burbank Green Team,Burbank,CA,275 E Olive Ave,91502,https://www.burbankca.gov/green,unknown,unknown,The Burbank Green Team focuses on sustainability initiatives and climate action programs in the community.,Municipal / Government-affiliated,Town / City,['Residents'],['Environmental'],[],Community Engagement,,Not Verified,merge_engine,2026-05-25T03:12:12Z
d88ba4c5-cc34-4101-8edb-cbce65c5e04e,Concord Climate Action Committee,Concord,MA,"Fremont City Hall, 3300 Capitol Ave",94538,https://concordma.gov/3324/Climate-Action-Committee,unknown,unknown,The Fremont Climate Action Committee works on local climate action plans and initiatives to reduce carbon emissions.,Municipal / Government-affiliated,"[""Town / City""]","['Residents', 'Businesses']","['Energy Efficiency', 'Transportation', 'Environmental', 'Food & Food Waste', 'Waste Reduction']",[],Community Engagement,,Verified,merge_engine,2026-05-25T00:27:17Z
d8f4c7c5-d477-439e-8e55-5b7615798c8b,Apple Valley Climate Action Coalition,Apple Valley,CA,12345 Civic Center Drive,92307,http://www.applevalleyclimateaction.org,unknown,unknown,Focus on local climate action initiatives and community engagement for sustainability.,Nonprofit / Grassroots,Town / City,['Residents'],['Unknown'],[],Community Engagement,,Not Verified,merge_engine,2026-05-25T03:12:12Z
d901ccf6-52ba-4cea-a667-0a33c7156ef8,Sustainable SouthCoast,Acushnet,MA,"New Bedford, MA",02740,http://sustainablesouthcoast.org/,unknown,unknown,"Sustainable SouthCoast works on initiatives related to climate action and sustainability in the SouthCoast region, including Acushnet.",Nonprofit / Grassroots,Regional,['unknown'],['Unknown'],[],Unknown,,Not Verified,merge_engine,2026-05-25T03:12:12Z
d90fdf6e-3103-4b07-b132-1679ab72a917,Brookline Resilience Initiative,Brookline,MA,"Brookline, MA",02445,https://www.brooklineresilience.org,unknown,unknown,This initiative focuses on building community resilience against climate impacts through various programs and planning.,Nonprofit / Grassroots,Town / City,['Residents'],['Unknown'],[],Community Engagement,,Not Verified,merge_engine,2026-05-25T03:12:12Z
d917bb44-ddc0-4d25-8442-e1428c6781f8,Green Townsend,Townsend,MA,"Townsend, MA",01469,http://www.greentownsend.org,unknown,unknown,Green Townsend is focused on promoting sustainable practices and reducing carbon emissions in the community.,Nonprofit / Grassroots,unknown,['unknown'],['Unknown'],[],Unknown,,Not Verified,merge_engine,2026-05-25T03:12:12Z
d92b87cc-c622-4f8f-9a3c-87eb65a96041,Hopedale Climate Action Committee,Hopedale,MA,"Hopedale Town Hall, 78 Hopedale St",01747,https://concordma.gov/3324/Climate-Action-Committee,unknown,unknown,The Hopedale Climate Action Committee focuses on local climate initiatives and sustainability efforts.,Municipal / Government-affiliated,"[""Town / City""]","['Residents', 'Businesses']","['Energy Efficiency', 'Transportation', 'Environmental', 'Food & Food Waste', 'Waste Reduction']",[],Community Engagement,,Verified,merge_engine,2026-05-25T00:27:17Z
d95c41d2-f86d-4cf6-880e-089a72a5029f,Los Angeles County Department of Public Works - Sustainability Program,San Gabriel,CA,900 S Fremont Ave,91801,http://dpw.lacounty.gov/sustainability/,unknown,unknown,The program focuses on sustainability initiatives including climate adaptation and energy efficiency in Los Angeles County.,Municipal / Government-affiliated,Regional,"['Municipality', 'Residents']","['Environmental', 'Energy Efficiency']",[],Community Engagement,,Not Verified,merge_engine,2026-05-25T03:12:12Z
d97b69f1-c875-4c08-a7cd-a8206fa4c627,Peninsula Clean Energy,San Mateo,CA,2075 Woodside Rd,94402,https://www.peninsulacleanenergy.com,[email protected],1-866-966-0110,"Peninsula Clean Energy provides affordable and renewable electricity solutions, focusing on clean energy and community engagement in San Mateo County and Los Banos.",Municipality,Regional,"['Businesses', 'Residents']","['Energy Efficiency', 'Transportation']",[],Community Engagement,,Not Verified,merge_engine,2026-05-25T03:12:12Z
d9acab5a-07e0-41a0-b7b5-b58ab167366a,Los Angeles County Department of Public Health,Norwalk,CA,1000 S Fremont Ave,90650,http://publichealth.lacounty.gov,unknown,(833) 540-0473,"The Los Angeles County Department of Public Health works to ensure the health and safety of the county's residents by addressing public health issues, including climate-related health impacts and environmental justice.",Municipal / Government-affiliated,Regional,['Residents'],['Environmental'],[],Community Engagement,,Not Verified,merge_engine,2026-05-25T03:12:12Z
d9acac5e-e6d1-488f-8208-f7d828d4caf5,San Diego Energy District,San Diego,CA,1350 Front St,92101,https://www.sandiegoenergydistrict.org,unknown,unknown,The San Diego Energy District was formed in 2011 to promote Community Choice Energy in San Diego and was dissolved in 2022. Its mission was to accelerate the transition to renewable energy and electrification through smart policy and education.,Nonprofit / Grassroots,Regional,"['Businesses', 'Municipality', 'Residents']",['Energy Efficiency'],[],Policy,,Not Verified,merge_engine,2026-05-25T03:12:12Z
d9d12042-4dcb-4fe7-b608-00f71d3b45d1,Goffstown Energy Committee,Goffstown,NH,16 Main Street,03045,https://www.goffstown.com/energy-committee,unknown,unknown,The Goffstown Energy Committee works on energy efficiency and renewable energy initiatives to reduce carbon emissions.,Municipality,Town / City,"['Municipality', 'Residents']",['Energy Efficiency'],[],Community Engagement,,Not Verified,merge_engine,2026-05-25T03:12:12Z
d9e9b48b-c146-4172-bb55-2437f7820227,Youth for Climate Action Temecula,Temecula,CA,"202 Youth St, Temecula, CA 92592",92592,http://youthforclimateactiontemecula.org,unknown,unknown,Engaging youth in climate education and activism.,Nonprofit / Grassroots,Town / City,['Residents'],['Environmental'],[],Community Engagement,,Not Verified,merge_engine,2026-05-25T03:12:12Z
da36be45-3f8c-42e8-a0e0-94a594c62e0b,East Longmeadow Climate Committee,East Longmeadow,MA,60 Center Square,01028,https://www.eastlongmeadowma.gov/climatecommittee,unknown,unknown,The East Longmeadow Climate Committee focuses on local climate action initiatives and sustainability practices.,Municipal / Government-affiliated,Town / City,"['Municipality', 'Residents']",['Environmental'],[],Community Engagement,,Not Verified,merge_engine,2026-05-25T03:12:12Z
da5c1504-1cc9-4cd5-ae7c-2a053cd2af36,Central Valley Air Quality Coalition,Turlock,CA,1000 N Hunter St,95202,http://www.cvaq.org,unknown,unknown,The Central Valley Air Quality Coalition focuses on air quality improvements and climate action initiatives in the Central Valley.,Nonprofit / Grassroots,Regional,"['Businesses', 'Municipality', 'Residents']",['Environmental'],[],Community Engagement,,Not Verified,merge_engine,2026-05-25T03:12:12Z
da8a5b60-8018-4f8d-951b-b9ee0366ef12,Green Marblehead,Marblehead,MA,"Marblehead, MA",01945,http://www.greenmarblehead.org,unknown,unknown,Green Marblehead is focused on promoting sustainability and climate action in the community.,Nonprofit / Grassroots,Town / City,['Residents'],['Environmental'],[],Community Engagement,,Not Verified,merge_engine,2026-05-25T03:12:12Z
da8fc39a-40b6-4436-a22a-121a6b1b24ed,UC Davis Energy and Efficiency Institute,Davis,CA,1605 Tilia Street,95616,https://energy.ucdavis.edu,unknown,unknown,"The UC Davis Energy and Efficiency Institute is a leading university institution focused on advancing sustainable energy solutions through research, education, and engagement. It hosts innovative research centers and programs in buildings, transportation, water, and agriculture & food production.",Academic,State / National,"['Businesses', 'Municipality', 'Residents']","['Energy Efficiency', 'Transportation', 'Environmental']",[],Community Engagement,,Not Verified,merge_engine,2026-05-25T03:12:12Z
da9890d4-1b7f-4701-b414-016587193531,Westminster Resilience Task Force,Westminster,CA,1011 Civic Center Dr,92683,http://www.westminsterresilience.org,unknown,unknown,The Task Force works on climate adaptation strategies to enhance community resilience against climate impacts.,Nonprofit / Grassroots,Town / City,['Residents'],['Environmental'],[],Community Engagement,,Not Verified,merge_engine,2026-05-25T03:12:12Z
daa3af1b-491b-4aa8-95bb-c3226228ca5b,El Segundo Climate Action Committee,El Segundo,MA,"El Segundo, CA",90245,https://concordma.gov/3324/Climate-Action-Committee,unknown,unknown,The El Segundo Climate Action Committee works on local climate action plans and initiatives to reduce emissions.,Nonprofit / Grassroots,"[""Town / City""]","['Residents', 'Businesses']","['Energy Efficiency', 'Transportation', 'Environmental', 'Food & Food Waste', 'Waste Reduction']",[],Community Engagement,,Verified,merge_engine,2026-05-25T00:27:17Z
dad1c2aa-c5df-4223-87b8-94faf3800eda,Sustainable San Rafael,San Rafael,CA,"City Hall, 1400 Fifth Ave",94901,https://www.sustainable-sanrafael.org/,unknown,unknown,Sustainable San Rafael focuses on local climate action initiatives and community engagement for sustainability.,Nonprofit / Grassroots,Town / City,['Residents'],['Environmental'],[],Community Engagement,,Not Verified,merge_engine,2026-05-25T03:12:12Z
db0c3aff-07a9-4288-bd84-551dbd13292e,Petaluma Climate Action Committee,Petaluma,CA,11 English St,94952,https://www.petalumaclimateaction.org,unknown,unknown,The Petaluma Climate Action Committee works on local climate action initiatives and policies to reduce greenhouse gas emissions.,Nonprofit / Grassroots,Town / City,['Residents'],['Environmental'],[],Policy,,Not Verified,merge_engine,2026-05-25T03:12:12Z
db7fe318-9a43-4275-843d-1bd4fef89c9c,Franklin County Regional Council of Governments (FRCOG),Whately,MA,12 Olive Street,01301,https://frcog.org,unknown,unknown,"FRCOG provides support for municipal climate planning and implementation, including energy efficiency programs and climate adaptation strategies.",Nonprofit / Grassroots,Regional,['Municipality'],['Energy Efficiency'],[],Community Engagement,,Not Verified,merge_engine,2026-05-25T03:12:12Z
dbac2612-96e2-4481-b2c0-86a3a841b07e,Uxbridge Climate Action Committee,Uxbridge,MA,21 South Main Street,01569,https://concordma.gov/3324/Climate-Action-Committee,unknown,unknown,The Uxbridge Climate Action Committee focuses on local climate initiatives and sustainability efforts.,Municipal / Government-affiliated,"[""Town / City""]","['Residents', 'Businesses']","['Energy Efficiency', 'Transportation', 'Environmental', 'Food & Food Waste', 'Waste Reduction']",[],Community Engagement,,Verified,merge_engine,2026-05-25T00:27:17Z
dbb54960-8fb9-48ba-bad9-edf602e896e5,Raddin Station Municipal Climate Committee,Raddin Station,MA,unknown,,https://www.raddinstationclimatecommittee.org/,unknown,unknown,The committee is responsible for implementing the town's climate action plan and promoting sustainability initiatives.,Nonprofit / Grassroots,Town / City,"['Municipality', 'Residents']",['Environmental'],[],Community Engagement,,Not Verified,merge_engine,2026-05-25T03:12:12Z
dbd21e52-a87a-4e49-9e8d-898ece790a7a,Green Santa Monica,Santa Monica,CA,unknown,90401,https://www.greensantamonica.org/,unknown,unknown,unknown,Nonprofit / Grassroots,unknown,['unknown'],['Unknown'],[],Unknown,,Not Verified,merge_engine,2026-05-25T03:12:12Z
dbf4c227-8ed9-4175-85d7-2dc7b6476e3c,Concord Climate Action Committee,Concord,MA,"Tolland Town Hall, 5 Old Post Road",01034,https://concordma.gov/3324/Climate-Action-Committee,unknown,unknown,The Tolland Climate Action Committee focuses on local climate initiatives and sustainability efforts.,Municipal / Government-affiliated,"[""Town / City""]","['Residents', 'Businesses']","['Energy Efficiency', 'Transportation', 'Environmental', 'Food & Food Waste', 'Waste Reduction']",[],Community Engagement,,Verified,merge_engine,2026-05-25T00:27:17Z
dc518653-ac06-4bf4-8cd6-23d67c1901c1,New Hampshire Climate Action Network,Wilmot,NH,2 Pillsbury St,03301,https://nhclimateaction.org/,unknown,unknown,The New Hampshire Climate Action Network works to promote climate action and policies that reduce greenhouse gas emissions across the state.,Nonprofit / Grassroots,State / National,"['Businesses', 'Municipality', 'Residents']",['Environmental'],[],Policy,,Not Verified,merge_engine,2026-05-25T03:12:12Z
dc52ea99-90a5-4994-94f3-e124e89ad3b5,Massachusetts Climate Action Network,Concord,MA,34 Walden Street,01742,https://www.massclimateaction.org/,[email protected],unknown,"The Massachusetts Climate Action Network (MCAN) is a 501(c)3 non-profit that fights the climate crisis one town at a time, with the help of local MCAN chapters. MCAN strives to protect the climate through community action by replacing fossil fuels with clean, renewable, and sustainable energy through decarbonization and electrification.",Nonprofit / Grassroots,State / National,"['Businesses', 'Municipality', 'Residents']","['Environmental', 'Energy Efficiency']",[],Community Engagement,,Not Verified,merge_engine,2026-05-25T03:12:12Z
dc69120d-e8f4-41fe-baf8-0ad6f271c469,Los Angeles Climate Action Network,Los Angeles,CA,1234 Climate St,90012,http://www.laclan.org,unknown,unknown,The Los Angeles Climate Action Network focuses on community-driven climate solutions and advocacy for local climate policies.,Nonprofit / Grassroots,Town / City,['Residents'],['Environmental'],[],Community Engagement,,Not Verified,merge_engine,2026-05-25T03:12:12Z
dca89ae2-aaa9-44fd-8456-86b716a6d161,High Desert Climate Coalition,Hesperia,CA,12345 Main St,92345,http://www.highdesertclimatecoalition.org,unknown,unknown,High Desert Climate Coalition focuses on local climate action initiatives and community resilience programs.,Nonprofit / Grassroots,Town / City,['Residents'],['Unknown'],[],Community Engagement,,Not Verified,merge_engine,2026-05-25T03:12:12Z
dcd8814a-f0bc-4d26-b8d4-347c7f831628,Sustainable Truckee,Truckee,CA,"Truckee, CA",96161,https://sustainabletruckee.org/,unknown,unknown,Sustainable Truckee focuses on community initiatives that promote sustainability and climate action in the Truckee area.,Nonprofit / Grassroots,Town / City,['Residents'],['Unknown'],[],Community Engagement,,Not Verified,merge_engine,2026-05-25T03:12:12Z
dce48d0c-2394-413a-96ae-c17f81ac51f0,Youth Climate Action Network,Ventura,CA,2020 Elm St,93003,http://www.youthclimateaction.org,unknown,unknown,The Youth Climate Action Network engages young people in climate education and advocacy efforts.,Nonprofit / Grassroots,unknown,['Residents'],['Unknown'],[],Community Engagement,,Not Verified,merge_engine,2026-05-25T03:12:12Z
dcf1ccb4-a376-411e-83e3-484286d5887c,San Bernardino County Sustainability Program,San Bernardino,CA,"385 N. Arrowhead Ave, 2nd",92415,http://www.sbcounty.gov/sustainability,unknown,888.818.8988,The San Bernardino County Sustainability Program includes initiatives for climate action and emissions reduction across the county.,Municipal / Government-affiliated,Regional,"['Businesses', 'Municipality', 'Residents']",['Environmental'],[],Policy,,Not Verified,merge_engine,2026-05-25T03:12:12Z
dd234572-db68-4a25-a57c-8cb62ffea010,Green Provincetown,Provincetown,MA,PO Box 456,02657,https://www.greenprovincetown.org,unknown,unknown,Green Provincetown promotes local initiatives for climate action and sustainability.,Nonprofit / Grassroots,unknown,['unknown'],['Unknown'],[],Unknown,,Not Verified,merge_engine,2026-05-25T03:12:12Z
dd6978d2-96c2-4729-8e33-9ad733e3fd80,San Diego Regional Climate Collaborative,Solana Beach,CA,1600 Pacific Hwy,92101,https://www.sandiegocounty.gov/content/sdc/pds/ClimateCollaborative.html,unknown,unknown,The San Diego Regional Climate Collaborative works on regional climate adaptation and mitigation strategies.,Municipal / Government-affiliated,Regional,"['Businesses', 'Municipality', 'Residents']",['Environmental'],[],Community Engagement,,Not Verified,merge_engine,2026-05-25T03:12:12Z
dd763f38-da47-4f58-9f0d-b883b1c25bdf,Hollis Energy Committee,Hollis,NH,"Hollis Town Hall, 7 Monument Square",03049,https://www.hollisnh.org/energy-committee,unknown,unknown,The Hollis Energy Committee focuses on energy efficiency and renewable energy initiatives to reduce carbon emissions in the community.,Nonprofit / Grassroots,Town / City,['Residents'],['Energy Efficiency'],[],Community Engagement,,Not Verified,merge_engine,2026-05-25T03:12:12Z
dd9f6b86-df95-432a-ac63-597716085b9a,Goleta Valley Library,Goleta,CA,"500 N Fairview Ave, Goleta, CA 93117",93117,https://www.goletapubliclibrary.org,unknown,unknown,The Goleta Valley Library hosts educational programs focused on climate change and sustainability.,Nonprofit / Grassroots,Town / City,['Residents'],['Unknown'],[],Community Engagement,,Not Verified,merge_engine,2026-05-25T03:12:12Z
ddab3a23-64b3-407c-a59e-72ce954cf8c4,North Country Climate Action Network,Gorham,NH,"Berlin, NH",03570,http://www.northcountryclimateaction.org,unknown,unknown,The North Country Climate Action Network focuses on local climate action initiatives and community resilience.,Nonprofit / Grassroots,Regional,['Residents'],['Unknown'],[],Community Engagement,,Not Verified,merge_engine,2026-05-25T03:12:12Z
ddb107be-d0d5-49de-8ac0-2bf16ebe7cdf,Sustainable Menlo Park,Menlo Park,CA,701 Laurel St,94025,https://www.menlopark.org/,unknown,unknown,Sustainable Menlo Park promotes local sustainability efforts and climate resilience.,Nonprofit / Grassroots,Town / City,"['Municipality', 'Residents']",['Unknown'],[],Community Engagement,,Not Verified,merge_engine,2026-05-25T03:12:12Z
de4a4e74-5cf0-4d93-be15-a925704bdea7,Cape Cod Commission,Barnstable,MA,"3225 Main St, Barnstable",02630,https://www.capecodcommission.org/,frontdesk@capecodcommission.org,508-362-3828,"The Cape Cod Commission is a regional planning agency that addresses Cape Cod's needs in land use, transportation, economic development, GIS, natural resources, and more. It focuses on protecting natural resources, promoting economic resilience, and addressing climate change impacts.",Nonprofit / Grassroots,Regional,"['Businesses', 'Municipality', 'Residents']","['Environmental', 'Transportation', 'Energy Efficiency']",[],Community Engagement,,Not Verified,merge_engine,2026-05-25T03:12:12Z
de6c599e-877c-4d7c-88db-8795d6923ef0,Greater Nashua Clean Energy Collaborative,Nashua,NH,"Nashua, NH",03060,https://www.greater-nashua-clean-energy.org,unknown,unknown,The Collaborative works on clean energy initiatives and policies to reduce emissions in the Greater Nashua area.,Nonprofit / Grassroots,Regional,"['Businesses', 'Municipality', 'Residents']",['Energy Efficiency'],[],Policy,,Not Verified,merge_engine,2026-05-25T03:12:12Z
de6f0a40-77b6-4da3-adcf-146d53095fc7,Green La Verne,La Verne,CA,"La Verne, CA",91750,http://www.greenlaverne.org,unknown,unknown,Green La Verne focuses on sustainability initiatives and climate action in the community.,Nonprofit / Grassroots,unknown,['unknown'],['Unknown'],[],Unknown,,Not Verified,merge_engine,2026-05-25T03:12:12Z
de7a7e15-174e-4ff5-a2a4-ab53c74e2ff8,Sustainable Boxborough,Boxborough,MA,29 Middle Road,01719,http://www.boxborough-ma.gov/sustainable-boxborough,unknown,unknown,Sustainable Boxborough promotes local sustainability efforts and climate action initiatives.,Municipal / Government-affiliated,Town / City,['Residents'],['Environmental'],[],Community Engagement,,Not Verified,merge_engine,2026-05-25T03:12:12Z
dea64184-373b-4b1e-a110-7482fb803d46,Attleboro Climate Committee,Attleboro,MA,"Attleboro, MA",02703,http://www.cityofattleboro.us/climate_committee,unknown,unknown,The Attleboro Climate Committee works on local climate action planning and implementation.,Municipality,Town / City,"['Municipality', 'Residents']",['Unknown'],[],Community Engagement,,Not Verified,merge_engine,2026-05-25T03:12:12Z
debf91c5-c03a-4170-932a-973761701303,Sustainable Lebanon,Lebanon,NH,456 Elm St,91786,https://sustainablelebanon/wordpress.com,unknown,unknown,Sustainable Upland promotes sustainability practices and climate education in the community.,Nonprofit / Grassroots,"[""Town / City""]","['Residents', 'Municipality', 'Businesses']","['Energy Efficiency', 'Transportation', 'Environmental', 'Food & Food Waste', 'Waste Reduction']",[],Unknown,,Verified,merge_engine,2026-05-25T00:27:17Z
ded3fb97-fc77-4321-be39-02f74b872f0b,Upper Green Climate Coalition,Upper Green,MA,123 Climate St,01234,http://uppergreenclimatecoalition.org,unknown,unknown,Focus on local climate action initiatives and community resilience programs.,Nonprofit / Grassroots,"[""Town / City"", ""State / National""]",['Residents'],"['Energy Efficiency', 'Transportation', 'Environmental', 'Waste Reduction']",[],Community Engagement,,Verified,merge_engine,2026-05-25T00:27:17Z
dedef97d-d861-4788-b0e7-4d0aa3bf8b6a,Monterey County Climate Action Plan,Monterey,CA,1441 Schilling Place,93940,https://www.co.monterey.ca.us/government/departments/resource-management-agency/climate-action-plan,unknown,unknown,The Climate Action Plan outlines strategies for reducing greenhouse gas emissions and adapting to climate change impacts in Monterey County.,Municipal / Government-affiliated,Regional,"['Municipality', 'Residents']",['Environmental'],[],Policy,,Not Verified,merge_engine,2026-05-25T03:12:12Z
dee45e61-36cf-466d-b83b-d6e1160a8ec6,Butte Environmental Council,Chico,CA,313 Walnut St,95928,https://www.becnet.org/,unknown,(530) 891-6424,"The Butte Environmental Council aims to protect and defend the land, air, and water of Butte County and the surrounding region through action, advocacy, and education. They engage the community in environmental protection through various programs and events.",Nonprofit / Grassroots,Regional,['Residents'],"['Environmental', 'Waste Reduction', 'Food & Food Waste', 'Energy Efficiency']",[],Community Engagement,,Not Verified,merge_engine,2026-05-25T03:12:12Z
deedf97a-7eb5-4a29-b9d4-34df382277dd,Berkshire Community Action Council,Pittsfield,MA,1531 East Street,01201,https://www.bcacinc.org/,unknown,(413) 445-4503,"Berkshire Community Action Council addresses climate change impacts on low-income communities through various programs, including energy efficiency and weatherization assistance.",Nonprofit / Grassroots,Regional,['Residents'],['Energy Efficiency'],[],Community Engagement,,Not Verified,merge_engine,2026-05-25T03:12:12Z
defbfc19-ea81-4ec6-818d-c42a8c580263,New Hampshire Climate Action Network,Windsor,NH,2 Pillsbury St,03301,https://www.nhclimateaction.org/,unknown,unknown,The New Hampshire Climate Action Network is dedicated to addressing climate change through advocacy and policy initiatives.,Nonprofit / Grassroots,State / National,"['Businesses', 'Municipality', 'Residents']",['Environmental'],[],Policy,,Not Verified,merge_engine,2026-05-25T03:12:12Z
df003ba9-1d6f-4a68-a097-736fc19fa949,Swampscott Sustainability Committee,Swampscott,MA,"Swampscott Town Hall, 22 Monument Ave",01907,https://www.westonma.gov/1296/Sustainability-Committee,unknown,unknown,The Sustainability Committee promotes sustainable practices and policies to reduce the town's carbon footprint.,Municipal / Government-affiliated,"[""Town / City""]","['Residents', 'Municipality']","['Energy Efficiency', 'Transportation', 'Food & Food Waste']",[],Community Engagement,,Verified,merge_engine,2026-05-25T00:27:17Z
df37e793-cf8c-4745-863f-222ccb971e2b,Santa Monica College - Sustainability Programs,Santa Monica,CA,1900 Pico Blvd,90405,https://www.smc.edu/,unknown,310-434-4000,Santa Monica College offers programs and courses related to sustainability and climate education.,Academic,Regional,['Residents'],['Environmental'],[],Community Engagement,,Not Verified,merge_engine,2026-05-25T03:12:12Z
df387d33-043b-4c69-8f67-2e0979c8de6d,Concord Climate Action Committee,Concord,MA,"Swansea Town Hall, 81 Main St",02777,https://concordma.gov/3324/Climate-Action-Committee,unknown,unknown,The Swansea Climate Action Committee focuses on local climate initiatives and community engagement to reduce carbon emissions.,Nonprofit / Grassroots,"[""Town / City""]","['Residents', 'Businesses']","['Energy Efficiency', 'Transportation', 'Environmental', 'Food & Food Waste', 'Waste Reduction']",[],Community Engagement,,Verified,merge_engine,2026-05-25T00:27:17Z
df4a0d7b-c632-49d6-9ac7-81ceb3589c68,Pomona Sustainability Coalition,Pomona,CA,456 Greenway Ave,91767,http://www.pomonasustainabilitycoalition.org,unknown,unknown,The coalition works on sustainability initiatives to reduce emissions and promote renewable energy.,Nonprofit / Grassroots,unknown,['unknown'],['Unknown'],[],Unknown,,Not Verified,merge_engine,2026-05-25T03:12:12Z
df7324d8-8f56-46f6-92ec-d44c0c8d3503,Woodlake Climate Action Committee,Woodlake,MA,"Woodlake City Hall, 350 N. Valencia Blvd.",93286,https://concordma.gov/3324/Climate-Action-Committee,unknown,unknown,The Woodlake Climate Action Committee focuses on local climate initiatives and sustainability efforts.,Municipal / Government-affiliated,"[""Town / City""]","['Residents', 'Businesses']","['Energy Efficiency', 'Transportation', 'Environmental', 'Food & Food Waste', 'Waste Reduction']",[],Community Engagement,,Verified,merge_engine,2026-05-25T00:27:17Z
df957513-b196-4f8e-b5de-8ba9e8ce7603,Brookline Green Electricity,Brookline,MA,"Brookline, MA",02445,https://www.brooklinegreen.com,support_ma@goodenergy.com,800-931-6221,"Brookline Green Electricity is an official Town of Brookline program providing residents and small businesses with renewable energy options to reduce carbon emissions, as part of the town's Climate Action and Resiliency Plan.",Municipality,Town / City,"['Businesses', 'Residents']",['Energy Efficiency'],[],Community Engagement,,Not Verified,merge_engine,2026-05-25T03:12:12Z
dfb9de98-f470-4173-b30d-a072877f14e8,Desert Climate Coalition,Rancho Mirage,CA,1234 E Palm Canyon Dr,92262,http://www.desertclimatecoalition.org,unknown,unknown,The Desert Climate Coalition focuses on climate action and sustainability initiatives in the Coachella Valley.,Nonprofit / Grassroots,Regional,['Residents'],['Environmental'],[],Community Engagement,,Not Verified,merge_engine,2026-05-25T03:12:12Z
dfd47857-08ab-4b93-9e99-4252186ace2d,Sustainable Duarte,Duarte,CA,"1600 Huntington Dr, Duarte, CA 91010",91010,http://www.sustainableduarte.org,unknown,unknown,Sustainable Duarte focuses on local sustainability initiatives and climate action programs.,Nonprofit / Grassroots,Town / City,['Residents'],['Unknown'],[],Community Engagement,,Not Verified,merge_engine,2026-05-25T03:12:12Z
dfed3a3e-cf8e-4f44-8d19-b27b21ede3ce,Sustainable Montpelier Coalition,Johnson,VT,PO Box 1036,05602,https://sustainablemontpelier.org,unknown,unknown,The coalition focuses on sustainability initiatives including climate action and resilience planning in Montpelier.,Nonprofit / Grassroots,Town / City,['Residents'],['Environmental'],[],Community Engagement,,Not Verified,merge_engine,2026-05-25T03:12:12Z
e0650362-0edb-402e-8d3d-5f711c1c2492,Ontario Energy Efficiency Program,Ontario,CA,1122 Efficiency Rd,91761,http://www.ontarioenergy.org,unknown,unknown,Promotes energy efficiency and electrification initiatives.,Nonprofit / Grassroots,unknown,['unknown'],['Energy Efficiency'],[],Community Engagement,,Not Verified,merge_engine,2026-05-25T03:12:12Z
e083aedd-693e-4280-906d-f75a1dd68c33,Sustainable Communities Initiative,Maywood,CA,unknown,90012,http://sustainablecommunities.org,unknown,unknown,"The Sustainable Communities Initiative focuses on sustainable urban development and climate resilience in communities across Los Angeles County, including Maywood.",Nonprofit / Grassroots,Regional,['Residents'],['Environmental'],[],Community Engagement,,Not Verified,merge_engine,2026-05-25T03:12:12Z
e08a9237-d013-4a84-b695-3999e0e75848,California Climate Action Network,San Diego,CA,4567 Elm St,92101,https://www.calclimateaction.org,unknown,unknown,The California Climate Action Network works on statewide climate policies and local implementation strategies.,Nonprofit / Grassroots,State / National,"['Businesses', 'Municipality', 'Residents']",['Unknown'],[],Policy,,Not Verified,merge_engine,2026-05-25T03:12:12Z
e0cdfe87-99eb-4269-a736-cca8766027bc,Nashua School District - Sustainability Programs,Nashua,NH,"141 Ledge St, Nashua, NH 03060",03060,https://www.nashuaschools.net/,unknown,unknown,The Nashua School District has programs focused on sustainability and climate education for students.,Academic,Town / City,['Residents'],['Environmental'],[],Community Engagement,,Not Verified,merge_engine,2026-05-25T03:12:12Z
e0d5d626-f681-4c23-9734-a6912a75bc0e,The Resilient Pioneer Valley,Bernardston,MA,100 North Maple Street,01035,https://www.resilientpv.org,unknown,unknown,The Resilient Pioneer Valley focuses on climate adaptation strategies and community resilience planning in response to climate change.,Nonprofit / Grassroots,Regional,['Residents'],['Environmental'],[],Community Engagement,,Not Verified,merge_engine,2026-05-25T03:12:12Z
e0d60c40-5801-4518-9a5d-f40c63073eb5,Sierra Business Council,Truckee,CA,"Truckee, CA",96161,https://www.sierrabusiness.org/,unknown,unknown,The Sierra Business Council engages in climate action initiatives that promote sustainable business practices and energy efficiency.,Nonprofit / Grassroots,Regional,['Businesses'],"['Green Economics', 'Energy Efficiency']",[],Community Engagement,,Not Verified,merge_engine,2026-05-25T03:12:12Z
e0df9e8f-508f-41c2-8c4a-c5ff3d7d4093,Sonoma County Climate Action,Sebastopol,CA,unknown,95472,https://sonomacounty.ca.gov/climate-action,unknown,unknown,Sonoma County Climate Action Plan focuses on reducing greenhouse gas emissions and adapting to climate change impacts.,Municipal / Government-affiliated,unknown,['unknown'],['Unknown'],[],Unknown,,Not Verified,merge_engine,2026-05-25T03:12:12Z
e11b49a8-bdcb-443b-87e5-5ef4abcc8b4c,New Hampshire Climate Action Network,Auburn,NH,2 Pillsbury Street,03301,https://www.nhclimateaction.org,unknown,unknown,The New Hampshire Climate Action Network is dedicated to advocating for climate action and policies that reduce greenhouse gas emissions in New Hampshire.,Nonprofit / Grassroots,State / National,"['Businesses', 'Municipality', 'Residents']",['Environmental'],[],Policy,,Not Verified,merge_engine,2026-05-25T03:12:12Z
e14142d8-dd1f-4b97-ba9f-e002c9316661,Cool California,Newport Beach,CA,"Newport Beach, CA",92663,https://coolcalifornia.arb.ca.gov,,916-324-1503,Cool California provides resources and tools for local governments and residents to reduce greenhouse gas emissions and promote climate resilience.,Nonprofit / Grassroots,State / National,"['Businesses', 'Municipality', 'Residents']","['Environmental', 'Energy Efficiency', 'Transportation', 'Waste Reduction', 'Food & Food Waste']",[],Community Engagement,,Not Verified,merge_engine,2026-05-25T03:12:12Z
e149ba7d-c729-42e2-9999-fb5431bd25a7,Seacoast Climate Collaborative,Newfields,NH,1 Junkins Ave,03801,https://www.seacoastclimate.org/,unknown,unknown,The Seacoast Climate Collaborative is focused on climate action and resilience in the Seacoast region of New Hampshire.,Nonprofit / Grassroots,Regional,['unknown'],['Unknown'],[],Unknown,,Not Verified,merge_engine,2026-05-25T03:12:12Z
e19af1c7-3f21-4c8d-9c6e-b1c00a2eb50d,Green Torrance,Torrance,CA,"Torrance City Hall, 3031 Torrance Blvd",90503,https://www.torranceca.gov/our-city/green-torrance,unknown,unknown,Green Torrance promotes sustainability and climate action initiatives within the community.,Municipal / Government-affiliated,Town / City,['Residents'],['Environmental'],[],Community Engagement,,Not Verified,merge_engine,2026-05-25T03:12:12Z
e1bd146e-9858-4707-8bc6-a703c9b00904,Youth vs. Apocalypse,Oakland,CA,PO Box 22822,94609,https://youthvsapocalypse.org/,Yva@youthvsapocalypse.org,unknown,"Youth vs. Apocalypse is a youth-led organization focused on climate justice and advocacy, empowering frontline communities by building and equipping the next generation of climate and environmental activists.",Nonprofit / Grassroots,Regional,['Residents'],"['Environmental', 'Energy Efficiency']",[],Community Engagement,,Not Verified,merge_engine,2026-05-25T03:12:12Z
e1ee0d16-3a19-464a-9396-59b66cfe6a14,Glendale Environmental Coalition,Glendale,CA,unknown,91205,http://www.glendaleenvironmentalcoalition.org/,unknown,unknown,The coalition works on climate action initiatives and community engagement to address climate change.,Nonprofit / Grassroots,Town / City,['Residents'],['Unknown'],[],Community Engagement,,Not Verified,merge_engine,2026-05-25T03:12:12Z
e1f13645-33eb-48fa-95c4-d5a8c4fb5284,Concord Climate Action Committee,Concord,MA,"Gosnold Town Hall, 1 Town Hall Rd",02532,https://concordma.gov/3324/Climate-Action-Committee,unknown,unknown,The Gosnold Climate Action Committee focuses on local climate initiatives and resilience planning.,Municipal / Government-affiliated,"[""Town / City""]","['Residents', 'Businesses']","['Energy Efficiency', 'Transportation', 'Environmental', 'Food & Food Waste', 'Waste Reduction']",[],Community Engagement,,Verified,merge_engine,2026-05-25T00:27:17Z
e1f889d7-a3c8-4151-9540-699be20cf8ee,Climate Action Fresno,Selma,CA,"Fresno, CA",93721,http://www.climateactionfresno.org,unknown,unknown,Climate Action Fresno focuses on local climate initiatives and community engagement for climate resilience and sustainability.,Nonprofit / Grassroots,Regional,['Residents'],['Unknown'],[],Community Engagement,,Not Verified,merge_engine,2026-05-25T03:12:12Z
e2639423-6342-4b42-8adc-ea03dcb30f4d,Worcester Youth Climate Coalition,Howe,MA,"Worcester, MA",01610,https://www.worcesterycc.org/,unknown,unknown,The coalition focuses on youth-led climate action and education programs.,Nonprofit / Grassroots,Town / City,['Residents'],['Environmental'],[],Community Engagement,,Not Verified,merge_engine,2026-05-25T03:12:12Z
e27aa39a-c775-4b58-aae5-616aa79f9cf7,Temecula Environmental Justice Coalition,Temecula,CA,"303 Justice Blvd, Temecula, CA 92592",92592,http://temeculaejcoalition.org,unknown,unknown,Addressing climate impacts on marginalized communities.,Nonprofit / Grassroots,Town / City,['Residents'],['Environmental'],[],Community Engagement,,Not Verified,merge_engine,2026-05-25T03:12:12Z
e28fd00b-e748-4cc8-a60c-e399685b58fe,Los Angeles County Climate Action Plan,San Fernando,CA,500 W Temple St,90012,https://www.lacounty.gov/climate-action-plan,unknown,unknown,The Los Angeles County Climate Action Plan outlines strategies for reducing greenhouse gas emissions and adapting to climate change.,Municipal / Government-affiliated,Regional,"['Businesses', 'Municipality', 'Residents']",['Unknown'],[],Unknown,,Not Verified,merge_engine,2026-05-25T03:12:12Z
e2b38dbe-fd7f-489d-9bff-71e55d8df260,Climate Action Humboldt,Eureka,CA,PO Box 1234,95501,https://climateactionhumboldt.org,unknown,unknown,Advocates for local climate action initiatives and policies.,Nonprofit / Grassroots,Regional,['Residents'],['Unknown'],[],Policy,,Not Verified,merge_engine,2026-05-25T03:12:12Z
e2c79060-90b0-460f-9e35-2f0706467806,The Resilient MA Initiative,Graceland Park,MA,"1 Ashburton Pl, Boston, MA",02108,https://www.resilientma.org,unknown,unknown,The initiative focuses on building resilience to climate change impacts across Massachusetts.,Nonprofit / Grassroots,State / National,"['Municipality', 'Residents']",['Environmental'],[],Community Engagement,,Not Verified,merge_engine,2026-05-25T03:12:12Z
e2cc6b20-d4e9-4c7b-ada4-3f70aef72b30,Simi Valley City Council,Simi Valley,CA,"2929 Tapo Canyon Rd, Simi Valley, CA",93065,https://www.simivalley.org/citycouncil,unknown,unknown,The Simi Valley City Council has adopted a Climate Action Plan to reduce greenhouse gas emissions and promote sustainability.,Nonprofit / Grassroots,Town / City,['Residents'],['Unknown'],[],Policy,,Not Verified,merge_engine,2026-05-25T03:12:12Z
e2dfe983-b796-4119-81c4-fd6880433c9a,Northfield Mount Hermon School,Northfield,MA,1 Lamplighter Way,01354,https://www.nmhschool.org,unknown,unknown,"Northfield Mount Hermon School is a private boarding and day school that empowers students through a diverse curriculum focused on sustainability, inclusivity, and service learning.",Nonprofit / Grassroots,State / National,['Residents'],"['Environmental', 'Food & Food Waste']",[],Community Engagement,,Not Verified,merge_engine,2026-05-25T03:12:12Z
e2ec470b-32c0-4fc1-869d-9f3c4fb480b3,Franklin County Community Development Corporation,Greenfield,MA,324 Wells Street,01301,https://fccdc.org,unknown,unknown,"FCCDC has programs focused on energy efficiency and renewable energy for local businesses and residents, contributing to emissions reduction efforts.",Nonprofit / Grassroots,Regional,"['Businesses', 'Residents']",['Energy Efficiency'],[],Community Engagement,,Not Verified,merge_engine,2026-05-25T03:12:12Z
e2f98978-b9c3-4d0b-b62e-3cd243c9089b,Oakland Climate Action Coalition,Oakland,CA,1234 56th St,94612,http://oaklandclimateaction.org,info@oaklandclimateaction.org,unknown,"The Oakland Climate Action Coalition (OCAC) is a cross-sector coalition dedicated to racial and economic justice, engaging Oakland residents in creating and implementing climate solutions to strengthen the resilience of frontline communities.",Nonprofit / Grassroots,Town / City,['Residents'],"['Environmental', 'Energy Efficiency', 'Food & Food Waste', 'Transportation']",[],Community Engagement,,Not Verified,merge_engine,2026-05-25T03:12:12Z
e3060b32-b2ad-4ba2-80c2-639d3284e2f2,Sustainable Moraga,Moraga,CA,"Moraga, CA",94556,http://sustainablemoraga.org,unknown,unknown,"Sustainable Moraga focuses on local sustainability initiatives, including climate action and community education.",Nonprofit / Grassroots,Town / City,['Residents'],['Environmental'],[],Community Engagement,,Not Verified,merge_engine,2026-05-25T03:12:12Z
e353da04-6068-472f-85a6-f7872c2eb4bb,Sustainable Santa Ana,Santa Ana,CA,200 W Santa Ana Blvd,92701,https://www.santa-ana.org/sustainability,unknown,unknown,Sustainable Santa Ana promotes initiatives for sustainability and climate action in the city.,Nonprofit / Grassroots,Town / City,"['Municipality', 'Residents']",['Unknown'],[],Unknown,,Not Verified,merge_engine,2026-05-25T03:12:12Z
e37f9c72-67c3-4598-8f12-36cfaf3afdc4,Sonoma County Climate Action,Windsor,CA,"575 Administration Drive, Room 104A",95404,https://sonomacounty.ca.gov/climate-action,unknown,unknown,Sonoma County Climate Action Plan focuses on reducing greenhouse gas emissions and enhancing climate resilience.,Municipal / Government-affiliated,Regional,"['Businesses', 'Municipality', 'Residents']",['Environmental'],[],Policy,,Not Verified,merge_engine,2026-05-25T03:12:12Z
e3a2a9d2-6699-4011-a08f-e505da475ead,Concord Climate Action Committee,Concord,MA,41 Green Street,03301,https://concordma.gov/3324/Climate-Action-Committee,unknown,603-225-8610,"Concord Climate Action is an initiative aimed at reducing carbon emissions and promoting sustainability practices within the city of Concord, NH.",Municipal / Government-affiliated,"[""Town / City""]","['Residents', 'Businesses']","['Energy Efficiency', 'Transportation', 'Environmental', 'Food & Food Waste', 'Waste Reduction']",[],Unknown,,Verified,merge_engine,2026-05-25T00:27:17Z
e3ae36dd-cc2b-4ef4-bb35-d38f22ef20b5,Bay Area Air Quality Management District,San Bruno,CA,375 Beale St,94105,https://www.baaqmd.gov/,unknown,unknown,"The Bay Area Air Quality Management District works on air quality and climate change initiatives, including emissions reduction strategies.",Municipal / Government-affiliated,Regional,"['Businesses', 'Municipality', 'Residents']","['Environmental', 'Transportation']",[],Policy,,Not Verified,merge_engine,2026-05-25T03:12:12Z
e3b8982c-9bf5-456b-a616-4240cff206a1,Ontario Resilience Project,Ontario,CA,1516 Resilience Ave,91761,http://www.ontarioresilience.org,unknown,unknown,Focuses on climate adaptation and community resilience strategies.,Nonprofit / Grassroots,Regional,['Residents'],['Environmental'],[],Community Engagement,,Not Verified,merge_engine,2026-05-25T03:12:12Z
e3c39dd1-7d6f-42b1-9aba-2938a5af52a3,Phillips Point Climate Action Network,Phillips Point,MA,123 Climate St,01234,http://www.phillipspointclimateaction.org,unknown,unknown,Our mission is to promote climate action and sustainability in Phillips Point.,Nonprofit / Grassroots,Town / City,['Residents'],['Environmental'],[],Community Engagement,,Not Verified,merge_engine,2026-05-25T03:12:12Z
e3c5927b-2675-4083-9e8f-699a9e99d475,Franklin Climate Action Committee,Franklin,MA,355 East Central Street,02038,https://concordma.gov/3324/Climate-Action-Committee,unknown,unknown,The Franklin Climate Action Committee focuses on initiatives to reduce greenhouse gas emissions and promote sustainability in the community.,Municipal / Government-affiliated,"[""Town / City""]","['Residents', 'Businesses']","['Energy Efficiency', 'Transportation', 'Environmental', 'Food & Food Waste', 'Waste Reduction']",[],Community Engagement,,Verified,merge_engine,2026-05-25T00:27:17Z
e3d72830-7599-4f02-86f8-e454175d37f4,Placer County Air Pollution Control District,Auburn,CA,110 Maple Street,95603,https://www.placerair.org/,,530-745-2330,"The Placer County Air Pollution Control District partners with the community to reduce air pollution and improve air quality from Roseville to Lake Tahoe, working collaboratively with residents, schools, businesses, and local agencies to implement clean-air solutions that protect public health and the environment.",Nonprofit / Grassroots,Regional,"['Businesses', 'Municipality', 'Residents']",['Environmental'],[],Community Engagement,,Not Verified,merge_engine,2026-05-25T03:12:12Z
e3dcf64c-9367-4871-a547-fda44a7ab166,Bedford Public Schools Climate Action Program,Bedford,MA,"Bedford, MA",01730,https://www.bedfordps.org/climate-action,unknown,unknown,The Bedford Public Schools Climate Action Program is aimed at educating students about climate change and promoting sustainability.,Nonprofit / Grassroots,Town / City,['Residents'],['Environmental'],[],Community Engagement,,Not Verified,merge_engine,2026-05-25T03:12:12Z
e3eeedb2-deeb-4827-a9ac-7f3b493b2396,"California State University, Channel Islands - Sustainability Program",Camarillo,CA,1 University Dr,93012,https://www.csuci.edu/sustainability,admissions@csuci.edu,805-437-8400,"CSU Channel Islands is committed to becoming a more environmentally sustainable campus, involving students, faculty, staff, and community partners in sustainability efforts.",Academic,Regional,"['Businesses', 'Municipality', 'Residents']","['Environmental', 'Energy Efficiency', 'Transportation']",[],Community Engagement,,Not Verified,merge_engine,2026-05-25T03:12:12Z
e4941daa-236a-49f0-ad33-24cc7cc88a63,Ventura County Climate Coalition,Port Hueneme,CA,"Ventura, CA",93001,http://www.vccclimate.org,unknown,unknown,The Ventura County Climate Coalition works on climate action initiatives and policies to reduce greenhouse gas emissions in the region.,Nonprofit / Grassroots,Regional,"['Businesses', 'Municipality', 'Residents']",['Environmental'],[],Policy,,Not Verified,merge_engine,2026-05-25T03:12:12Z
e4b909bb-4ec2-4392-9b47-7ed7d75d1b98,Green Compton,Compton,CA,1234 E Compton Blvd,90220,http://www.greencompton.org,unknown,unknown,Focus on climate action and sustainability initiatives in Compton.,Nonprofit / Grassroots,Town / City,['Residents'],['Unknown'],[],Community Engagement,,Not Verified,merge_engine,2026-05-25T03:12:12Z
e4cfc70e-26ca-43de-b007-89abd585a1d3,Redlands Community College Green Initiative,Redlands,CA,unknown,92373,https://www.redlands.edu/greeninitiative,unknown,unknown,The Green Initiative at Redlands Community College focuses on sustainability practices and climate education for students and the community.,Academic,Town / City,"['Municipality', 'Residents']",['Environmental'],[],Community Engagement,,Not Verified,merge_engine,2026-05-25T03:12:12Z
e526d555-8395-43f0-988a-5d6030e99e0d,Sustainable Stockton,Stockton,CA,"345 N El Dorado St, Stockton, CA 95202",95202,https://www.stocktonca.gov/government/departments/planning/sustainableStockton.html,unknown,unknown,Sustainable Stockton focuses on initiatives to promote sustainability and reduce carbon emissions in the city.,Municipal / Government-affiliated,Town / City,"['Municipality', 'Residents']",['Energy Efficiency'],[],Community Engagement,,Not Verified,merge_engine,2026-05-25T03:12:12Z
e5630458-5f47-4bb7-b1d0-51b764fc27d2,Ventura Climate Coalition,Ventura,CA,123 Main St,93001,http://www.venturaclimatecoalition.org,unknown,unknown,The Ventura Climate Coalition focuses on local climate action initiatives and community engagement to reduce emissions.,Nonprofit / Grassroots,Town / City,['Residents'],['Environmental'],[],Community Engagement,,Not Verified,merge_engine,2026-05-25T03:12:12Z
e5a0cb6c-8135-4268-a0c1-41b3c2a538f0,Green Montague,Montague,MA,"Montague, MA",01351,http://greenmontague.org,unknown,unknown,Green Montague is focused on promoting sustainability and climate action in the community.,Nonprofit / Grassroots,Town / City,['Residents'],['Environmental'],[],Community Engagement,,Not Verified,merge_engine,2026-05-25T03:12:12Z
e5d35e14-d05f-4c91-a077-39ef827509ad,San Benito County Climate Action,San Juan Bautista,CA,440 Fifth Street,95023,https://www.cosb.us/climate-action,unknown,unknown,San Benito County Climate Action is focused on reducing greenhouse gas emissions and preparing for climate impacts.,Municipality,Regional,"['Municipality', 'Residents']",['Environmental'],[],Policy,,Not Verified,merge_engine,2026-05-25T03:12:12Z
e5dd1ad7-fe68-46d9-bacb-29290080acf5,Groundwork Lawrence,Lawrence,MA,50 Island Street,01840,http://www.groundworklawrence.org/,unknown,(978) 974-0770,"Groundwork Lawrence is a nonprofit organization focused on environmental and open space improvements, fresh food access programs, youth and adult education and employment initiatives, and community programming and events. It aims to regenerate and manage the physical environment through community-based partnerships.",Nonprofit / Grassroots,Regional,['Residents'],"['Environmental', 'Food & Food Waste']",[],Community Engagement,,Not Verified,merge_engine,2026-05-25T03:12:12Z
e600e993-4196-47e2-be94-0666c8989087,Marin Climate and Energy Partnership,San Rafael,CA,555 Northgate Dr.,,http://marinclimate.org,marinclimateenergy@gmail.com,unknown,"The Marin Climate & Energy Partnership is a coalition of Marin County cities, towns, and public agencies working collaboratively to reduce greenhouse gas emissions and promote energy efficiency through various programs and initiatives.",Nonprofit / Grassroots,Regional,"['Municipality', 'Residents']","['Environmental', 'Energy Efficiency', 'Transportation', 'Waste Reduction']",[],Community Engagement,,Not Verified,merge_engine,2026-05-25T03:12:12Z
e645a906-9b2b-4354-9231-8648a91ddf1a,Yolo County Climate Action Commission,Davis,CA,"625 Court St, Woodland, CA 95695",95695,https://www.yolocounty.org/government/departments/health/health-education/climate-action-commission,unknown,unknown,The Yolo County Climate Action Commission focuses on climate action planning and implementation in Yolo County.,Nonprofit / Grassroots,Regional,"['Municipality', 'Residents']",['Unknown'],[],Policy,,Not Verified,merge_engine,2026-05-25T03:12:12Z
e64a74b8-50d9-44cd-9e61-aee72c313081,Salem Climate Action,Salem,MA,"Salem, MA",01970,http://www.salemclimateaction.org,unknown,unknown,Salem Climate Action works on local initiatives to reduce carbon emissions and promote climate resilience.,Nonprofit / Grassroots,Town / City,['Residents'],['Environmental'],[],Community Engagement,,Not Verified,merge_engine,2026-05-25T03:12:12Z
e6661f79-f282-46fb-b51d-f24a3efb0aa7,Sustainable West Covina,West Covina,CA,"West Covina, CA",91790,http://www.sustainablewestcovina.org,unknown,unknown,Sustainable West Covina focuses on local sustainability initiatives and climate action programs.,Nonprofit / Grassroots,Town / City,['Residents'],['Unknown'],[],Community Engagement,,Not Verified,merge_engine,2026-05-25T03:12:12Z
e677fcbc-5181-45e7-a424-ea013b7ce9c8,Menlo Park Climate Action,Menlo Park,CA,701 Laurel St,94025,https://www.menlopark.org/,unknown,unknown,Menlo Park's Climate Action Plan aims to reduce greenhouse gas emissions and promote sustainability.,Nonprofit / Grassroots,unknown,['unknown'],['Unknown'],[],Unknown,,Not Verified,merge_engine,2026-05-25T03:12:12Z
e6a7a77b-fd52-4558-a52a-d1e67bf08fc1,Folsom Lake College,Folsom,CA,"10 College Parkway, Folsom, CA 95630",95630,https://www.flc.losrios.edu/,unknown,unknown,Folsom Lake College offers programs focused on sustainability and climate education.,Academic,Regional,"['Businesses', 'Municipality', 'Residents']",['Environmental'],[],Community Engagement,,Not Verified,merge_engine,2026-05-25T03:12:12Z
e6fd93a8-5931-4368-8cb3-1ccb077a1d83,Bay Area Regional Energy Network (BayREN),San Francisco,CA,"375 Beale Street, 7th",94105,https://www.bayren.org/,,,"BayREN promotes energy efficiency and climate action across the Bay Area, offering programs and resources to improve energy efficiency in homes, businesses, and public buildings.",Nonprofit / Grassroots,Regional,"['Businesses', 'Municipality', 'Residents']",['Energy Efficiency'],[],Community Engagement,,Not Verified,merge_engine,2026-05-25T03:12:12Z
e706b287-d01e-4af7-b2fb-67e9f1c1599c,Clean Power SF,San Francisco,CA,525 Golden Gate Ave.,94102,https://cleanpowersf.org,CleanPowerSF@sfwater.org,(415) 554-0773,"CleanPowerSF is San Francisco’s community clean electricity program, providing affordable, reliable, and clean energy to over 385,000 homes and businesses. It is run by the San Francisco Public Utilities Commission and aims to transition to clean energy sources and reduce carbon emissions.",Nonprofit / Grassroots,Town / City,"['Businesses', 'Residents']","['Energy Efficiency', 'Transportation']",[],Community Engagement,,Not Verified,merge_engine,2026-05-25T03:12:12Z
e731eddc-4751-441c-a69f-35575970b186,Sustainable Los Altos,Los Altos,CA,1 N San Antonio Rd,94022,https://www.sustainablelosaltos.org,unknown,unknown,Sustainable Los Altos promotes local climate action initiatives and community engagement to reduce carbon emissions.,Nonprofit / Grassroots,Town / City,['Residents'],['Environmental'],[],Community Engagement,,Not Verified,merge_engine,2026-05-25T03:12:12Z
e735a401-95fd-4e94-9709-885ee316ef6a,Cape Ann Climate Coalition,Rockport,MA,"Cape Ann Chamber of Commerce, 33 Commercial St",01966,https://capeannclimatecoalition.org,unknown,unknown,The Cape Ann Climate Coalition works on regional climate resilience and adaptation strategies.,Nonprofit / Grassroots,"[""Town / City"", ""State / National""]",['Residents'],"['Energy Efficiency', 'Transportation', 'Environmental', 'Waste Reduction']",[],Unknown,,Verified,merge_engine,2026-05-25T03:12:12Z
e73b3d27-5fa8-46a3-a354-f67f88d6134e,Roseville Electric,Roseville,CA,2005 Hilltop Circle,95678,https://www.roseville.ca.us/electric,unknown,unknown,Roseville Electric promotes energy efficiency and renewable energy programs to reduce carbon emissions.,Municipal / Government-affiliated,Town / City,"['Businesses', 'Municipality', 'Residents']",['Energy Efficiency'],[],Community Engagement,,Not Verified,merge_engine,2026-05-25T03:12:12Z
e7b86bb8-31ce-4f13-ab0f-1c722a3cf79c,Massachusetts Department of Environmental Protection,Curzon Mill,MA,1 Winter St,02110,https://www.mass.gov/orgs/massachusetts-department-of-environmental-protection,unknown,unknown,The Massachusetts Department of Environmental Protection implements climate adaptation strategies and policies.,Municipal / Government-affiliated,State / National,"['Businesses', 'Municipality', 'Residents']",['Environmental'],[],Policy,,Not Verified,merge_engine,2026-05-25T03:12:12Z
e7e5650a-2938-4647-997e-bd63756c790c,Kings County Climate Action Plan,Avenal,CA,1400 W Lacey Blvd,93230,https://www.countyofkings.com/departments/administrative-office/climate-action-plan,unknown,unknown,Kings County is developing a Climate Action Plan to address climate change impacts and promote sustainability.,Municipality,Regional,"['Businesses', 'Municipality', 'Residents']",['Unknown'],[],Policy,,Not Verified,merge_engine,2026-05-25T03:12:12Z
e7e746c8-8a03-409c-b871-8a1c31680582,Green Norco,Norco,CA,"Norco, CA",92860,http://www.greennorco.org,unknown,unknown,Green Norco focuses on sustainability initiatives and climate action in the community.,Nonprofit / Grassroots,Town / City,['Residents'],['Unknown'],[],Community Engagement,,Not Verified,merge_engine,2026-05-25T03:12:12Z
e7ef7b83-e36f-446c-98e4-f03784cc1d29,Green Maywood,Maywood,CA,unknown,90270,http://greenmaywood.org,unknown,unknown,Green Maywood focuses on community-led initiatives to reduce carbon emissions and promote sustainable practices in the city.,Nonprofit / Grassroots,Town / City,['Residents'],['Green Economics'],[],Community Engagement,,Not Verified,merge_engine,2026-05-25T03:12:12Z
e898a81e-2f33-4ffc-827d-a0b0f2c41675,Riverside County Climate Collaborative,Temecula,CA,"456 Riverside Dr, Temecula, CA 92592",92592,http://riversideclimatecollaborative.org,unknown,unknown,Working on regional climate planning and implementation strategies.,Nonprofit / Grassroots,Regional,"['Businesses', 'Municipality', 'Residents']",['Unknown'],[],Policy,,Not Verified,merge_engine,2026-05-25T03:12:12Z
e89934e5-bdaf-41ff-8a46-058d6a831395,California Coastal Commission,Huntington Beach,CA,2000 Main St,92648,https://www.coastal.ca.gov/,unknown,unknown,The California Coastal Commission addresses climate change impacts on coastal resources and promotes resilience strategies.,Municipal / Government-affiliated,State / National,"['Businesses', 'Municipality', 'Residents']","['Environmental', 'Waste Reduction', 'Energy Efficiency']",[],Policy,,Not Verified,merge_engine,2026-05-25T03:12:12Z
e8cc49b4-dd2c-4c0d-b917-846992c8248d,Seacoast Climate Collaborative,Strafford,NH,1 Junkins Ave,03801,https://seacoastclimate.org/,unknown,unknown,The Seacoast Climate Collaborative is focused on climate action and resilience in the Seacoast region of New Hampshire.,Nonprofit / Grassroots,Regional,['Residents'],['Unknown'],[],Community Engagement,,Not Verified,merge_engine,2026-05-25T03:12:12Z
e907c3f8-c30c-4e65-9897-60ca38132585,Addison County Regional Planning Commission,Bridport,VT,14 Seminary Street,05753,https://www.addisoncounty.org/,unknown,unknown,The Addison County Regional Planning Commission works on climate adaptation and mitigation strategies for the region.,Nonprofit / Grassroots,Regional,"['Businesses', 'Municipality', 'Residents']",['Environmental'],[],Community Engagement,,Not Verified,merge_engine,2026-05-25T03:12:12Z
e9157ac9-e45c-47fd-a2ce-8d9127311b1b,Sierra Madre Environmental Action Committee,Sierra Madre,CA,232 W Sierra Madre Blvd,91024,http://www.sierramadre.gov/,unknown,unknown,The Sierra Madre Environmental Action Committee focuses on climate action initiatives and sustainability programs within the community.,Municipal / Government-affiliated,Town / City,['Residents'],['Unknown'],[],Community Engagement,,Not Verified,merge_engine,2026-05-25T03:12:12Z
e974ac93-aed4-46ef-91b4-654b8aa962cb,Marin Clean Energy (MCE),Sausalito,CA,"Sausalito, CA",94965,https://mcecleanenergy.org/,info@mceCleanEnergy.org,(888) 632-3674,MCE is a not-for-profit public agency providing clean electricity service and innovative local energy programs to over 1.8 million residents and businesses across 38 Bay Area communities.,Nonprofit / Grassroots,Regional,"['Businesses', 'Residents']","['Energy Efficiency', 'Environmental']",[],Community Engagement,,Not Verified,merge_engine,2026-05-25T03:12:12Z
e976d43c-de27-46cd-b3e2-279720e87f23,Delta College - Environmental Science Program,Stockton,CA,"5151 Pacific Ave, Stockton, CA 95207",95207,https://www.deltacollege.edu/,unknown,unknown,"Delta College offers programs focused on environmental science, including climate change education and sustainability practices.",Academic,Regional,"['Businesses', 'Municipality', 'Residents']",['Environmental'],[],Community Engagement,,Not Verified,merge_engine,2026-05-25T03:12:12Z
e98cd4c8-59e6-465b-8e9c-3c37ac74c9a2,Millbury Climate Action Committee,Millbury,MA,"Millbury Town Hall, 127 Elm Street",01527,https://www.millbury-ma.org/climate-action-committee,unknown,unknown,The Millbury Climate Action Committee focuses on local climate initiatives and sustainability efforts.,Nonprofit / Grassroots,"[""Town / City""]","['Residents', 'Businesses']","['Energy Efficiency', 'Transportation', 'Environmental', 'Food & Food Waste', 'Waste Reduction']",[],Community Engagement,,Verified,merge_engine,2026-05-25T00:27:17Z
e994bcea-4c32-4158-b119-231a564985d2,Merced County Climate Action,Merced,CA,2222 M Street,95340,https://www.co.merced.ca.us/,unknown,(209) 385-7434,"Merced County Climate Action is involved in policy and initiatives related to climate action, including waste reduction and emergency notifications.",Municipal / Government-affiliated,Regional,"['Municipality', 'Residents']",['Waste Reduction'],[],Policy,,Not Verified,merge_engine,2026-05-25T03:12:12Z
e99756d2-d96f-45f3-ab26-88fb0a65dc2c,Pomona Green Energy Program,Pomona,CA,135 Green Energy Way,91772,http://www.pomonagreenenergy.org,unknown,unknown,This program focuses on promoting renewable energy sources and reducing carbon footprints.,Nonprofit / Grassroots,unknown,['unknown'],['Unknown'],[],Unknown,,Not Verified,merge_engine,2026-05-25T03:12:12Z
e9ab22e0-e1d7-4d31-9115-93996ea63ab9,Coalinga City Council,Coalinga,CA,"155 W Durian Ave, Coalinga, CA 93210",93210,http://www.coalinga.com,unknown,559-935-1533,The City of Coalinga has adopted a Climate Action Plan to address climate change and promote sustainability.,Municipality,Town / City,"['Municipality', 'Residents']",['Environmental'],[],Policy,,Not Verified,merge_engine,2026-05-25T03:12:12Z
e9d4a9a6-2bf8-447b-951e-ccbeb350b5d6,Sustainable Newburyport,Newburyport,MA,"Newburyport, MA",01950,https://www.sustainablenewburyport.org,unknown,unknown,Sustainable Newburyport works on initiatives related to sustainability and climate action in the community.,Nonprofit / Grassroots,Town / City,['Residents'],['Environmental'],[],Community Engagement,,Not Verified,merge_engine,2026-05-25T03:12:12Z
e9d5dff7-fb43-46f2-b6ab-799f99a69194,Concord Climate Action Committee,Concord,MA,4417 Main St,01069,https://concordma.gov/3324/Climate-Action-Committee,unknown,unknown,The Palmer Climate Action Committee focuses on local initiatives to reduce greenhouse gas emissions and promote sustainability.,Municipal / Government-affiliated,"[""Town / City""]","['Residents', 'Businesses']","['Energy Efficiency', 'Transportation', 'Environmental', 'Food & Food Waste', 'Waste Reduction']",[],Community Engagement,,Verified,merge_engine,2026-05-25T00:27:17Z
e9daff14-e662-4c1e-90c4-d8e4be4eba4b,New Hampshire Climate Action Network,Manchester,NH,unknown,03101,https://www.nhclimateaction.org,unknown,unknown,The network advocates for strong climate policies and community engagement to combat climate change.,Nonprofit / Grassroots,unknown,['unknown'],['Unknown'],[],Community Engagement,,Not Verified,merge_engine,2026-05-25T03:12:12Z
e9f6056d-5781-4324-aa67-1e3bd8ba93ca,Palo Alto Resilience Program,Palo Alto,CA,250 Hamilton Avenue,94301,https://www.cityofpaloalto.org/gov/depts/pln/resilience.asp,unknown,unknown,The Resilience Program addresses climate adaptation strategies to prepare for climate impacts.,Nonprofit / Grassroots,Town / City,"['Municipality', 'Residents']",['Unknown'],[],Unknown,,Not Verified,merge_engine,2026-05-25T03:12:12Z
ea0d2bcd-7639-43af-9769-c42c7dbf96e8,Sustainable Freetown,Freetown,MA,"Freetown Town Hall, 3 North Main St",02702,http://www.freetownma.gov/sustainable-freetown,unknown,unknown,Sustainable Freetown is focused on reducing carbon emissions and promoting renewable energy initiatives in the community.,Municipal / Government-affiliated,Town / City,"['Municipality', 'Residents']",['Energy Efficiency'],[],Community Engagement,,Not Verified,merge_engine,2026-05-25T03:12:12Z
ea527504-a1a5-42a2-b8af-1cb5211afae0,Berkeley Climate Action Plan,Berkeley,CA,"City Hall, 2180 Milvia St, Berkeley, CA 94704",94704,https://www.cityofberkeley.info/climateaction/,unknown,unknown,The Berkeley Climate Action Plan outlines strategies for reducing greenhouse gas emissions and adapting to climate change.,Municipality,Town / City,"['Municipality', 'Residents']",['Unknown'],[],Unknown,,Not Verified,merge_engine,2026-05-25T03:12:12Z
ea6ee6ec-64ce-4eba-b291-0395daa1e0a0,Clean Energy Massachusetts,Lowell Junction,MA,456 Energy Blvd,01852,http://www.cleanenergymass.org,unknown,unknown,Clean Energy Massachusetts promotes renewable energy and energy efficiency programs to reduce carbon footprints.,Nonprofit / Grassroots,State / National,"['Businesses', 'Residents']",['Energy Efficiency'],[],Community Engagement,,Not Verified,merge_engine,2026-05-25T03:12:12Z
ea73ac5e-58fa-4dfe-ad68-cc6948cbae50,Oceanside Climate Action Coalition,Oceanside,CA,"Oceanside, CA",92054,http://oceansideclimateaction.org,unknown,unknown,The Oceanside Climate Action Coalition is dedicated to reducing greenhouse gas emissions and promoting sustainable practices in the community.,Nonprofit / Grassroots,unknown,['unknown'],['Unknown'],[],Unknown,,Not Verified,merge_engine,2026-05-25T03:12:12Z
ea8700c5-7b49-498d-bc9c-aa802c1c414a,Encinitas Climate Action Committee,Encinitas,MA,505 S Vulcan Ave,92024,https://concordma.gov/3324/Climate-Action-Committee,unknown,unknown,The Encinitas Climate Action Committee focuses on implementing climate action strategies in the city.,Municipal / Government-affiliated,"[""Town / City""]","['Residents', 'Businesses']","['Energy Efficiency', 'Transportation', 'Environmental', 'Food & Food Waste', 'Waste Reduction']",[],Community Engagement,,Verified,merge_engine,2026-05-25T00:27:17Z
eaa5b972-d4ca-4877-a421-1824bef12934,Pomona Energy Transition Initiative,Pomona,CA,321 Energy Dr,91769,http://www.pomonaeti.org,unknown,unknown,This initiative promotes electrification and energy efficiency programs in Pomona.,Nonprofit / Grassroots,Town / City,['Residents'],['Energy Efficiency'],[],Community Engagement,,Not Verified,merge_engine,2026-05-25T03:12:12Z
eaa83eff-7127-4c71-bec5-f3ffa019aac6,Desert Climate Coalition,Indian Wells,CA,1234 E Palm Canyon Dr,92262,http://www.desertclimatecoalition.org,unknown,unknown,The Desert Climate Coalition focuses on climate action and sustainability initiatives in the Coachella Valley.,Nonprofit / Grassroots,Regional,['Residents'],['Unknown'],[],Community Engagement,,Not Verified,merge_engine,2026-05-25T03:12:12Z
eb0a42dc-b517-4bc8-8ed0-3afcfa8a3340,Roseville Climate Action Committee,Roseville,CA,311 Vernon Street,95678,https://www.roseville.ca.us/climateaction,unknown,unknown,The Roseville Climate Action Committee focuses on reducing greenhouse gas emissions and promoting sustainability initiatives in the community.,Municipal / Government-affiliated,Town / City,"['Municipality', 'Residents']","['Energy Efficiency', 'Environmental']",[],Community Engagement,,Not Verified,merge_engine,2026-05-25T03:12:12Z
eb1336cd-56e0-4c77-a2e7-682cfedaf346,Kings County Climate Action,Lemoore,CA,1400 W Lacey Blvd,93230,http://www.countyofkings.com/departments/administration/climate-action,unknown,unknown,Kings County Climate Action focuses on reducing greenhouse gas emissions and promoting sustainability initiatives.,Municipality,Regional,"['Municipality', 'Residents']",['Unknown'],[],Unknown,,Not Verified,merge_engine,2026-05-25T03:12:12Z
eb272924-f2e6-42c3-be58-c79bf577d3b8,Henniker Energy Committee,Henniker,NH,"Henniker Town Hall, 18 Depot Hill Rd",03242,http://www.henniker.org/energy-committee,unknown,unknown,The Henniker Energy Committee works on energy efficiency and renewable energy initiatives in the community.,Nonprofit / Grassroots,Town / City,"['Municipality', 'Residents']",['Energy Efficiency'],[],Community Engagement,,Not Verified,merge_engine,2026-05-25T03:12:12Z
eba85124-bf3c-4133-a79b-b993f8a3d786,Watertown Sustainability Committee,Watertown,MA,"Watertown, MA",02472,https://www.westonma.gov/1296/Sustainability-Committee,311@watertown-ma.gov,617-715-8660,The Sustainability Committee works on initiatives to promote sustainability and reduce emissions in Watertown.,Municipal / Government-affiliated,"[""Town / City""]","['Residents', 'Municipality']","['Energy Efficiency', 'Transportation', 'Food & Food Waste']",[],Community Engagement,,Verified,merge_engine,2026-05-25T00:27:17Z
ebe763e0-a0f9-4662-ba50-2202e050ccff,Kern Climate Change Collaborative,Shafter,CA,1501 20th St,93301,http://www.kernclimate.org,unknown,unknown,Kern Climate Change Collaborative focuses on climate action and resilience strategies in Kern County.,Nonprofit / Grassroots,unknown,['unknown'],['Unknown'],[],Unknown,,Not Verified,merge_engine,2026-05-25T03:12:12Z
ec035bcc-1a18-4bd7-8e63-ecd7620160b4,North Country Climate Action Network,Dalton,NH,"Littleton, NH",03561,http://www.northcountryclimateaction.org,unknown,unknown,The North Country Climate Action Network focuses on local climate action initiatives and community engagement regarding climate change.,Nonprofit / Grassroots,Regional,['Residents'],['Unknown'],[],Community Engagement,,Not Verified,merge_engine,2026-05-25T03:12:12Z
ec0de9da-61e8-482c-9e90-cb0dc033dece,Essex Energy Committee,Essex,VT,"81 Main St, Essex Junction, VT 05452",05452,https://www.essex.org/energy-committee,unknown,unknown,The Essex Energy Committee focuses on energy efficiency and renewable energy initiatives to reduce carbon emissions in the community.,Nonprofit / Grassroots,Town / City,['Residents'],['Energy Efficiency'],[],Community Engagement,,Not Verified,merge_engine,2026-05-25T03:12:12Z
ec115eb3-2c77-40cd-8e1e-f2323fa50209,New Hampshire Climate Action Network,Deering,NH,2 Pillsbury St,03301,https://nhclimateaction.org,unknown,unknown,The New Hampshire Climate Action Network works to promote climate action and policies that reduce greenhouse gas emissions in New Hampshire.,Nonprofit / Grassroots,State / National,['Residents'],['Environmental'],[],Policy,,Not Verified,merge_engine,2026-05-25T03:12:12Z
ec34aaed-3c12-4472-9bb2-d73b25086ddd,Yuba-Sutter Climate Action,Marysville,CA,1234 5th St,95901,http://yubasutterclimateaction.org,unknown,unknown,Focus on local climate action initiatives and community resilience programs.,Nonprofit / Grassroots,unknown,['unknown'],['Unknown'],[],Unknown,,Not Verified,merge_engine,2026-05-25T03:12:12Z
ec65f462-d3ec-44b1-91dd-2b2e2c3b1675,"California State University, San Mateo Climate Research Center",San Mateo,CA,1001 E Hillsdale Blvd,94402,https://www.csusm.edu/climate-research,unknown,unknown,The Climate Research Center conducts research on climate change impacts and solutions relevant to the San Mateo area.,Academic,Regional,"['Businesses', 'Municipality', 'Residents']",['Environmental'],[],Policy,,Not Verified,merge_engine,2026-05-25T03:12:12Z
ec66f0c9-12ac-4958-8867-370626b9b67a,Worcester Climate Action Network,Paxton,MA,"Worcester, MA",01609,https://www.worcesterclimateaction.org/,unknown,unknown,"The Worcester Climate Action Network is focused on climate action and advocacy in the Worcester area, which includes Paxton.",Nonprofit / Grassroots,Regional,['Residents'],['Unknown'],[],Community Engagement,,Not Verified,merge_engine,2026-05-25T03:12:12Z
ec673b2c-5c0b-44ae-99d3-079a1d1d6795,Sonoma County Climate Action,Santa Rosa,CA,575 Administration Drive,95403,https://sonomacounty.ca.gov/Climate-Action,unknown,unknown,Sonoma County's Climate Action Plan aims to reduce greenhouse gas emissions and promote sustainability.,Municipal / Government-affiliated,Regional,"['Businesses', 'Municipality', 'Residents']",['Environmental'],[],Policy,,Not Verified,merge_engine,2026-05-25T03:12:12Z
ec84c0fa-675b-4345-90c5-78e44d989d95,Climate Action Business Association,Boston,MA,1 Beacon St,02110,https://www.climateactionbusiness.org/,unknown,unknown,The Climate Action Business Association works with businesses to promote climate action and sustainable practices.,Nonprofit / Grassroots,unknown,['unknown'],['Unknown'],[],Unknown,,Not Verified,merge_engine,2026-05-25T03:12:12Z
ecaccb40-93e6-44f5-9172-4a2e175daff2,Sacramento Climate Coalition,Rancho Cordova,CA,1000 Galleria Blvd,95814,https://www.sacclimate.org,unknown,unknown,The Sacramento Climate Coalition works on local climate action initiatives and policies to reduce carbon emissions in the region.,Nonprofit / Grassroots,Regional,"['Municipality', 'Residents']",['Environmental'],[],Community Engagement,,Not Verified,merge_engine,2026-05-25T03:12:12Z
ecaf7065-8d63-419f-84f0-2441db697c92,North Andover Public Schools - Climate Education Program,North Andover,MA,"North Andover, MA",01845,http://www.northandoverpublicschools.com/climate-education,unknown,unknown,Offers climate education programs for students to promote awareness and action.,Academic,Town / City,['Residents'],['Environmental'],[],Community Engagement,,Not Verified,merge_engine,2026-05-25T03:12:12Z
ecc886cd-ac38-4877-aec3-8383f7d3d96d,Worcester Department of Sustainability and Resilience,Worcester,MA,"455 Main St, Worcester, MA 01608",01608,https://www.worcesterma.gov/sustainability,unknown,unknown,The department is responsible for implementing the city’s climate action plan and promoting sustainability initiatives.,Municipal / Government-affiliated,Town / City,"['Municipality', 'Residents']","['Environmental', 'Energy Efficiency']",[],Community Engagement,,Not Verified,merge_engine,2026-05-25T03:12:12Z
ed258183-c3e5-4f60-b8ff-ba6fb828fb27,Youth Climate Action Network,Ontario,CA,1314 Youth Way,91761,http://www.youthclimateaction.org,unknown,unknown,Engages youth in climate education and advocacy.,Nonprofit / Grassroots,unknown,['Residents'],['Unknown'],[],Community Engagement,,Not Verified,merge_engine,2026-05-25T03:12:12Z
edba12c2-1004-44eb-9d42-b8bccd47c27e,Green Swanton,Swanton,MA,"Swanton, VT",05488,http://www.greenswanton.org,unknown,unknown,Green Swanton focuses on local climate action initiatives and sustainability practices.,Nonprofit / Grassroots,"[""Town / City""]","['Residents', 'Municipality', 'Businesses']","['Energy Efficiency', 'Transportation', 'Environmental', 'Food & Food Waste', 'Waste Reduction', 'Green Economics']",[],Unknown,,Verified,merge_engine,2026-05-25T00:27:17Z
edc65c5c-8060-4bda-8602-f609c8fabfaf,Green Energy Consumers Alliance,Cambridge,MA,955 Massachusetts Ave,02139,https://www.greenenergyconsumers.org/,hello@greenenergyconsumers.org,617-397-5199,"Green Energy Consumers Alliance is a nonprofit organization that empowers consumers and communities to speed a just transition to a zero-carbon world through education, programming, and advocacy.",Nonprofit / Grassroots,[],"['Businesses', 'Municipality', 'Residents']","['Energy Efficiency', 'Transportation']",[],Community Engagement,,Verified,merge_engine,2026-05-25T00:27:17Z
edcf8428-ecb6-4b72-8572-ca644b15cb3f,New Hampshire Climate Action Network,Bridgewater,NH,2 Pillsbury St,03301,https://nhclimateaction.org/,unknown,unknown,New Hampshire Climate Action Network works on climate policy and advocacy in New Hampshire.,Nonprofit / Grassroots,State / National,"['Businesses', 'Municipality', 'Residents']",['Unknown'],[],Policy,,Not Verified,merge_engine,2026-05-25T03:12:12Z
ede2ed0a-2350-4368-8c58-6ea254f9b775,Plymouth Town Government - Energy and Sustainability Committee,Plymouth,MA,"Plymouth, MA",02360,http://www.plymouth-ma.gov/energy-sustainability-committee,unknown,unknown,"The committee focuses on energy efficiency, renewable energy projects, and sustainability initiatives in Plymouth.",Municipal / Government-affiliated,Town / City,"['Municipality', 'Residents']",['Energy Efficiency'],[],Community Engagement,,Not Verified,merge_engine,2026-05-25T03:12:12Z
edf165bb-877f-4e89-8886-9dc54e4416be,Greenfield Energy Committee,Greenfield,MA,14 Court Square,01301,https://greenfield-ma.gov/energy-committee,unknown,unknown,The Greenfield Energy Committee works on initiatives to reduce energy consumption and promote renewable energy sources in the community.,Municipal / Government-affiliated,Town / City,"['Municipality', 'Residents']",['Energy Efficiency'],[],Community Engagement,,Not Verified,merge_engine,2026-05-25T03:12:12Z
ee01c228-7012-4407-a56a-f9f207a337cc,Monrovia Environmental Services,Monrovia,CA,600 S Myrtle Ave,91016,https://www.monroviaca.gov/,unknown,unknown,"Monrovia Environmental Services is part of the City of Monrovia, focusing on implementing the Climate Action Plan to reduce greenhouse gas emissions.",Municipal / Government-affiliated,Town / City,"['Municipality', 'Residents']",['Energy Efficiency'],[],Policy,,Not Verified,merge_engine,2026-05-25T03:12:12Z
ee29f2a1-b06d-45bd-9c0e-addd185054a0,Fullerton Climate Action Committee,Fullerton,MA,"Fullerton, CA",92832,https://concordma.gov/3324/Climate-Action-Committee,unknown,unknown,The Fullerton Climate Action Committee works on local climate action plans and initiatives.,Nonprofit / Grassroots,"[""Town / City""]","['Residents', 'Businesses']","['Energy Efficiency', 'Transportation', 'Environmental', 'Food & Food Waste', 'Waste Reduction']",[],Community Engagement,,Verified,merge_engine,2026-05-25T00:27:17Z
ee30b5f4-3caa-43cf-8ece-385b2f7aa8d0,Moreno Valley Unified School District,Moreno Valley,CA,"25634 Alessandro Blvd, Moreno Valley, CA 92553",92551,https://www.mvcusd.net/,unknown,unknown,Moreno Valley Unified School District implements programs focused on climate education and sustainability initiatives for students.,Municipality,Town / City,['Residents'],['Environmental'],[],Community Engagement,,Not Verified,merge_engine,2026-05-25T03:12:12Z
ee3e0ae4-dd93-42b7-82a7-f516da83b9e7,Sustainable Milton,milton,MA,123 Main St,92544,https://sustainablemilton.org,unknown,unknown,Sustainable Hemet focuses on local climate action initiatives and community education regarding sustainability practices.,Nonprofit / Grassroots,"[""Town / City""]","['Residents', 'Municipality']","['Energy Efficiency', 'Food & Food Waste', 'Waste Reduction']",[],Community Engagement,,Verified,merge_engine,2026-05-25T00:27:17Z
ee4f18ec-5da4-431e-91c4-1f2573b0f4ad,Beverly Hills Climate Action Committee,Beverly Hills,CA,"455 N Rexford Dr, Beverly Hills, CA 90210",90210,https://www.beverlyhills.org/citygovernment/committees/climateactioncommittee/,unknown,unknown,The Beverly Hills Climate Action Committee focuses on climate action initiatives and sustainability efforts in the city.,Nonprofit / Grassroots,Town / City,"['Municipality', 'Residents']",['Unknown'],[],Community Engagement,,Not Verified,merge_engine,2026-05-25T03:12:12Z
eea4c8f0-54c6-4aa5-a3c9-ffc074e63fb2,Worcester Climate Action Network,West Brookfield,MA,"Worcester, MA",01609,https://www.worcesterclimateaction.org,unknown,unknown,"Worcester Climate Action Network is focused on climate action and advocacy in the Worcester area, which includes West Brookfield.",Nonprofit / Grassroots,Regional,['Residents'],['Unknown'],[],Community Engagement,,Not Verified,merge_engine,2026-05-25T03:12:12Z
eeb065bc-af68-46a7-b1bd-da57ea393970,San Diego Regional Climate Collaborative,Encinitas,CA,101 Ash St,92101,https://www.sdclimatecollaborative.org,unknown,unknown,"The San Diego Regional Climate Collaborative works with local governments, including Encinitas, on climate adaptation and resilience strategies.",Nonprofit / Grassroots,Regional,['Municipality'],['Environmental'],[],Community Engagement,,Not Verified,merge_engine,2026-05-25T03:12:12Z
eefba5cb-4bb4-4096-8b94-fd0b0f180572,California Climate Action Network,Rancho Mirage,CA,77700 Country Club Dr,92260,http://www.calclimateaction.org,unknown,unknown,"The California Climate Action Network works on climate policy and advocacy efforts in California, including the Coachella Valley.",Nonprofit / Grassroots,State / National,"['Businesses', 'Municipality', 'Residents']",['Unknown'],[],Policy,,Not Verified,merge_engine,2026-05-25T03:12:12Z
ef2aba9d-dae6-40e8-855b-5e7e7b5c669d,El Cajon Environmental Justice Alliance,El Cajon,CA,2468 Justice Rd,92020,http://www.ecejalliance.org,unknown,unknown,Advocates for environmental justice with a focus on climate impacts.,Nonprofit / Grassroots,unknown,['unknown'],['Unknown'],[],Unknown,,Not Verified,merge_engine,2026-05-25T03:12:12Z
efd13fc2-a69d-494e-b66c-40db2b95cea3,Sustainable Tiburon,Tiburon,MA,"Tiburon, CA",94920,http://www.sustainabletiburon.org,unknown,unknown,Sustainable Tiburon is dedicated to promoting sustainability initiatives and climate action in the community.,Nonprofit / Grassroots,"[""Town / City""]","['Residents', 'Municipality']","['Energy Efficiency', 'Food & Food Waste', 'Waste Reduction']",[],Unknown,,Verified,merge_engine,2026-05-25T00:27:17Z
efe3ca62-4834-43da-99d7-3335f2c8c175,Placer County Air Pollution Control District,Loomis,CA,3091 County Center Dr,95603,http://www.placer.ca.gov/departments/apcd,unknown,unknown,"The Placer County Air Pollution Control District works on air quality and climate change initiatives, including emissions reduction programs.",Municipal / Government-affiliated,Regional,"['Municipality', 'Residents']",['Environmental'],[],Policy,,Not Verified,merge_engine,2026-05-25T03:12:12Z
efee353e-dcbd-4b79-9bb4-279e66d8bbfc,Sustainable Anaheim,Anaheim,CA,200 S Anaheim Blvd,92805,https://www.anaheim.net/SustainableAnaheim,unknown,unknown,Sustainable Anaheim promotes initiatives that reduce emissions and enhance community resilience to climate impacts.,Municipality,Town / City,"['Municipality', 'Residents']",['Environmental'],[],Community Engagement,,Not Verified,merge_engine,2026-05-25T03:12:12Z
f01d9756-1902-4f4c-8f22-a6a400b27a21,OC Climate Action Collaborative,Costa Mesa,CA,Various Locations,92626,https://www.occlimateaction.org,unknown,unknown,The collaborative focuses on regional climate action strategies and community engagement.,Nonprofit / Grassroots,Regional,['Residents'],['Unknown'],[],Community Engagement,,Not Verified,merge_engine,2026-05-25T03:12:12Z
f068550a-14d1-46d0-ad93-99ab3514d095,Concord Climate Action Committee,Concord,MA,156 S Broadway,95380,https://concordma.gov/3324/Climate-Action-Committee,asims@turlock.ca.us,(209) 668-6031,The Turlock Climate Action Committee focuses on local climate initiatives and community engagement to address climate change.,Municipal / Government-affiliated,"[""Town / City""]","['Residents', 'Businesses']","['Energy Efficiency', 'Transportation', 'Environmental', 'Food & Food Waste', 'Waste Reduction']",[],Community Engagement,,Verified,merge_engine,2026-05-25T00:27:17Z
f069f02b-0125-49bf-946e-091553453b9f,New Hampshire Climate Action Network,Washington,NH,25 Triangle Park Drive,03301,https://nhclimateaction.org/,unknown,unknown,The New Hampshire Climate Action Network is focused on climate advocacy and policy change to address climate issues in the state.,Nonprofit / Grassroots,State / National,"['Businesses', 'Municipality', 'Residents']",['Unknown'],[],Policy,,Not Verified,merge_engine,2026-05-25T03:12:12Z
f0b6abe5-4713-4777-b2b2-64ad8c1ffe52,"California State University, San Bernardino - Center for Sustainable Energy",Highland,CA,5500 University Parkway,92407,https://www.csusb.edu/,unknown,unknown,"The Center for Sustainable Energy at CSUSB focuses on research and education related to energy efficiency and renewable energy, contributing to climate action.",Academic,Regional,"['Businesses', 'Municipality', 'Residents']",['Energy Efficiency'],[],Community Engagement,,Not Verified,merge_engine,2026-05-25T03:12:12Z
f0c5198e-cc76-4430-a3da-816def38c03e,Merrimack Valley Planning Commission,Lowell,MA,40 Main St,01852,http://www.mvpc.org,unknown,unknown,The Merrimack Valley Planning Commission engages in climate planning and resilience initiatives for the region.,Nonprofit / Grassroots,Regional,['Municipality'],['Unknown'],[],Policy,,Not Verified,merge_engine,2026-05-25T03:12:12Z
f0d17687-b803-4389-82a2-76eb7fed73b1,Sustainable Thousand Oaks,Thousand Oaks,CA,"Thousand Oaks, CA",91360,http://www.sustainablethousandoaks.org,unknown,unknown,Promotes sustainability practices and climate action in the community.,Nonprofit / Grassroots,Town / City,['Residents'],['Environmental'],[],Community Engagement,,Not Verified,merge_engine,2026-05-25T03:12:12Z
f0f85860-dde9-454f-877e-57e5401ebedf,Chico Climate Action Team,Chico,CA,"Chico, CA",95928,https://www.chicoclimateaction.org,unknown,unknown,The Chico Climate Action Team is dedicated to reducing greenhouse gas emissions and promoting climate resilience in the community.,Nonprofit / Grassroots,unknown,['unknown'],['Unknown'],[],Unknown,,Not Verified,merge_engine,2026-05-25T03:12:12Z
f15fde6b-0b07-465d-abc6-3fe861d79114,Berkshire Environmental Action Team (BEAT),Pittsfield,MA,20 Chapel Street,01201,https://www.thebeatnews.org/,team@thebeatnews.org,(413) 464-9402,"Berkshire Environmental Action Team (BEAT) is a nonprofit organization focused on environmental conservation, education, and advocacy in Berkshire County and western Massachusetts. They engage in stewardship, education, and watchdogging activities to protect the environment for wildlife and support the natural world.",Nonprofit / Grassroots,Regional,"['Municipality', 'Residents']","['Environmental', 'Waste Reduction', 'Energy Efficiency', 'Food & Food Waste']",[],Community Engagement,,Not Verified,merge_engine,2026-05-25T03:12:12Z
f1668b25-a84b-4de9-b43d-a01a1f20e552,North Country Climate Action,Berlin,NH,123 Main St,03570,http://www.northcountryclimateaction.org,unknown,unknown,Focus on local climate action initiatives and community resilience programs.,Nonprofit / Grassroots,Town / City,['Residents'],['Unknown'],[],Community Engagement,,Not Verified,merge_engine,2026-05-25T03:12:12Z
f1a4b246-0e61-4a9d-bcc4-c4358c686ef0,Sustainable Pacifica,Pacifica,CA,"Pacifica, CA",94044,http://www.sustainablepacifica.org,unknown,unknown,Sustainable Pacifica focuses on community initiatives that promote sustainability and climate action in Pacifica.,Nonprofit / Grassroots,Town / City,['Residents'],['Unknown'],[],Community Engagement,,Not Verified,merge_engine,2026-05-25T03:12:12Z
f1e7a423-0f5a-4ab8-92b7-b1c923ea1b7f,Sustainable San Clemente,San Clemente,CA,"San Clemente, CA",92672,http://sustainablesanclemente.org,unknown,unknown,Focuses on local sustainability initiatives and climate action programs.,Nonprofit / Grassroots,Town / City,['Residents'],['Unknown'],[],Community Engagement,,Not Verified,merge_engine,2026-05-25T03:12:12Z
f1e81234-2612-4715-9a93-956bbfd96c8a,Youth Climate Action Network,Palo Alto,CA,unknown,94301,https://www.youthclimateactionnetwork.org/,unknown,unknown,The Youth Climate Action Network engages youth in climate advocacy and education programs.,Nonprofit / Grassroots,State / National,['Residents'],['Environmental'],[],Community Engagement,,Not Verified,merge_engine,2026-05-25T03:12:12Z
f1fb651c-6e21-48f1-994a-d11dcc51ba4d,Agawam Climate Action Committee,Agawam,MA,36 Main St,01001,http://www.agawam.ma.us/climateaction,unknown,unknown,Agawam's Climate Action Committee focuses on local climate initiatives and sustainability efforts.,Municipal / Government-affiliated,Town / City,"['Municipality', 'Residents']",['Unknown'],[],Community Engagement,,Not Verified,merge_engine,2026-05-25T03:12:12Z
f239be16-24e2-4dee-bb64-fca92b2f8025,Hilltown Community Development Corporation,Chesterfield,MA,"387 Main Road, PO Box 17",01012,https://www.hilltowncdc.org/,,413-296-4536,"Hilltown Community Development Corporation is a nonprofit organization dedicated to revitalizing the Hilltown region through innovative programs addressing economic, housing, educational, and social challenges. It aims to foster sustainable growth while preserving the unique character and natural beauty of the Hilltowns.",Nonprofit / Grassroots,Regional,['Residents'],"['Energy Efficiency', 'Food & Food Waste']",[],Community Engagement,,Not Verified,merge_engine,2026-05-25T03:12:12Z
f24b25cc-ea66-427a-9214-72adc5248701,Tri-Valley Climate Action Network,Livermore,CA,123 Main St,94550,http://www.trivalleycan.org,unknown,unknown,Tri-Valley Climate Action Network focuses on local climate action initiatives and community engagement to reduce carbon emissions.,Nonprofit / Grassroots,Town / City,['Residents'],['Energy Efficiency'],[],Community Engagement,,Not Verified,merge_engine,2026-05-25T03:12:12Z
f25b213d-a545-4acb-bfd8-5a8de22b4979,Grid Alternatives,Oakland,CA,1171 Ocean Avenue,94608,https://gridalternatives.org,info@gridalternatives.org,(510) 731-1310,"GRID Alternatives envisions a rapid, equitable transition to a world powered by renewable energy that benefits everyone. They provide solar energy solutions and education to low-income communities, contributing to emissions reduction and energy transition.",Nonprofit / Grassroots,State / National,"['Businesses', 'Municipality', 'Residents']",['Energy Efficiency'],[],Community Engagement,,Not Verified,merge_engine,2026-05-25T03:12:12Z
f25e50f7-41b5-48bd-97ae-8719283c0e77,Green Milford,Milford,NH,"Milford, NH",03055,http://www.greenmilford.org,unknown,unknown,Green Milford focuses on local climate action initiatives and sustainability programs.,Nonprofit / Grassroots,unknown,['unknown'],['Unknown'],[],Unknown,,Not Verified,merge_engine,2026-05-25T03:12:12Z
f29fb097-d216-4fa7-bf00-1b1ef515a1c1,Sustainable Alhambra,Alhambra,CA,1000 S. Fremont Ave,91801,http://www.sustainablealhambra.org,unknown,unknown,Sustainable Alhambra is focused on promoting sustainability initiatives and climate action within the community.,Nonprofit / Grassroots,unknown,['unknown'],['Unknown'],[],Unknown,,Not Verified,merge_engine,2026-05-25T03:12:12Z
f2c5a94e-c301-4aa1-81eb-9b87004290ee,Sustainable Redlands,Redlands,CA,unknown,92373,https://www.sustainableredlands.org,unknown,unknown,Sustainable Redlands promotes initiatives aimed at reducing carbon footprints and enhancing community resilience to climate change.,Nonprofit / Grassroots,Town / City,['Residents'],['Environmental'],[],Community Engagement,,Not Verified,merge_engine,2026-05-25T03:12:12Z
f2ca797e-1c1a-43f5-8eec-b8a608f8b9f8,Sustainable Santa Cruz,Scotts Valley,CA,PO Box 1233,95060,https://sustainablesantacruz.org,unknown,unknown,Sustainable Santa Cruz focuses on local climate action initiatives and sustainability programs.,Nonprofit / Grassroots,unknown,['unknown'],['Unknown'],[],Unknown,,Not Verified,merge_engine,2026-05-25T03:12:12Z
f2fe6b5a-5bde-4c18-8666-8dba4c4f10fa,North Country Climate Action Network,Whitefield,NH,"Littleton, NH",03561,http://www.northcountryclimateaction.org,unknown,unknown,The North Country Climate Action Network works on local climate initiatives and advocacy for climate action in the North Country region of New Hampshire.,Nonprofit / Grassroots,Regional,['Residents'],['Environmental'],[],Community Engagement,,Not Verified,merge_engine,2026-05-25T03:12:12Z
f308dd5e-24ae-48ae-914b-fed83ced0d39,Framingham Sustainability Committee,Framingham,MA,150 Concord Street,01702,https://www.framinghamma.gov/,unknown,508-532-5411,The Framingham Sustainability Committee works on projects that promote sustainability and climate resilience in the city.,Municipal / Government-affiliated,Town / City,"['Municipality', 'Residents']",['Environmental'],[],Community Engagement,,Not Verified,merge_engine,2026-05-25T03:12:12Z
f32265d0-0a8a-44aa-b1ba-5e69acb0176c,Windham County Climate Action,Newfane,VT,"Brattleboro, VT",05301,https://www.windhamclimate.org,unknown,unknown,Windham County Climate Action is focused on local climate initiatives and reducing carbon emissions in the community.,Nonprofit / Grassroots,unknown,['unknown'],['Unknown'],[],Unknown,,Not Verified,merge_engine,2026-05-25T03:12:12Z
f324cfbb-a20c-4bf2-9b11-60884e1feb59,Central Massachusetts Regional Planning Commission,Worcester,MA,unknown,01608,https://www.cmrpc.org/,unknown,unknown,"The Central Massachusetts Regional Planning Commission (CMRPC) is the regional planning agency serving 40 communities in Central Massachusetts, focusing on improving quality of life through regional collaboration, community planning, and transportation solutions.",Nonprofit / Grassroots,Regional,"['Businesses', 'Municipality', 'Residents']","['Environmental', 'Transportation']",[],Community Engagement,,Not Verified,merge_engine,2026-05-25T03:12:12Z
f3429ac0-527e-4a4f-83dc-e8efb7fe858e,Green Vision,Santa Clara,CA,1500 Warburton Ave,95050,https://www.santaclaraca.gov/,unknown,unknown,Green Vision is the City of Santa Clara's initiative to promote sustainability and climate action.,Municipal / Government-affiliated,Town / City,"['Municipality', 'Residents']",['Environmental'],[],Policy,,Not Verified,merge_engine,2026-05-25T03:12:12Z
f343babe-755b-4a21-b805-1df2d9abfa03,The Massachusetts Clean Energy Center,Boston,MA,"294 Washington St., 11th",02108,https://www.masscec.com,unknown,617-315-9300,"The Massachusetts Clean Energy Center (MassCEC) supports the transition to clean energy through various programs and initiatives, focusing on climate solution innovation to meet Massachusetts emission reduction goals while growing the state’s clean energy economy.",Municipality,State / National,"['Businesses', 'Municipality', 'Residents']","['Energy Efficiency', 'Environmental', 'Green Economics', 'Transportation']",[],Community Engagement,,Not Verified,merge_engine,2026-05-25T03:12:12Z
f34dd497-7111-4b9f-ba41-fa336e4ca64b,Green Waltham,Waltham,MA,"Waltham, MA",02451,http://www.greenwaltham.org,unknown,unknown,Green Waltham works on initiatives to reduce energy consumption and promote sustainability in the community.,Nonprofit / Grassroots,unknown,['unknown'],['Unknown'],[],Unknown,,Not Verified,merge_engine,2026-05-25T03:12:12Z
f35f2eaa-2ed3-4352-b86a-97ad6530bc4c,Pinefield Energy Transition Coalition,Pinefield,MA,456 Greenway Ave,12345,http://www.pinefieldenergytransition.org,unknown,unknown,Working on electrification and energy transition projects in the community.,Nonprofit / Grassroots,Town / City,['Residents'],['Energy Efficiency'],[],Community Engagement,,Not Verified,merge_engine,2026-05-25T03:12:12Z
f3ed180a-66cb-43c5-84d4-9371a61e4c0d,Sustainable Fairfax,Fairfax,CA,"Fairfax, CA",94930,http://sustainablefairfax.org/,unknown,unknown,"Sustainable Fairfax focuses on local sustainability initiatives, including climate action and community resilience programs.",Nonprofit / Grassroots,Town / City,['Residents'],['Unknown'],[],Community Engagement,,Not Verified,merge_engine,2026-05-25T03:12:12Z
f40140e9-4f14-46bc-a502-c4dd64ed1a52,Berkshire Environmental Action Team,Peru,MA,20 Bank Row,01201,https://www.beatnb.org/,unknown,unknown,"The Berkshire Environmental Action Team (BEAT) focuses on climate change advocacy and education, promoting local climate action initiatives.",Nonprofit / Grassroots,Regional,['Residents'],['Environmental'],[],Community Engagement,,Not Verified,merge_engine,2026-05-25T03:12:12Z
f4042ff1-90d6-49b5-ae37-01d36fd5ab84,Lowell Climate Action Coalition,Lowell,MA,375 Merrimack St,01852,http://www.lowellclimateaction.org,unknown,unknown,The Lowell Climate Action Coalition works on local climate action initiatives and community engagement.,Nonprofit / Grassroots,Town / City,['Residents'],['Unknown'],[],Community Engagement,,Not Verified,merge_engine,2026-05-25T03:12:12Z
f40d9d4f-8f01-49d0-abee-28db5120616a,Santa Barbara County Energy and Sustainability Division,Santa Barbara,CA,"123 E Anapamu St, Santa Barbara, CA 93101",93101,https://www.countyofsb.org/energy,unknown,unknown,The Energy and Sustainability Division focuses on energy efficiency programs and climate action planning for Santa Barbara County.,Nonprofit / Grassroots,Regional,"['Businesses', 'Municipality', 'Residents']","['Energy Efficiency', 'Environmental']",[],Community Engagement,,Not Verified,merge_engine,2026-05-25T03:12:12Z
f4205cef-26c0-48b0-baad-6062282a3b8f,Emeryville Climate Action Committee,Emeryville,CA,"Emeryville City Hall, 1333 Park Ave",94608,https://www.emeryville.org/,unknown,unknown,The Emeryville Climate Action Committee is established to address climate change issues and implement local climate action plans.,Nonprofit / Grassroots,Town / City,"['Municipality', 'Residents']","['Environmental', 'Energy Efficiency']",[],Policy,,Not Verified,merge_engine,2026-05-25T03:12:12Z
f4257de9-02ec-43aa-b8cd-9287d179a9bb,Fresno County Office of Climate Action,Fresno,CA,2220 Tulare St,93721,https://www.co.fresno.ca.us/departments/public-health/climate-action,unknown,unknown,The office is dedicated to implementing climate action plans and policies in Fresno County.,Municipal / Government-affiliated,Regional,"['Municipality', 'Residents']",['Environmental'],[],Policy,,Not Verified,merge_engine,2026-05-25T03:12:12Z
f47738e9-8003-408a-b329-9f9dcd1b2c91,Concord Climate Action Committee,Concord,MA,"Vallejo City Hall, 555 Santa Clara St",94590,https://concordma.gov/3324/Climate-Action-Committee,unknown,unknown,The Vallejo Climate Action Committee focuses on reducing greenhouse gas emissions and promoting sustainability initiatives in the city.,Nonprofit / Grassroots,"[""Town / City""]","['Residents', 'Businesses']","['Energy Efficiency', 'Transportation', 'Environmental', 'Food & Food Waste', 'Waste Reduction']",[],Community Engagement,,Verified,merge_engine,2026-05-25T00:27:17Z
f513af5d-4f49-4b88-868d-d855d665b7eb,Seacoast Energy Hub,Exeter,NH,"Exeter, NH",03833,https://www.seacoastenergyhub.org,unknown,unknown,"Seacoast Energy Hub promotes energy efficiency and renewable energy solutions in the Seacoast region, contributing to emissions reduction.",Nonprofit / Grassroots,Regional,['Residents'],['Energy Efficiency'],[],Community Engagement,,Not Verified,merge_engine,2026-05-25T03:12:12Z
f53b609b-c799-426a-9b0b-ed862da659bb,Portsmouth Energy Advisory Committee,Portsmouth,NH,"Portsmouth, NH",03801,https://www.cityofportsmouth.com/energy-advisory-committee,unknown,unknown,The Portsmouth Energy Advisory Committee focuses on energy efficiency and sustainability initiatives to reduce emissions in the city.,Municipality,Town / City,"['Municipality', 'Residents']",['Energy Efficiency'],[],Community Engagement,,Not Verified,merge_engine,2026-05-25T03:12:12Z
f577f1c6-b568-48d5-8ce7-ee75b5b7dfdd,Boylston Climate Action Committee,Boylston,MA,140 Sewall St,01505,https://concordma.gov/3324/Climate-Action-Committee,unknown,unknown,The Boylston Climate Action Committee focuses on initiatives to reduce greenhouse gas emissions and promote sustainability in the community.,Municipal / Government-affiliated,"[""Town / City""]","['Residents', 'Businesses']","['Energy Efficiency', 'Transportation', 'Environmental', 'Food & Food Waste', 'Waste Reduction']",[],Community Engagement,,Verified,merge_engine,2026-05-25T00:27:17Z
f5921290-9d8b-4258-b337-f16227dbfa3b,Youth Climate Action Network,Santa Rosa,CA,PO Box 1234,95401,https://youthclimateactionnetwork.org,unknown,unknown,The network engages youth in climate education and advocacy efforts.,Nonprofit / Grassroots,Regional,['Residents'],['Environmental'],[],Community Engagement,,Not Verified,merge_engine,2026-05-25T03:12:12Z
f5a0ed2f-f39a-4205-bce6-36f5788e5a89,Island Grown Initiative,Chilmark,MA,PO Box 1000,02535,https://www.islandgrown.org/,unknown,unknown,"The Island Grown Initiative focuses on local food systems and sustainability, which includes climate resilience and adaptation strategies.",Nonprofit / Grassroots,Regional,['Residents'],['Food & Food Waste'],[],Community Engagement,,Not Verified,merge_engine,2026-05-25T03:12:12Z
f5b9c945-342b-4c8e-ae6a-33087ce0d842,Sustainable Seacoast,South Hampton,NH,PO Box 1344,03833,https://www.sustainableseacoast.org/,unknown,unknown,Sustainable Seacoast works on initiatives that promote sustainability and climate action in the Seacoast area of New Hampshire.,Nonprofit / Grassroots,Regional,['Residents'],['Unknown'],[],Community Engagement,,Not Verified,merge_engine,2026-05-25T03:12:12Z
f5ca9f3a-529e-4b42-9593-a08cf1afb207,Green Culver City,Culver City,CA,"Culver City, CA",90232,http://www.greenculvercity.org/,unknown,unknown,Green Culver City focuses on local climate action initiatives and sustainability practices.,Nonprofit / Grassroots,Town / City,['Residents'],['Environmental'],[],Community Engagement,,Not Verified,merge_engine,2026-05-25T03:12:12Z
f5e8f0ff-6b30-4cdb-97e0-1d96a0e6d7a6,Topsfield Climate Action,Topsfield,MA,8 West Common St,01983,http://www.topsfieldclimateaction.org,unknown,unknown,Topsfield Climate Action focuses on local initiatives to reduce carbon emissions and promote sustainability in the community.,Nonprofit / Grassroots,Town / City,['Residents'],['Environmental'],[],Community Engagement,,Not Verified,merge_engine,2026-05-25T03:12:12Z
f614fe06-40bb-48d1-b7d8-25a3216f9028,Palm Springs Clean Energy Initiative,Palm Springs,CA,4567 Solar Way,92262,http://www.pscleanenergy.org,unknown,unknown,Focuses on transitioning to clean energy sources and reducing carbon emissions in Palm Springs.,Nonprofit / Grassroots,Town / City,['Residents'],['Energy Efficiency'],[],Community Engagement,,Not Verified,merge_engine,2026-05-25T03:12:12Z
f6632d22-9a85-4135-9452-e890410785b8,Sustainable La Puente,La Puente,CA,"La Puente, CA",91744,http://www.sustainablelapuente.org,unknown,unknown,Sustainable La Puente focuses on local sustainability initiatives and climate action programs.,Nonprofit / Grassroots,Town / City,['Residents'],['Unknown'],[],Community Engagement,,Not Verified,merge_engine,2026-05-25T03:12:12Z
f66426e1-fb01-4a97-9ff2-a2dbd4041b42,Shasta Climate Action Network,Redding,CA,5678 Pine St,96001,http://www.shastaclimateaction.org,unknown,unknown,Works on climate action initiatives and community resilience projects.,Nonprofit / Grassroots,Regional,['Residents'],['Unknown'],[],Community Engagement,,Not Verified,merge_engine,2026-05-25T03:12:12Z
f66c4628-a9e2-46e0-877f-95abea5744e4,Norwich Energy Committee,Norwich,VT,3 North Lowell Road,03087,https://norwichenergycommittee.weebly.com/,unknown,(603) 965-1201,The Windham Energy Committee focuses on energy efficiency and renewable energy initiatives to reduce carbon emissions in the community.,Municipal / Government-affiliated,[],['Residents'],['Energy Efficiency'],[],Community Engagement,,Verified,merge_engine,2026-05-25T00:27:17Z
f6fa94c7-e4d0-4878-8792-815df887593c,Berkshire Environmental Action Team,Washington,MA,20 Bank Row,01201,https://www.beatinc.org/,unknown,unknown,"BEAT works to protect the environment and promote sustainability through education and advocacy, including climate action initiatives.",Nonprofit / Grassroots,Regional,['Residents'],['Environmental'],[],Community Engagement,,Not Verified,merge_engine,2026-05-25T03:12:12Z
f7062238-4166-4066-98c3-1f55e16365c5,Concord Climate Action Committee,Concord,MA,1000 San Pablo Ave,94706,https://concordma.gov/3324/Climate-Action-Committee,unknown,unknown,The Albany Climate Action Committee focuses on reducing greenhouse gas emissions and promoting sustainability in Albany.,Nonprofit / Grassroots,"[""Town / City""]","['Residents', 'Businesses']","['Energy Efficiency', 'Transportation', 'Environmental', 'Food & Food Waste', 'Waste Reduction']",[],Community Engagement,,Verified,merge_engine,2026-05-25T00:27:17Z
f70ca2b8-40a3-4533-8c7a-910c999f31f3,Sustainable La Habra,La Habra,CA,"789 Oak St, La Habra, CA 90631",90631,http://www.sustainablelahabra.org,unknown,unknown,Programs focused on sustainability practices and climate education for residents.,Nonprofit / Grassroots,Town / City,['Residents'],['Environmental'],[],Community Engagement,,Not Verified,merge_engine,2026-05-25T03:12:12Z
f736de86-d516-4d90-9a11-69a40a1f27d5,San Ramon Valley Unified School District,San Ramon,CA,"699 Old Orchard Dr, Danville, CA 94526",94583,http://www.srvusd.net,unknown,unknown,The San Ramon Valley Unified School District implements climate education programs and sustainability initiatives to reduce energy consumption in schools.,Municipality,Regional,"['Municipality', 'Residents']",['Energy Efficiency'],[],Community Engagement,,Not Verified,merge_engine,2026-05-25T03:12:12Z
f772450a-a0ca-410a-b4cc-a8a7710106fd,Sustainable Yucca Valley,Yucca Valley,CA,"Yucca Valley, CA",92284,http://sustainableyuccavalley.org,unknown,unknown,Sustainable Yucca Valley focuses on local sustainability initiatives and climate action programs.,Nonprofit / Grassroots,unknown,['unknown'],['Unknown'],[],Unknown,,Not Verified,merge_engine,2026-05-25T03:12:12Z
f784417c-b1e9-436b-9004-7bdd3b92c270,North Bay Climate Action Network,Healdsburg,CA,"Petaluma City Hall, 11 English St",94952,https://www.northbayclimateaction.org,unknown,unknown,"The North Bay Climate Action Network focuses on collaborative climate action efforts across the North Bay region, including Healdsburg.",Nonprofit / Grassroots,Regional,['Residents'],['Unknown'],[],Community Engagement,,Not Verified,merge_engine,2026-05-25T03:12:12Z
f7c06e80-65d5-479c-8582-cae7834b41bb,Sustainable San Leandro,San Leandro,CA,"City Hall, 835 E 14th St",94577,https://www.sanleandro.org/depts/cd/sustainability/default.asp,unknown,unknown,The City of San Leandro has a sustainability program that includes climate action initiatives.,Nonprofit / Grassroots,Town / City,"['Municipality', 'Residents']",['Unknown'],[],Unknown,,Not Verified,merge_engine,2026-05-25T03:12:12Z
f7cde7af-5032-4ee0-8f64-b844b0982da8,Franklin Regional Council of Governments,Gill,MA,12 Olive Street,01301,https://franklincog.org/,noel.forrester@franklincog.org,706-675-1658,The Franklin Regional Council of Governments works on regional climate action initiatives and sustainability planning.,Nonprofit / Grassroots,Regional,"['Businesses', 'Municipality', 'Residents']",['Environmental'],[],Community Engagement,,Not Verified,merge_engine,2026-05-25T03:12:12Z
f8157f47-23bd-4185-9155-b0e5f545e6a5,Sustainable San Gabriel,San Gabriel,CA,100 S Mission Dr,91776,http://www.sustainablesangabriel.org,unknown,unknown,Sustainable San Gabriel focuses on promoting sustainable practices and climate action initiatives in the community.,Nonprofit / Grassroots,Town / City,['Residents'],['Environmental'],[],Community Engagement,,Not Verified,merge_engine,2026-05-25T03:12:12Z
f851049c-de1b-4742-8f7c-42d8a6f23c82,Sustainable Waltham,Waltham,MA,"Waltham, MA",02451,http://www.sustainablewaltham.org,unknown,unknown,Sustainable Waltham focuses on sustainability practices and climate action initiatives in the community.,Nonprofit / Grassroots,Town / City,['Residents'],['Environmental'],[],Community Engagement,,Not Verified,merge_engine,2026-05-25T03:12:12Z
f8589768-e74b-46e8-ab07-bb1d5318b5cd,Upper Valley Adaptation Workgroup,Fairlee,VT,1 Mascoma St,03766,https://uvaw.org/,info@uvaw.org,unknown,"The Upper Valley Adaptation Workgroup (UVAW) is a coalition focused on building climate resilient communities in the Upper Valley region through research, information sharing, and education.",Nonprofit / Grassroots,Regional,"['Businesses', 'Municipality', 'Residents']",['Environmental'],[],Community Engagement,,Not Verified,merge_engine,2026-05-25T03:12:12Z
f8648dfe-9709-422e-958c-e7f0e8270efb,Sustainable Burlington,Burlington,MA,149 Church Street,05401,https://sustainableburlington.org/,unknown,unknown,Sustainable Burlington works on initiatives that address climate change and promote sustainability in the community.,Nonprofit / Grassroots,"[""Town / City""]","['Residents', 'Municipality']","['Energy Efficiency', 'Food & Food Waste', 'Waste Reduction']",[],Community Engagement,,Verified,merge_engine,2026-05-25T00:27:17Z
f880d5ac-9412-4fd4-b745-51a5729518b4,Malden Climate Action,Malden,MA,"Malden City Hall, 200 Pleasant St",02148,http://www.cityofmalden.org/climateaction,unknown,unknown,The Malden Climate Action initiative aims to reduce greenhouse gas emissions and promote sustainable practices in the city.,Nonprofit / Grassroots,Town / City,"['Municipality', 'Residents']","['Green Economics', 'Energy Efficiency']",[],Community Engagement,,Not Verified,merge_engine,2026-05-25T03:12:12Z
f8cf5fbe-8b36-48d9-822d-21847a4e1807,Western Massachusetts Network to End Homelessness,Curzon Mill,MA,123 Main St,01103,https://www.wmneh.org,unknown,unknown,The Western Massachusetts Network to End Homelessness addresses environmental justice issues related to housing and climate impacts.,Nonprofit / Grassroots,Regional,['Residents'],['Unknown'],[],Community Engagement,,Not Verified,merge_engine,2026-05-25T03:12:12Z
f8d7c903-09f3-44b1-8ab4-586f196c3774,Solano County Climate Action Coalition,Benicia,CA,1000 Main St,94510,http://solanoclimate.org,unknown,unknown,Works on regional climate action initiatives and policy advocacy.,Nonprofit / Grassroots,Regional,"['Businesses', 'Municipality', 'Residents']",['Unknown'],[],Policy,,Not Verified,merge_engine,2026-05-25T03:12:12Z
f8e63a03-b004-45a7-85f2-76ca8a8eba2d,Concord Energy and Environment Advisory Committee,Concord,NH,41 Green Street,03301,https://www.concordnh.gov/,unknown,603-225-8610,"The Concord Energy and Environment Advisory Committee focuses on energy efficiency, renewable energy, and climate action initiatives in Concord.",Municipal / Government-affiliated,Town / City,"['Municipality', 'Residents']","['Energy Efficiency', 'Environmental']",[],Community Engagement,,Not Verified,merge_engine,2026-05-25T03:12:12Z
f8f9c9bb-8c1f-45a2-b756-1b5c4dba9479,Somerville Community Corporation (SCC),Somerville,MA,"337 Somerville Avenue, Second",02143,https://www.somervillecdc.org/,info@somervillecdc.org,(617) 410-9905,"Somerville Community Corporation (SCC) empowers residents to sustain a diverse and affordable Somerville through community building, economic mobility, and affordable housing initiatives.",Nonprofit / Grassroots,Town / City,['Residents'],['Green Economics'],[],Community Engagement,,Not Verified,merge_engine,2026-05-25T03:12:12Z
f91be4e6-21f6-4233-9369-03e49b895ebb,Easthampton Community Garden,Easthampton,MA,"Easthampton Community Center, 99 Park St",01027,https://www.easthamptoncommunitygarden.org,unknown,unknown,"The Community Garden promotes local food production and sustainability practices, which contribute to climate resilience.",Nonprofit / Grassroots,Town / City,['Residents'],['Food & Food Waste'],[],Community Engagement,,Not Verified,merge_engine,2026-05-25T03:12:12Z
f9287332-0702-4142-bce9-1b6c3d82addd,Westminster Youth Climate Advocates,Westminster,CA,7890 Main St,92683,http://www.westminsteryouthclimate.org,unknown,unknown,"This organization engages youth in climate education and advocacy, focusing on local climate action initiatives.",Nonprofit / Grassroots,Town / City,['Residents'],['Environmental'],[],Community Engagement,,Not Verified,merge_engine,2026-05-25T03:12:12Z
f9713d78-cf43-43d4-88c0-20840f192941,Concord Climate Action Committee,Concord,MA,99 E Ramsey St,92220,https://concordma.gov/3324/Climate-Action-Committee,unknown,951-922-3100,The Banning Climate Action Committee focuses on local climate initiatives and resilience planning.,Municipal / Government-affiliated,"[""Town / City""]","['Residents', 'Businesses']","['Energy Efficiency', 'Transportation', 'Environmental', 'Food & Food Waste', 'Waste Reduction']",[],Community Engagement,,Verified,merge_engine,2026-05-25T00:27:17Z
f9846bbe-b672-438c-80ef-32bce732e651,Sustainable Plymouth,Plymouth,MA,158 Center Hill Rd,02360,http://www.sustainableplymouth.org,SustainablePlymouth@gmail.com,unknown,"Sustainable Plymouth is a volunteer-led nonprofit that connects residents, organizations, and local government to encourage sustainability in Plymouth, Massachusetts. They organize educational events, volunteer opportunities, and facilitate working groups to address environmental challenges.",Nonprofit / Grassroots,Town / City,"['Businesses', 'Municipality', 'Residents']","['Environmental', 'Waste Reduction', 'Energy Efficiency']",[],Community Engagement,,Not Verified,merge_engine,2026-05-25T03:12:12Z
f9ca84fc-b950-44da-9e70-badfdb5cd3a2,New Hampshire Sustainable Energy Association,Springfield,NH,2 Pillsbury Street,03301,https://www.nhsea.org/,unknown,unknown,The NH Sustainable Energy Association advocates for clean energy solutions and policies that reduce greenhouse gas emissions.,Nonprofit / Grassroots,unknown,['unknown'],['Unknown'],[],Unknown,,Not Verified,merge_engine,2026-05-25T03:12:12Z
f9dc6428-b1f2-47e0-b3c6-a4ae0f638f8d,Gloucester Resilience Committee,East Gloucester,MA,654 Shore Dr,01930,https://www.gloucesterresilience.org,unknown,unknown,Develops strategies for climate adaptation and community resilience.,Nonprofit / Grassroots,Town / City,['Residents'],['Environmental'],[],Community Engagement,,Not Verified,merge_engine,2026-05-25T03:12:12Z
f9e7050a-4e5f-47dd-b893-5dc501f57afb,UNH Sustainability Institute,Durham,NH,"105 Main St, Durham, NH 03824",03824,https://sustainability.unh.edu,unknown,unknown,The UNH Sustainability Institute promotes sustainability initiatives and climate education at the University of New Hampshire.,Academic,State / National,"['Businesses', 'Municipality', 'Residents']",['Environmental'],[],Community Engagement,,Not Verified,merge_engine,2026-05-25T03:12:12Z
fa0166ae-c878-4fe9-b219-6692ab64f196,Sustainable Lake Elsinore,Lake Elsinore,CA,123 Main St,92530,http://www.sustainablelakeelsinore.org,unknown,unknown,Focus on local sustainability initiatives and climate action programs.,Nonprofit / Grassroots,Town / City,['Residents'],['Unknown'],[],Community Engagement,,Not Verified,merge_engine,2026-05-25T03:12:12Z
fa286182-4304-431a-9d6f-03b29efbe0fd,Climate Action Dinuba,Dinuba,CA,123 Main St,93618,http://climateactiondinuba.org,unknown,unknown,Focus on local climate initiatives and community engagement for climate action.,Nonprofit / Grassroots,Town / City,['Residents'],['Unknown'],[],Community Engagement,,Not Verified,merge_engine,2026-05-25T03:12:12Z
fa5cfe05-9257-45e0-9bd7-58ce34e204d0,Lowell Climate Action,Lowell Junction,MA,50 Arcand Drive,01852,http://www.lowellclimateaction.org,unknown,unknown,Lowell Climate Action focuses on reducing carbon emissions and promoting sustainability initiatives in the city.,Nonprofit / Grassroots,Town / City,['Residents'],"['Environmental', 'Energy Efficiency']",[],Community Engagement,,Not Verified,merge_engine,2026-05-25T03:12:12Z
faf3c363-1a6a-4a96-bc62-7adc23a8b191,Clean Energy Massachusetts,Marsh Corner,MA,unknown,01060,https://cleanenergymass.org/,unknown,unknown,Clean Energy Massachusetts promotes clean energy solutions and electrification initiatives.,Nonprofit / Grassroots,unknown,['unknown'],['Energy Efficiency'],[],Unknown,,Not Verified,merge_engine,2026-05-25T03:12:12Z
fb2f03ad-2ff9-4c2f-8d9b-c033fb37f753,Hermosa Beach Climate Action Team,Hermosa Beach,CA,"Hermosa Beach City Hall, 1315 Valley Dr",90254,https://www.hermosabeach.gov/departments/planning/climate-action-team,unknown,unknown,The Climate Action Team is focused on reducing greenhouse gas emissions and promoting sustainability initiatives in Hermosa Beach.,Municipal / Government-affiliated,Town / City,"['Municipality', 'Residents']","['Environmental', 'Energy Efficiency']",[],Community Engagement,,Not Verified,merge_engine,2026-05-25T03:12:12Z
fb4840ab-6cbe-4387-adcf-64a937a2d6ad,North Andover Climate Committee,North Andover,MA,"North Andover, MA",01845,http://www.northandoverma.gov/climate-committee,unknown,unknown,The committee works on climate action plans and sustainability initiatives.,Municipal / Government-affiliated,Town / City,"['Municipality', 'Residents']",['Unknown'],[],Community Engagement,,Not Verified,merge_engine,2026-05-25T03:12:12Z
fb7f615a-722e-4143-88cb-287752912017,Saugus Youth Climate Coalition,Saugus,MA,"Saugus High School, 1 Pearce Memorial Dr",01906,http://www.saugusyouthclimate.org,unknown,unknown,The Saugus Youth Climate Coalition engages students in climate education and advocacy for local climate policies.,Nonprofit / Grassroots,Town / City,['Residents'],['Environmental'],[],Community Engagement,,Not Verified,merge_engine,2026-05-25T03:12:12Z
fb942568-21d2-45cb-acf1-4f2a024f499f,UMass Amherst Climate System Research Center,Amherst,MA,University of Massachusetts Amherst,01003,https://www.climate.umass.edu,unknown,unknown,The Climate System Research Center conducts research on climate change and its impacts.,Academic,State / National,"['Businesses', 'Municipality', 'Residents']",['Environmental'],[],Policy,,Not Verified,merge_engine,2026-05-25T03:12:12Z
fc437cb0-374d-4ba0-923a-7f6e5dd1f0f3,The Climate Reality Project - Long Beach Chapter,Long Beach,CA,unknown,90802,https://www.climaterealityproject.org,unknown,unknown,"The Climate Reality Project - Long Beach Chapter engages in climate education and advocacy efforts in the Long Beach area, working towards a sustainable and just net zero future.",Nonprofit / Grassroots,Regional,['Residents'],"['Environmental', 'Energy Efficiency']",[],Community Engagement,,Not Verified,merge_engine,2026-05-25T03:12:12Z
fc4451b9-2d56-40f7-b768-cd3007618bb2,Sustainable Foster City,Foster City,CA,"Foster City, CA",94404,http://www.sustainablefostercity.org,unknown,unknown,Sustainable Foster City focuses on reducing carbon emissions and promoting sustainability initiatives in the community.,Nonprofit / Grassroots,Town / City,['Residents'],"['Green Economics', 'Energy Efficiency']",[],Community Engagement,,Not Verified,merge_engine,2026-05-25T03:12:12Z
fc4684b1-5486-40c5-881a-d0b3920f6ddc,Klamath Riverkeeper,Tulelake,CA,PO Box 837,97601,https://www.klamathriverkeeper.org,unknown,unknown,Klamath Riverkeeper works on water quality and climate resilience in the Klamath Basin.,Nonprofit / Grassroots,Regional,['Residents'],['Environmental'],[],Conservation,,Not Verified,merge_engine,2026-05-25T03:12:12Z
fc4b6133-c519-4fc7-9a62-917d3e47302f,Riverside Resilience Committee,Riverside,MA,321 Resilience Blvd,01039,http://www.riversideresilience.org,unknown,unknown,The Riverside Resilience Committee focuses on climate adaptation strategies for local infrastructure.,Nonprofit / Grassroots,Town / City,['Residents'],['Environmental'],[],Community Engagement,,Not Verified,merge_engine,2026-05-25T03:12:12Z
fc4d685a-4e6e-4f40-b9df-d409e6afd28e,Climate Reality Project - Los Angeles Chapter,Redondo Beach,CA,"Los Angeles, CA",90012,http://www.climaterealityproject.org,unknown,unknown,"The Climate Reality Project - Los Angeles Chapter focuses on climate education and advocacy efforts in the Los Angeles area, working towards a just and sustainable net zero future.",Nonprofit / Grassroots,Regional,['Residents'],"['Environmental', 'Energy Efficiency']",[],Community Engagement,,Not Verified,merge_engine,2026-05-25T03:12:12Z
fc61608f-3dee-416e-98f6-90d222191625,Los Angeles County Climate Action Plan,Calabasas,CA,"500 W Temple St, Room 365",91302,https://www.lacounty.gov/climate-action-plan,unknown,unknown,Los Angeles County's Climate Action Plan outlines strategies for reducing greenhouse gas emissions and adapting to climate change.,Municipal / Government-affiliated,Regional,"['Municipality', 'Residents']",['Environmental'],[],Policy,,Not Verified,merge_engine,2026-05-25T03:12:12Z
fcab419c-c4f5-45a6-b3c9-1b95fe079773,Sustainable Raynham,Raynham,MA,unknown,02767,http://sustainableraynham.org,unknown,unknown,unknown,Nonprofit / Grassroots,unknown,['unknown'],['Unknown'],[],Unknown,,Not Verified,merge_engine,2026-05-25T03:12:12Z
fd3a10c4-73ed-446a-8afe-f54c40eb53c8,Davis Joint Unified School District - Climate Action,Davis,CA,"526 B St, Davis, CA 95616",95616,https://www.djusd.net,unknown,unknown,Davis Joint Unified School District focuses on climate education and sustainability initiatives for students.,Academic,Town / City,['Residents'],['Environmental'],[],Community Engagement,,Not Verified,merge_engine,2026-05-25T03:12:12Z
fd3c475e-d964-491c-8999-9b25f134b04a,Sustainable Montpelier Coalition,Waitsfield,VT,PO Box 123,05602,http://sustainablemontpelier.org,unknown,unknown,The coalition promotes sustainability initiatives including climate action and energy efficiency in Montpelier.,Nonprofit / Grassroots,Regional,['Residents'],"['Environmental', 'Energy Efficiency']",[],Community Engagement,,Not Verified,merge_engine,2026-05-25T03:12:12Z
fd49aff4-b2f7-45e6-bc19-1ff618339066,Concord Climate Action Committee,Concord,MA,5678 S Wilmington Ave,90220,https://concordma.gov/3324/Climate-Action-Committee,unknown,unknown,Dedicated to implementing climate action plans in Compton.,Nonprofit / Grassroots,"[""Town / City""]","['Residents', 'Businesses']","['Energy Efficiency', 'Transportation', 'Environmental', 'Food & Food Waste', 'Waste Reduction']",[],Community Engagement,,Verified,merge_engine,2026-05-25T00:27:17Z
fd78302a-c8f9-4903-a0e5-a14418a3eb25,Sustainable Contra Costa,Orinda,CA,1515 Treat Blvd,94596,https://sustainablecoco.org/,unknown,unknown,"Sustainable Contra Costa is a community organization that connects people with sustainable solutions and mobilizes actions to save water and energy, reduce waste, and promote community wellness.",Nonprofit / Grassroots,Regional,"['Businesses', 'Municipality', 'Residents']","['Environmental', 'Waste Reduction', 'Energy Efficiency', 'Food & Food Waste']",[],Community Engagement,,Not Verified,merge_engine,2026-05-25T03:12:12Z
fd809580-8386-4c5b-b027-20bad7a31e29,Bedford Climate Action Network,Bedford,MA,"Bedford, MA",01730,https://www.bedfordclimateaction.org,unknown,unknown,The Bedford Climate Action Network is dedicated to reducing greenhouse gas emissions and promoting sustainable practices in the community.,Nonprofit / Grassroots,Town / City,['Residents'],"['Environmental', 'Energy Efficiency']",[],Community Engagement,,Not Verified,merge_engine,2026-05-25T03:12:12Z
fd86daf5-1b7c-4fe7-95f3-c8cc64c1379e,Los Angeles County Climate Action Plan,Hidden Hills,CA,"500 W Temple St, Room 365",90012,https://www.lacounty.gov/climate-action-plan,unknown,unknown,Los Angeles County's Climate Action Plan outlines strategies for emissions reduction and climate resilience.,Municipal / Government-affiliated,Regional,"['Businesses', 'Municipality', 'Residents']",['Environmental'],[],Policy,,Not Verified,merge_engine,2026-05-25T03:12:12Z
fd9f793a-aa01-442c-94eb-4472d03d511f,Massachusetts Climate Action Network,haverhill,MA,1 Broadway,01830,https://www.massclimateaction.org/,unknown,unknown,The Massachusetts Climate Action Network supports local climate action initiatives and advocates for policies to reduce emissions.,Nonprofit / Grassroots,State / National,"['Businesses', 'Municipality', 'Residents']",['Environmental'],[],Community Engagement,,Not Verified,merge_engine,2026-05-25T03:12:12Z
fdc77a60-7ecc-416a-8882-344951894bdd,Cape Ann Climate Coalition,gloucester,MA,"Gloucester City Hall, 9 Dale Ave",01930,https://capeannclimatecoalition.org,unknown,unknown,"The Cape Ann Climate Coalition is focused on climate action and resilience efforts in the Cape Ann area, including Annisquam.",Nonprofit / Grassroots,"[""Town / City"", ""State / National""]",['Residents'],"['Energy Efficiency', 'Transportation', 'Environmental', 'Waste Reduction']",[],Community Engagement,,Verified,merge_engine,2026-05-25T03:12:12Z
fdcca890-e67a-4457-b5e2-247787b24653,Boston Climate Action Network,Cliftondale,MA,City Hall,02108,https://www.boston.gov/departments/environment/climate-action,unknown,unknown,Boston Climate Action Network aims to reduce greenhouse gas emissions and prepare for climate impacts.,Municipal / Government-affiliated,Town / City,"['Municipality', 'Residents']","['Energy Efficiency', 'Environmental']",[],Community Engagement,,Not Verified,merge_engine,2026-05-25T03:12:12Z
fdcdc713-b2c4-4a2a-b08e-5b535759c85e,South Bay Cities Council of Governments (SBCCOG),Torrance,CA,20285 S Western Ave,90503,https://www.southbaycities.org/,unknown,unknown,"The South Bay Cities Council of Governments (SBCCOG) is a joint powers authority government agency of 16 cities and Los Angeles County that focuses on maximizing the quality of life and productivity of the South Bay subregion of Los Angeles through cooperation, collaboration, and innovation in areas such as transportation, environment, and economic development.",Nonprofit / Grassroots,Regional,"['Municipality', 'Residents']","['Environmental', 'Energy Efficiency', 'Transportation']",[],Community Engagement,,Not Verified,merge_engine,2026-05-25T03:12:12Z
fdd0c666-ae21-47d3-8bb5-229abb45e167,Northborough Climate Action Committee,Northborough,MA,"Northborough, MA",01532,http://www.town.northborough.ma.us/climate-action-committee,unknown,unknown,The Northborough Climate Action Committee works on local climate initiatives and promotes sustainability practices within the community.,Municipal / Government-affiliated,"[""Town / City""]","['Residents', 'Businesses']","['Energy Efficiency', 'Transportation', 'Environmental', 'Food & Food Waste', 'Waste Reduction']",[],Community Engagement,,Verified,merge_engine,2026-05-25T00:27:17Z
fdd6da87-5e54-471a-93aa-3c4622146c73,Carlisle Climate Action,Carlisle,MA,"Carlisle Town Hall, 66 Westford St",01741,https://www.carlislema.gov/,ggallimore@carlislema.gov,978-759-7610,The Town of Carlisle has a Climate Action Plan that focuses on reducing greenhouse gas emissions and promoting sustainability.,Municipal / Government-affiliated,Town / City,"['Municipality', 'Residents']","['Environmental', 'Energy Efficiency']",[],Policy,,Not Verified,merge_engine,2026-05-25T03:12:12Z
fe0a2369-a063-4034-800a-0339317693f9,Resilient MA,Cliftondale,MA,100 Cambridge St,02108,https://www.resilientma.org/,unknown,unknown,Resilient MA focuses on building resilience to climate change impacts across Massachusetts.,Nonprofit / Grassroots,State / National,"['Municipality', 'Residents']",['Environmental'],[],Community Engagement,,Not Verified,merge_engine,2026-05-25T03:12:12Z
fe2aaef2-2d84-46e0-b5f5-371def0b09b5,Kern Climate Change Collaborative,Maricopa,CA,1501 20th St,93301,http://www.kernclimate.org,unknown,unknown,Kern Climate Change Collaborative works on climate action and resilience initiatives in Kern County.,Nonprofit / Grassroots,Regional,"['Businesses', 'Municipality', 'Residents']",['Unknown'],[],Community Engagement,,Not Verified,merge_engine,2026-05-25T03:12:12Z
fe65b8e9-2ebf-4539-87cd-abfa5bde0307,Temecula Climate Resilience Committee,Temecula,CA,"101 Resilience Rd, Temecula, CA 92592",92592,http://temeculaclimatecommittee.org,unknown,unknown,Focusing on climate adaptation strategies for local communities.,Nonprofit / Grassroots,Town / City,['Residents'],['Environmental'],[],Community Engagement,,Not Verified,merge_engine,2026-05-25T03:12:12Z
fe6ee9e7-7249-4fed-a8d1-098349da662b,Seacoast Climate Collaborative,North Hampton,NH,"North Hampton, NH",03862,https://www.seacoastclimate.org/,unknown,unknown,The Seacoast Climate Collaborative is focused on climate action and resilience in the Seacoast region of New Hampshire.,Nonprofit / Grassroots,Regional,['Residents'],['Unknown'],[],Community Engagement,,Not Verified,merge_engine,2026-05-25T03:12:12Z
fefa8882-38f7-4dab-88a8-e241a59d1690,Framingham Climate Action,Framingham,MA,"Framingham, MA",01701,https://www.framinghamclimateaction.org,unknown,unknown,Framingham Climate Action is dedicated to addressing climate change through local initiatives and community engagement.,Nonprofit / Grassroots,Town / City,['Residents'],['Environmental'],[],Community Engagement,,Not Verified,merge_engine,2026-05-25T03:12:12Z
ff16fd1e-3a4f-43d0-881b-d8bcc80cdfd0,Transition Sebastopol,Sebastopol,CA,unknown,95472,https://transitionsebastopol.org/,connect@transitionsebastopol.org,unknown,"Transition Sebastopol is a grassroots, all-volunteer movement focused on building community resilience and responding to challenges like resource depletion, climate change, and economic instability through local initiatives and education.",Nonprofit / Grassroots,Town / City,['Residents'],"['Environmental', 'Waste Reduction', 'Food & Food Waste', 'Energy Efficiency', 'Transportation']",[],Community Engagement,,Not Verified,merge_engine,2026-05-25T03:12:12Z
ff1b5a52-6311-43ef-ae80-7411f32f8969,Plumbush Climate Action Network,Plumbush,MA,123 Climate St,01234,http://www.plumbushclimateaction.org,unknown,unknown,Focus on local climate action initiatives and community resilience programs.,Nonprofit / Grassroots,Town / City,['Residents'],['Unknown'],[],Community Engagement,,Not Verified,merge_engine,2026-05-25T03:12:12Z
ff27b23b-4f7d-4132-a5cf-e8ad09e5c355,Vermont Energy Investment Corporation (VEIC),Winooski,VT,20 Winooski Falls Way 5th,05404,https://www.veic.org/,[email protected],1-800-639-6069,"VEIC is a nonprofit organization that designs innovative and holistic clean energy solutions to grow local economies, improve public health, and strengthen communities. They work with various partners to meet clean energy goals and have avoided over 115 million metric tons of CO2e emissions since 2000.",Nonprofit / Grassroots,State / National,"['Businesses', 'Municipality', 'Residents']","['Energy Efficiency', 'Transportation']",[],Community Engagement,,Not Verified,merge_engine,2026-05-25T03:12:12Z
ff6d0554-08fc-49fe-a872-647088742f33,Turlock Unified School District,Turlock,CA,1574 E Canal Dr,95380,http://www.turlock.k12.ca.us/,unknown,unknown,Turlock Unified School District implements climate education programs and sustainability initiatives in schools.,Municipal / Government-affiliated,Town / City,['Residents'],['Environmental'],[],Community Engagement,,Not Verified,merge_engine,2026-05-25T03:12:12Z
ffa19f9b-1040-4ccd-a985-2fd20ed38147,San Diego Green Building Council,San Diego,CA,9100 University Ave,92101,https://www.sdgbc.org,unknown,unknown,The San Diego Green Building Council promotes sustainable building practices and energy efficiency to reduce carbon emissions.,Nonprofit / Grassroots,Regional,"['Businesses', 'Residents']","['Energy Efficiency', 'Environmental']",[],Conservation,,Not Verified,merge_engine,2026-05-25T03:12:12Z
ffb43669-8136-4c5c-8532-0a46eade9f98,Sustainable Diamond Bar,Diamond Bar,CA,"Diamond Bar, CA",91765,http://sustainablediamondbar.org,unknown,unknown,Sustainable Diamond Bar focuses on local sustainability initiatives and climate action programs.,Nonprofit / Grassroots,unknown,['unknown'],['Unknown'],[],Unknown,,Not Verified,merge_engine,2026-05-25T03:12:12Z
ffc6d6c3-f27a-49f7-8849-12dfdb28eeca,Massachusetts Clean Energy Center (MassCEC),Boston,MA,"294 Washington St., 11th",02108,https://www.masscec.com,unknown,617-315-9300,"MassCEC supports clean energy innovation and workforce development, contributing to Massachusetts' climate goals by funding climate solution innovation, accelerating decarbonization, and growing the state's clean energy economy.",Nonprofit / Grassroots,State / National,"['Businesses', 'Municipality', 'Residents']","['Energy Efficiency', 'Transportation', 'Environmental']",[],Community Engagement,,Not Verified,merge_engine,2026-05-25T03:12:12Z
